{
	"credit": "Made with Blockbench",
	"texture_size": [64, 64],
	"textures": {
		"5": "item/unique/pets/cute_dragon"
	},
	"elements": [
		{
			"name": "tail",
			"from": [6.6, 8.52, 11.68],
			"to": [9.4, 11.32, 14.48],
			"rotation": {"angle": 0, "axis": "y", "origin": [8, 6, -4]},
			"faces": {
				"north": {"uv": [3.5, 7.5, 4.1875, 8.1875], "texture": "#5"},
				"east": {"uv": [7.5, 5, 8.1875, 5.6875], "texture": "#5"},
				"south": {"uv": [7.5, 5.75, 8.1875, 6.4375], "texture": "#5"},
				"west": {"uv": [7.5, 6.5, 8.1875, 7.1875], "texture": "#5"},
				"up": {"uv": [7.6875, 8.1875, 7, 7.5], "texture": "#5"},
				"down": {"uv": [0.6875, 7.75, 0, 8.4375], "texture": "#5"}
			}
		},
		{
			"name": "tail",
			"from": [7.72, 11.32, 12.24],
			"to": [8.28, 12.44, 13.92],
			"rotation": {"angle": 0, "axis": "y", "origin": [8, 6, -4]},
			"faces": {
				"north": {"uv": [7.5, 10.25, 7.625, 10.5], "texture": "#5"},
				"east": {"uv": [9.75, 7.25, 10.1875, 7.5], "texture": "#5"},
				"south": {"uv": [7.75, 10.25, 7.875, 10.5], "texture": "#5"},
				"west": {"uv": [1, 10, 1.4375, 10.25], "texture": "#5"},
				"up": {"uv": [1.375, 10.6875, 1.25, 10.25], "texture": "#5"},
				"down": {"uv": [1.625, 10.25, 1.5, 10.6875], "texture": "#5"}
			}
		},
		{
			"name": "tail",
			"from": [6.6, 8.52, 14.48],
			"to": [9.4, 11.32, 17.28],
			"rotation": {"angle": 0, "axis": "y", "origin": [8, 6, -4]},
			"faces": {
				"north": {"uv": [0.75, 7.75, 1.4375, 8.4375], "texture": "#5"},
				"east": {"uv": [1.5, 7.75, 2.1875, 8.4375], "texture": "#5"},
				"south": {"uv": [4.25, 7.75, 4.9375, 8.4375], "texture": "#5"},
				"west": {"uv": [5, 7.75, 5.6875, 8.4375], "texture": "#5"},
				"up": {"uv": [8.4375, 8.1875, 7.75, 7.5], "texture": "#5"},
				"down": {"uv": [6.4375, 8, 5.75, 8.6875], "texture": "#5"}
			}
		},
		{
			"name": "tail",
			"from": [7.72, 11.32, 15.04],
			"to": [8.28, 12.44, 16.72],
			"rotation": {"angle": 0, "axis": "y", "origin": [8, 6, -4]},
			"faces": {
				"north": {"uv": [10.25, 7.75, 10.375, 8], "texture": "#5"},
				"east": {"uv": [1.5, 10, 1.9375, 10.25], "texture": "#5"},
				"south": {"uv": [8, 10.25, 8.125, 10.5], "texture": "#5"},
				"west": {"uv": [3.5, 10, 3.9375, 10.25], "texture": "#5"},
				"up": {"uv": [10.375, 1.9375, 10.25, 1.5], "texture": "#5"},
				"down": {"uv": [1.875, 10.25, 1.75, 10.6875], "texture": "#5"}
			}
		},
		{
			"name": "tail",
			"from": [6.6, 8.52, 17.28],
			"to": [9.4, 11.32, 20.08],
			"rotation": {"angle": 0, "axis": "y", "origin": [8, 6, -4]},
			"faces": {
				"north": {"uv": [8.25, 0, 8.9375, 0.6875], "texture": "#5"},
				"east": {"uv": [8.25, 0.75, 8.9375, 1.4375], "texture": "#5"},
				"south": {"uv": [2.25, 8.25, 2.9375, 8.9375], "texture": "#5"},
				"west": {"uv": [8.25, 2.5, 8.9375, 3.1875], "texture": "#5"},
				"up": {"uv": [3.6875, 8.9375, 3, 8.25], "texture": "#5"},
				"down": {"uv": [8.9375, 5, 8.25, 5.6875], "texture": "#5"}
			}
		},
		{
			"name": "tail",
			"from": [7.72, 11.32, 17.84],
			"to": [8.28, 12.44, 19.52],
			"rotation": {"angle": 0, "axis": "y", "origin": [8, 6, -4]},
			"faces": {
				"north": {"uv": [10.25, 8, 10.375, 8.25], "texture": "#5"},
				"east": {"uv": [4, 10, 4.4375, 10.25], "texture": "#5"},
				"south": {"uv": [8.25, 10.25, 8.375, 10.5], "texture": "#5"},
				"west": {"uv": [4.5, 10, 4.9375, 10.25], "texture": "#5"},
				"up": {"uv": [2.125, 10.6875, 2, 10.25], "texture": "#5"},
				"down": {"uv": [10.375, 2, 10.25, 2.4375], "texture": "#5"}
			}
		},
		{
			"name": "tail",
			"from": [6.6, 8.52, 20.08],
			"to": [9.4, 11.32, 22.88],
			"rotation": {"angle": 0, "axis": "y", "origin": [8, 6, -4]},
			"faces": {
				"north": {"uv": [8.25, 5.75, 8.9375, 6.4375], "texture": "#5"},
				"east": {"uv": [6.5, 8.25, 7.1875, 8.9375], "texture": "#5"},
				"south": {"uv": [8.25, 6.5, 8.9375, 7.1875], "texture": "#5"},
				"west": {"uv": [7.25, 8.25, 7.9375, 8.9375], "texture": "#5"},
				"up": {"uv": [8.6875, 8.9375, 8, 8.25], "texture": "#5"},
				"down": {"uv": [0.6875, 8.5, 0, 9.1875], "texture": "#5"}
			}
		},
		{
			"name": "tail",
			"from": [7.72, 11.32, 20.64],
			"to": [8.28, 12.44, 22.32],
			"rotation": {"angle": 0, "axis": "y", "origin": [8, 6, -4]},
			"faces": {
				"north": {"uv": [10.25, 8.25, 10.375, 8.5], "texture": "#5"},
				"east": {"uv": [6.5, 10, 6.9375, 10.25], "texture": "#5"},
				"south": {"uv": [8.5, 10.25, 8.625, 10.5], "texture": "#5"},
				"west": {"uv": [7, 10, 7.4375, 10.25], "texture": "#5"},
				"up": {"uv": [2.375, 10.6875, 2.25, 10.25], "texture": "#5"},
				"down": {"uv": [2.625, 10.25, 2.5, 10.6875], "texture": "#5"}
			}
		},
		{
			"name": "frontlegtip",
			"from": [4.25, 4.06706, 4.22775],
			"to": [5.93, 7.78706, 5.90775],
			"shade": false,
			"rotation": {"angle": 0, "axis": "y", "origin": [5.09, 6.92706, 4.76775]},
			"faces": {
				"north": {"uv": [6, 8.75, 6.4375, 9.6875], "texture": "#5"},
				"east": {"uv": [6.5, 9, 6.9375, 9.9375], "texture": "#5"},
				"south": {"uv": [7, 9, 7.4375, 9.9375], "texture": "#5"},
				"west": {"uv": [7.5, 9, 7.9375, 9.9375], "texture": "#5"},
				"up": {"uv": [2.6875, 8.1875, 2.25, 7.75], "texture": "#5"},
				"down": {"uv": [2.6875, 9.75, 2.25, 10.1875], "texture": "#5"}
			}
		},
		{
			"name": "frontlegtip",
			"from": [10.07, 4.06706, 4.22775],
			"to": [11.75, 7.78706, 5.90775],
			"shade": false,
			"rotation": {"angle": 0, "axis": "y", "origin": [10.91, 6.92706, 4.76775]},
			"faces": {
				"north": {"uv": [6.4375, 8.75, 6, 9.6875], "texture": "#5"},
				"east": {"uv": [7.9375, 9, 7.5, 9.9375], "texture": "#5"},
				"south": {"uv": [7.4375, 9, 7, 9.9375], "texture": "#5"},
				"west": {"uv": [6.9375, 9, 6.5, 9.9375], "texture": "#5"},
				"up": {"uv": [2.25, 8.1875, 2.6875, 7.75], "texture": "#5"},
				"down": {"uv": [2.25, 9.75, 2.6875, 10.1875], "texture": "#5"}
			}
		},
		{
			"name": "frontfoot",
			"from": [3.97, 3.12083, 2.91526],
			"to": [6.21, 4.24083, 5.39526],
			"shade": false,
			"rotation": {"angle": 0, "axis": "y", "origin": [5.09, 3.68083, 3.55526]},
			"faces": {
				"north": {"uv": [9.75, 6.25, 10.3125, 6.5], "texture": "#5"},
				"east": {"uv": [9.75, 5.25, 10.375, 5.5], "texture": "#5"},
				"south": {"uv": [9.75, 6.5, 10.3125, 6.75], "texture": "#5"},
				"west": {"uv": [9.75, 5.5, 10.375, 5.75], "texture": "#5"},
				"up": {"uv": [9.8125, 8.125, 9.25, 7.5], "texture": "#5"},
				"down": {"uv": [5.8125, 9.5, 5.25, 10.125], "texture": "#5"}
			}
		},
		{
			"name": "frontfoot",
			"from": [9.79, 3.12083, 2.91526],
			"to": [12.03, 4.24083, 5.39526],
			"shade": false,
			"rotation": {"angle": 0, "axis": "y", "origin": [10.91, 3.68083, 3.55526]},
			"faces": {
				"north": {"uv": [10.3125, 6.25, 9.75, 6.5], "texture": "#5"},
				"east": {"uv": [10.375, 5.5, 9.75, 5.75], "texture": "#5"},
				"south": {"uv": [10.3125, 6.5, 9.75, 6.75], "texture": "#5"},
				"west": {"uv": [10.375, 5.25, 9.75, 5.5], "texture": "#5"},
				"up": {"uv": [9.25, 8.125, 9.8125, 7.5], "texture": "#5"},
				"down": {"uv": [5.25, 9.5, 5.8125, 10.125], "texture": "#5"}
			}
		},
		{
			"name": "rearleg1",
			"from": [4.18, 3.80776, 10.02279],
			"to": [7.11, 6.76776, 12.50279],
			"shade": false,
			"rotation": {"angle": 0, "axis": "y", "origin": [8, -8.03107, 7.60811]},
			"faces": {
				"north": {"uv": [4.25, 7, 5, 7.75], "texture": "#5"},
				"east": {"uv": [8.5, 7.5, 9.125, 8.25], "texture": "#5"},
				"south": {"uv": [6.25, 7.25, 7, 8], "texture": "#5"},
				"west": {"uv": [5.25, 8.75, 5.875, 9.5], "texture": "#5"},
				"up": {"uv": [9.5, 8.875, 8.75, 8.25], "texture": "#5"},
				"down": {"uv": [9.75, 0, 9, 0.625], "texture": "#5"}
			}
		},
		{
			"name": "rearleg2",
			"from": [8.79, 3.80776, 10.02279],
			"to": [11.72, 6.76776, 12.50279],
			"shade": false,
			"rotation": {"angle": 0, "axis": "y", "origin": [8, -8.03107, 7.60811]},
			"faces": {
				"north": {"uv": [5, 7, 4.25, 7.75], "texture": "#5"},
				"east": {"uv": [5.875, 8.75, 5.25, 9.5], "texture": "#5"},
				"south": {"uv": [7, 7.25, 6.25, 8], "texture": "#5"},
				"west": {"uv": [9.125, 7.5, 8.5, 8.25], "texture": "#5"},
				"up": {"uv": [8.75, 8.875, 9.5, 8.25], "texture": "#5"},
				"down": {"uv": [9, 0, 9.75, 0.625], "texture": "#5"}
			}
		},
		{
			"name": "rearlegtip",
			"from": [4.44, 0.90804, 10.4059],
			"to": [6.8, 3.86804, 11.7659],
			"shade": false,
			"rotation": {"angle": 0, "axis": "y", "origin": [8, -10.25582, -0.66006]},
			"faces": {
				"north": {"uv": [9, 5, 9.5625, 5.75], "texture": "#5"},
				"east": {"uv": [9.75, 0.5, 10.0625, 1.25], "texture": "#5"},
				"south": {"uv": [9, 5.75, 9.5625, 6.5], "texture": "#5"},
				"west": {"uv": [9.75, 1.25, 10.0625, 2], "texture": "#5"},
				"up": {"uv": [10.3125, 2.8125, 9.75, 2.5], "texture": "#5"},
				"down": {"uv": [3.3125, 9.75, 2.75, 10.0625], "texture": "#5"}
			}
		},
		{
			"name": "rearlegtip",
			"from": [9.1, 0.90804, 10.4059],
			"to": [11.46, 3.86804, 11.7659],
			"shade": false,
			"rotation": {"angle": 0, "axis": "y", "origin": [8, -10.25582, -0.66006]},
			"faces": {
				"north": {"uv": [9.5625, 5, 9, 5.75], "texture": "#5"},
				"east": {"uv": [10.0625, 1.25, 9.75, 2], "texture": "#5"},
				"south": {"uv": [9.5625, 5.75, 9, 6.5], "texture": "#5"},
				"west": {"uv": [10.0625, 0.5, 9.75, 1.25], "texture": "#5"},
				"up": {"uv": [9.75, 2.8125, 10.3125, 2.5], "texture": "#5"},
				"down": {"uv": [2.75, 9.75, 3.3125, 10.0625], "texture": "#5"}
			}
		},
		{
			"name": "rearfoot",
			"from": [4.825, 0.35281, 8.7586],
			"to": [6.415, 1.30781, 11.4786],
			"shade": false,
			"rotation": {"angle": 0, "axis": "y", "origin": [8, -3.02803, -19.08789]},
			"faces": {
				"north": {"uv": [7.5, 10, 7.875, 10.25], "texture": "#5"},
				"east": {"uv": [9, 3.25, 9.6875, 3.5], "texture": "#5"},
				"south": {"uv": [10, 7.5, 10.375, 7.75], "texture": "#5"},
				"west": {"uv": [9.75, 3, 10.4375, 3.25], "texture": "#5"},
				"up": {"uv": [9.875, 8.9375, 9.5, 8.25], "texture": "#5"},
				"down": {"uv": [9.875, 9, 9.5, 9.6875], "texture": "#5"}
			}
		},
		{
			"name": "rearfoot",
			"from": [9.485, 0.35281, 8.7586],
			"to": [11.075, 1.30781, 11.4786],
			"shade": false,
			"rotation": {"angle": 0, "axis": "y", "origin": [8, -3.02803, -19.08789]},
			"faces": {
				"north": {"uv": [7.875, 10, 7.5, 10.25], "texture": "#5"},
				"east": {"uv": [10.4375, 3, 9.75, 3.25], "texture": "#5"},
				"south": {"uv": [10.375, 7.5, 10, 7.75], "texture": "#5"},
				"west": {"uv": [9.6875, 3.25, 9, 3.5], "texture": "#5"},
				"up": {"uv": [9.5, 8.9375, 9.875, 8.25], "texture": "#5"},
				"down": {"uv": [9.5, 9, 9.875, 9.6875], "texture": "#5"}
			}
		},
		{
			"name": "neck",
			"from": [6.6, 8.085, 2.06],
			"to": [9.275, 10.36, 4.86],
			"rotation": {"angle": 0, "axis": "y", "origin": [8, 7, 13]},
			"faces": {
				"north": {"uv": [9, 6.5, 9.6875, 7.0625], "texture": "#5"},
				"east": {"uv": [8, 9, 8.6875, 9.5625], "texture": "#5"},
				"south": {"uv": [8.75, 9, 9.4375, 9.5625], "texture": "#5"},
				"west": {"uv": [0, 9.25, 0.6875, 9.8125], "texture": "#5"},
				"up": {"uv": [8.1875, 3.1875, 7.5, 2.5], "texture": "#5"},
				"down": {"uv": [3.4375, 7.5, 2.75, 8.1875], "texture": "#5"}
			}
		},
		{
			"name": "neck",
			"from": [7.72, 9.685, 2.62],
			"to": [8.28, 10.805, 3.6],
			"rotation": {"angle": 0, "axis": "y", "origin": [8, 7, 13]},
			"faces": {
				"north": {"uv": [5.25, 10.25, 5.375, 10.5], "texture": "#5"},
				"east": {"uv": [3.5, 9.75, 3.75, 10], "texture": "#5"},
				"south": {"uv": [5.5, 10.25, 5.625, 10.5], "texture": "#5"},
				"west": {"uv": [2, 10, 2.25, 10.25], "texture": "#5"},
				"up": {"uv": [5.875, 10.5, 5.75, 10.25], "texture": "#5"},
				"down": {"uv": [6.125, 10.25, 6, 10.5], "texture": "#5"}
			}
		},
		{
			"name": "neck",
			"from": [6.6, 8.085, -0.74],
			"to": [9.275, 10.36, 2.06],
			"rotation": {"angle": 0, "axis": "y", "origin": [8, 7, 13]},
			"faces": {
				"north": {"uv": [0.75, 9.25, 1.4375, 9.8125], "texture": "#5"},
				"east": {"uv": [1.5, 9.25, 2.1875, 9.8125], "texture": "#5"},
				"south": {"uv": [3.75, 9.25, 4.4375, 9.8125], "texture": "#5"},
				"west": {"uv": [4.5, 9.25, 5.1875, 9.8125], "texture": "#5"},
				"up": {"uv": [1.4375, 9.1875, 0.75, 8.5], "texture": "#5"},
				"down": {"uv": [2.1875, 8.5, 1.5, 9.1875], "texture": "#5"}
			}
		},
		{
			"name": "neck",
			"from": [7.72, 9.685, -0.18],
			"to": [8.28, 10.805, 0.8],
			"rotation": {"angle": 0, "axis": "y", "origin": [8, 7, 13]},
			"faces": {
				"north": {"uv": [6.25, 10.25, 6.375, 10.5], "texture": "#5"},
				"east": {"uv": [5, 10, 5.25, 10.25], "texture": "#5"},
				"south": {"uv": [6.5, 10.25, 6.625, 10.5], "texture": "#5"},
				"west": {"uv": [10, 7.75, 10.25, 8], "texture": "#5"},
				"up": {"uv": [6.875, 10.5, 6.75, 10.25], "texture": "#5"},
				"down": {"uv": [10.375, 6.75, 10.25, 7], "texture": "#5"}
			}
		},
		{
			"name": "head",
			"from": [6.795, 7.84, -7],
			"to": [9.28, 9.24, -4.37],
			"rotation": {"angle": 0, "axis": "y", "origin": [8, 7, 13]},
			"faces": {
				"north": {"uv": [9, 1.5, 9.625, 1.875], "texture": "#5"},
				"east": {"uv": [5.5, 5, 6.1875, 5.375], "texture": "#5"},
				"south": {"uv": [9.75, 0, 10.375, 0.375], "texture": "#5"},
				"west": {"uv": [8.25, 1.5, 8.9375, 1.875], "texture": "#5"},
				"up": {"uv": [9.625, 1.4375, 9, 0.75], "texture": "#5"},
				"down": {"uv": [2.875, 9, 2.25, 9.6875], "texture": "#5"}
			}
		},
		{
			"name": "head",
			"from": [5.76, 6.72, -5.22],
			"to": [10.24, 10.725, -0.74],
			"rotation": {"angle": 0, "axis": "y", "origin": [8, 7, 13]},
			"faces": {
				"north": {"uv": [6.25, 6.25, 7.375, 7.25], "texture": "#5"},
				"east": {"uv": [5, 6.75, 6.125, 7.75], "texture": "#5"},
				"south": {"uv": [7, 0, 8.125, 1], "texture": "#5"},
				"west": {"uv": [7, 1, 8.125, 2], "texture": "#5"},
				"up": {"uv": [6.125, 6.625, 5, 5.5], "texture": "#5"},
				"down": {"uv": [7.375, 5, 6.25, 6.125], "texture": "#5"}
			}
		},
		{
			"name": "head",
			"from": [5.76, 6.72, -5.145],
			"to": [10.24, 10.725, -5.145],
			"rotation": {"angle": 0, "axis": "y", "origin": [8, 7, 13.075]},
			"faces": {
				"north": {"uv": [0, 10.8125, 1.125, 11.8125], "texture": "#5"},
				"east": {"uv": [5, 6.75, 6.125, 7.75], "texture": "#5"},
				"south": {"uv": [7, 0, 8.125, 1], "texture": "#5"},
				"west": {"uv": [7, 1, 8.125, 2], "texture": "#5"},
				"up": {"uv": [6.125, 6.625, 5, 5.5], "texture": "#5"},
				"down": {"uv": [7.375, 5, 6.25, 6.125], "texture": "#5"}
			}
		},
		{
			"name": "head",
			"from": [8.84, 10.675, -3.54],
			"to": [9.4, 11.795, -1.86],
			"shade": false,
			"rotation": {"angle": 0, "axis": "y", "origin": [8, 7, 13]},
			"faces": {
				"north": {"uv": [7, 10.25, 7.125, 10.5], "texture": "#5"},
				"east": {"uv": [5.75, 7.75, 6.1875, 8], "texture": "#5"},
				"south": {"uv": [10.25, 7, 10.375, 7.25], "texture": "#5"},
				"west": {"uv": [6.5, 8, 6.9375, 8.25], "texture": "#5"},
				"up": {"uv": [10.125, 8.4375, 10, 8], "texture": "#5"},
				"down": {"uv": [10.125, 8.5, 10, 8.9375], "texture": "#5"}
			}
		},
		{
			"name": "head",
			"from": [8.84, 9.24, -7],
			"to": [9.4, 9.8, -6.28],
			"shade": false,
			"rotation": {"angle": 0, "axis": "y", "origin": [8, 7, 13]},
			"faces": {
				"north": {"uv": [10.25, 9.5, 10.375, 9.625], "texture": "#5"},
				"east": {"uv": [10.25, 8.5, 10.4375, 8.625], "texture": "#5"},
				"south": {"uv": [9.75, 10.25, 9.875, 10.375], "texture": "#5"},
				"west": {"uv": [8.75, 10.25, 8.9375, 10.375], "texture": "#5"},
				"up": {"uv": [10.375, 8.9375, 10.25, 8.75], "texture": "#5"},
				"down": {"uv": [9.125, 10.25, 9, 10.4375], "texture": "#5"}
			}
		},
		{
			"name": "head",
			"from": [6.6, 10.675, -3.54],
			"to": [7.16, 11.795, -1.86],
			"rotation": {"angle": 0, "axis": "y", "origin": [8, 7, 13]},
			"faces": {
				"north": {"uv": [7.25, 10.25, 7.375, 10.5], "texture": "#5"},
				"east": {"uv": [3.75, 8.25, 4.1875, 8.5], "texture": "#5"},
				"south": {"uv": [10.25, 7.25, 10.375, 7.5], "texture": "#5"},
				"west": {"uv": [5.25, 8.5, 5.6875, 8.75], "texture": "#5"},
				"up": {"uv": [10.125, 9.4375, 10, 9], "texture": "#5"},
				"down": {"uv": [10.125, 9.5, 10, 9.9375], "texture": "#5"}
			}
		},
		{
			"name": "head",
			"from": [6.6, 9.24, -7],
			"to": [7.16, 9.8, -6.28],
			"rotation": {"angle": 0, "axis": "y", "origin": [8, 7, 13]},
			"faces": {
				"north": {"uv": [10.25, 9.75, 10.375, 9.875], "texture": "#5"},
				"east": {"uv": [10.25, 9, 10.4375, 9.125], "texture": "#5"},
				"south": {"uv": [10.25, 10, 10.375, 10.125], "texture": "#5"},
				"west": {"uv": [9.25, 10.25, 9.4375, 10.375], "texture": "#5"},
				"up": {"uv": [10.375, 9.4375, 10.25, 9.25], "texture": "#5"},
				"down": {"uv": [9.625, 10.25, 9.5, 10.4375], "texture": "#5"}
			}
		},
		{
			"name": "jaw",
			"from": [6.795, 5.76329, -7],
			"to": [9.28, 6.88329, -4.37],
			"rotation": {"angle": -22.5, "axis": "x", "origin": [8.0375, 7.28, -7.825]},
			"faces": {
				"north": {"uv": [9.75, 5.75, 10.375, 6], "texture": "#5"},
				"east": {"uv": [7.5, 3.25, 8.1875, 3.5], "texture": "#5"},
				"south": {"uv": [9.75, 6, 10.375, 6.25], "texture": "#5"},
				"west": {"uv": [8.25, 3.25, 8.9375, 3.5], "texture": "#5"},
				"up": {"uv": [9.625, 3.1875, 9, 2.5], "texture": "#5"},
				"down": {"uv": [3.625, 9, 3, 9.6875], "texture": "#5"}
			}
		},
		{
			"name": "body",
			"from": [5.04, 6.155, 4.76],
			"to": [11.06, 11.6, 12.68],
			"rotation": {"angle": 0, "axis": "y", "origin": [8, 6, 14]},
			"faces": {
				"north": {"uv": [3.5, 5.5, 5, 6.875], "texture": "#5"},
				"east": {"uv": [1.5, 5.5, 3.5, 6.875], "texture": "#5"},
				"south": {"uv": [5.5, 3.5, 7, 4.875], "texture": "#5"},
				"west": {"uv": [5.5, 2, 7.5, 3.375], "texture": "#5"},
				"up": {"uv": [1.5, 7.5, 0, 5.5], "texture": "#5"},
				"down": {"uv": [7, 0, 5.5, 2], "texture": "#5"}
			}
		},
		{
			"name": "body",
			"from": [7.72, 10.575, 5.14],
			"to": [8.28, 12.255, 6.5],
			"rotation": {"angle": 0, "axis": "y", "origin": [8, 5.325, 14]},
			"faces": {
				"north": {"uv": [10, 10, 10.125, 10.4375], "texture": "#5"},
				"east": {"uv": [8, 9.75, 8.3125, 10.1875], "texture": "#5"},
				"south": {"uv": [10.25, 0.5, 10.375, 0.9375], "texture": "#5"},
				"west": {"uv": [8.5, 9.75, 8.8125, 10.1875], "texture": "#5"},
				"up": {"uv": [3.375, 10.5625, 3.25, 10.25], "texture": "#5"},
				"down": {"uv": [3.625, 10.25, 3.5, 10.5625], "texture": "#5"}
			}
		},
		{
			"name": "body",
			"from": [7.72, 10.575, 7.74],
			"to": [8.28, 12.255, 9.1],
			"rotation": {"angle": 0, "axis": "y", "origin": [8, 5.325, 14]},
			"faces": {
				"north": {"uv": [1, 10.25, 1.125, 10.6875], "texture": "#5"},
				"east": {"uv": [9, 9.75, 9.3125, 10.1875], "texture": "#5"},
				"south": {"uv": [10.25, 1, 10.375, 1.4375], "texture": "#5"},
				"west": {"uv": [9.5, 9.75, 9.8125, 10.1875], "texture": "#5"},
				"up": {"uv": [3.875, 10.5625, 3.75, 10.25], "texture": "#5"},
				"down": {"uv": [4.125, 10.25, 4, 10.5625], "texture": "#5"}
			}
		},
		{
			"name": "body",
			"from": [7.72, 10.575, 10.09],
			"to": [8.28, 12.255, 11.45],
			"rotation": {"angle": 0, "axis": "y", "origin": [8, 5.325, 14]},
			"faces": {
				"north": {"uv": [2.75, 10.25, 2.875, 10.6875], "texture": "#5"},
				"east": {"uv": [0, 10, 0.3125, 10.4375], "texture": "#5"},
				"south": {"uv": [3, 10.25, 3.125, 10.6875], "texture": "#5"},
				"west": {"uv": [0.5, 10, 0.8125, 10.4375], "texture": "#5"},
				"up": {"uv": [4.375, 10.5625, 4.25, 10.25], "texture": "#5"},
				"down": {"uv": [4.625, 10.25, 4.5, 10.5625], "texture": "#5"}
			}
		},
		{
			"name": "wing1",
			"from": [-5.24311, 9.99885, 5.32427],
			"to": [5.10569, 11.47725, 6.80267],
			"shade": false,
			"rotation": {"angle": 0, "axis": "y", "origin": [6.2, 6, 14]},
			"faces": {
				"north": {"uv": [1.5, 7, 4.0625, 7.375], "texture": "#5"},
				"east": {"uv": [6, 9.75, 6.375, 10.125], "texture": "#5"},
				"south": {"uv": [7, 3.5, 9.5625, 3.875], "texture": "#5"},
				"west": {"uv": [9.75, 6.75, 10.125, 7.125], "texture": "#5"},
				"up": {"uv": [9.5625, 4.375, 7, 4], "texture": "#5"},
				"down": {"uv": [9.5625, 4.5, 7, 4.875], "texture": "#5"}
			}
		},
		{
			"name": "wing1",
			"from": [-5.24496, 10.7362, 6.43122],
			"to": [5.10754, 10.7399, 16.78372],
			"shade": false,
			"rotation": {"angle": 0, "axis": "y", "origin": [6.2, 6, 14]},
			"faces": {
				"north": {"uv": [9.75, 3.25, 12.3125, 3.3125], "texture": "#5"},
				"east": {"uv": [9.75, 3.5, 12.3125, 3.5625], "texture": "#5"},
				"south": {"uv": [9.75, 3.75, 12.3125, 3.8125], "texture": "#5"},
				"west": {"uv": [9.75, 4, 12.3125, 4.0625], "texture": "#5"},
				"up": {"uv": [2.5625, 2.5625, 0, 0], "texture": "#5"},
				"down": {"uv": [2.5625, 2.75, 0, 5.3125], "texture": "#5"}
			}
		},
		{
			"name": "wingtip1",
			"from": [-15, 10.5526, 5.69387],
			"to": [-4.6512, 11.2918, 6.43307],
			"shade": false,
			"rotation": {"angle": 0, "axis": "y", "origin": [6.75837, 8.70965, 14]},
			"faces": {
				"north": {"uv": [7, 7.25, 9.5625, 7.4375], "texture": "#5"},
				"east": {"uv": [4.75, 10.25, 4.9375, 10.4375], "texture": "#5"},
				"south": {"uv": [0, 7.5, 2.5625, 7.6875], "texture": "#5"},
				"west": {"uv": [5, 10.25, 5.1875, 10.4375], "texture": "#5"},
				"up": {"uv": [10.0625, 2.1875, 7.5, 2], "texture": "#5"},
				"down": {"uv": [10.0625, 2.25, 7.5, 2.4375], "texture": "#5"}
			}
		},
		{
			"name": "wingtip1",
			"from": [-15, 10.92035, 6.43122],
			"to": [-4.6475, 10.92405, 16.78372],
			"shade": false,
			"rotation": {"angle": 0, "axis": "y", "origin": [6.75837, 8.70965, 14]},
			"faces": {
				"north": {"uv": [9.75, 4.25, 12.3125, 4.3125], "texture": "#5"},
				"east": {"uv": [9.75, 4.5, 12.3125, 4.5625], "texture": "#5"},
				"south": {"uv": [9.75, 4.75, 12.3125, 4.8125], "texture": "#5"},
				"west": {"uv": [9.75, 5, 12.3125, 5.0625], "texture": "#5"},
				"up": {"uv": [5.3125, 2.5625, 2.75, 0], "texture": "#5"},
				"down": {"uv": [5.3125, 2.75, 2.75, 5.3125], "texture": "#5"}
			}
		},
		{
			"name": "wing2",
			"from": [11.09431, 9.99885, 5.32427],
			"to": [21.44311, 11.47725, 6.80267],
			"shade": false,
			"rotation": {"angle": 0, "axis": "y", "origin": [10, 6, 14]},
			"faces": {
				"north": {"uv": [4.0625, 7, 1.5, 7.375], "texture": "#5"},
				"east": {"uv": [10.125, 6.75, 9.75, 7.125], "texture": "#5"},
				"south": {"uv": [9.5625, 3.5, 7, 3.875], "texture": "#5"},
				"west": {"uv": [6.375, 9.75, 6, 10.125], "texture": "#5"},
				"up": {"uv": [7, 4.375, 9.5625, 4], "texture": "#5"},
				"down": {"uv": [7, 4.5, 9.5625, 4.875], "texture": "#5"}
			}
		},
		{
			"name": "wing2",
			"from": [11.09246, 10.7362, 6.43122],
			"to": [21.44496, 10.7399, 16.78372],
			"shade": false,
			"rotation": {"angle": 0, "axis": "y", "origin": [10, 6, 14]},
			"faces": {
				"north": {"uv": [12.3125, 3.25, 9.75, 3.3125], "texture": "#5"},
				"east": {"uv": [12.3125, 4, 9.75, 4.0625], "texture": "#5"},
				"south": {"uv": [12.3125, 3.75, 9.75, 3.8125], "texture": "#5"},
				"west": {"uv": [12.3125, 3.5, 9.75, 3.5625], "texture": "#5"},
				"up": {"uv": [0, 2.5625, 2.5625, 0], "texture": "#5"},
				"down": {"uv": [0, 2.75, 2.5625, 5.3125], "texture": "#5"}
			}
		},
		{
			"name": "wingtip2",
			"from": [21.28532, 10.5526, 5.69387],
			"to": [31.63412, 11.2918, 6.43307],
			"shade": false,
			"rotation": {"angle": 0, "axis": "y", "origin": [9.44163, 8.70965, 14]},
			"faces": {
				"north": {"uv": [9.5625, 7.25, 7, 7.4375], "texture": "#5"},
				"east": {"uv": [5.1875, 10.25, 5, 10.4375], "texture": "#5"},
				"south": {"uv": [2.5625, 7.5, 0, 7.6875], "texture": "#5"},
				"west": {"uv": [4.9375, 10.25, 4.75, 10.4375], "texture": "#5"},
				"up": {"uv": [7.5, 2.1875, 10.0625, 2], "texture": "#5"},
				"down": {"uv": [7.5, 2.25, 10.0625, 2.4375], "texture": "#5"}
			}
		},
		{
			"name": "wingtip2",
			"from": [21.28347, 10.92035, 6.43122],
			"to": [31.63597, 10.92405, 16.78372],
			"shade": false,
			"rotation": {"angle": 0, "axis": "y", "origin": [9.44163, 8.70965, 14]},
			"faces": {
				"north": {"uv": [12.3125, 4.25, 9.75, 4.3125], "texture": "#5"},
				"east": {"uv": [12.3125, 5, 9.75, 5.0625], "texture": "#5"},
				"south": {"uv": [12.3125, 4.75, 9.75, 4.8125], "texture": "#5"},
				"west": {"uv": [12.3125, 4.5, 9.75, 4.5625], "texture": "#5"},
				"up": {"uv": [2.75, 2.5625, 5.3125, 0], "texture": "#5"},
				"down": {"uv": [2.75, 2.75, 5.3125, 5.3125], "texture": "#5"}
			}
		}
	],
	"display": {
		"thirdperson_righthand": {
			"rotation": [69, 0, 0],
			"scale": [0.5, 0.5, 0.5]
		},
		"firstperson_righthand": {
			"rotation": [0, 146, 0],
			"translation": [0, 3.25, 0],
			"scale": [0.3, 0.3, 0.3]
		},
		"ground": {
			"scale": [0.4, 0.4, 0.4]
		},
		"gui": {
			"rotation": [0, 130, 0],
			"translation": [0.25, 0, 0],
			"scale": [0.6, 0.6, 0.6]
		},
		"head": {
			"translation": [0, -16.5, 0],
			"scale": [2, 2, 2]
		}
	},
	"groups": [
		{
			"name": "all",
			"origin": [0, 6, 5],
			"color": 0,
			"children": [
				{
					"name": "tail",
					"origin": [0, 9.92, 2.68],
					"color": 0,
					"children": [
						0,
						1,
						{
							"name": "tail2",
							"origin": [0, 9.92, 5.48],
							"color": 0,
							"children": [
								2,
								3,
								{
									"name": "tail3",
									"origin": [0, 9.92, 8.28],
									"color": 0,
									"children": [
										4,
										5,
										{
											"name": "tail4",
											"origin": [0, 9.92, 11.08],
											"color": 0,
											"children": [6, 7]
										}
									]
								}
							]
						}
					]
				},
				{
					"name": "frontleg1",
					"origin": [-3.36, 7.12, -4.14],
					"color": 0,
					"shade": false,
					"children": [
						{
							"name": "frontlegtip1",
							"origin": [-2.91, 6.86675, -4.57427],
							"color": 0,
							"shade": false,
							"children": [
								8,
								9,
								{
									"name": "frontfoot1",
									"origin": [-2.91, 3.96368, -4.59621],
									"color": 0,
									"shade": false,
									"children": [10, 11]
								}
							]
						}
					]
				},
				{
					"name": "rearleg1",
					"origin": [-0.05, 6.76, 1.41279],
					"color": 0,
					"shade": false,
					"children": [
						12,
						13,
						{
							"name": "rearlegtip1",
							"origin": [-0.05, 3.90422, 1.49644],
							"color": 0,
							"shade": false,
							"children": [
								14,
								15,
								{
									"name": "rearfoot1",
									"origin": [-0.05, 1.04244, 1.33073],
									"color": 0,
									"shade": false,
									"children": [16, 17]
								}
							]
						}
					]
				},
				{
					"name": "body",
					"origin": [0, 11.6, 7.24],
					"color": 0,
					"children": [
						{
							"name": "neck",
							"origin": [0, 7.96, 2.76],
							"color": 0,
							"children": [
								{
									"name": "neck2",
									"origin": [0, 7.96, -0.04],
									"color": 0,
									"children": [
										{
											"name": "neck3",
											"origin": [0, 8.96, -3.84],
											"color": 0,
											"children": [
												{
													"name": "neck4",
													"origin": [0, 10.16, -4.34],
													"color": 0,
													"children": [
														18,
														19,
														{
															"name": "neck5",
															"origin": [0, 9.16, -6.94],
															"color": 0,
															"children": [
																20,
																21,
																{
																	"name": "head",
																	"origin": [0, 9.66, -9.84],
																	"color": 0,
																	"children": [
																		22,
																		23,
																		{
																			"name": "eyes",
																			"origin": [0, 8.7225, -14.145],
																			"color": 0,
																			"children": [24]
																		},
																		25,
																		26,
																		27,
																		28,
																		{
																			"name": "jaw",
																			"origin": [0, 7.14, -14.28],
																			"color": 0,
																			"children": [29]
																		}
																	]
																}
															]
														}
													]
												}
											]
										}
									]
								}
							]
						},
						30,
						31,
						32,
						33,
						{
							"name": "wing1",
							"origin": [-3.06871, 10.73805, -2.78953],
							"color": 0,
							"shade": false,
							"children": [
								34,
								35,
								{
									"name": "wingtip1",
									"origin": [-12.87722, 11.09149, -3.16453],
									"color": 0,
									"shade": false,
									"children": [36, 37]
								}
							]
						},
						{
							"name": "wing2",
							"origin": [3.16, 10.72, -2.44],
							"color": 0,
							"shade": false,
							"children": [
								38,
								39,
								{
									"name": "wingtip2",
									"origin": [13.07722, 11.09149, -3.16453],
									"color": 0,
									"shade": false,
									"children": [40, 41]
								}
							]
						}
					]
				}
			]
		}
	]
}