{
	"parent": "item/generated",
	"textures": {
		"layer0": "items/shears"
	},
	"overrides": [
		{ "predicate": { "damage": 0 }, "model": "item/shears" },
		{ "predicate": { "damaged": 0, "damage": 0.004201680672269 }, "model": "custom/pets/villager_pet" },
		{ "predicate": { "damaged": 0, "damage": 0.008403361344538 }, "model": "custom/pets/chibi_blaze" },
		{ "predicate": { "damaged": 0, "damage": 0.012605042016807 }, "model": "custom/pets/ghast_pet" },
		{ "predicate": { "damaged": 0, "damage": 0.016806722689076 }, "model": "custom/pets/creeper_pet" },
		{ "predicate": { "damaged": 0, "damage": 0.021008403361345 }, "model": "custom/pets/ender_dragon" },
		{ "predicate": { "damaged": 0, "damage": 0.025210084033613 }, "model": "custom/pets/bunny_pet" },
		{ "predicate": { "damaged": 0, "damage": 0.029411764705882 }, "model": "custom/pets/polar_bear" },
		{ "predicate": { "damaged": 0, "damage": 0.033613445378151 }, "model": "custom/pets/baby_yeti" },
		{ "predicate": { "damaged": 0, "damage": 0.03781512605042 }, "model": "custom/pets/frost_gremlin" },
		{ "predicate": { "damaged": 0, "damage": 0.042016806722689 }, "model": "custom/pets/gangster_snowman" },
		{ "predicate": { "damaged": 0, "damage": 0.046218487394958 }, "model": "custom/pets/ice_knight" },
		{ "predicate": { "damaged": 0, "damage": 0.050420168067227 }, "model": "custom/pets/rebirth_pet" },
		{ "predicate": { "damaged": 0, "damage": 0.054621848739496 }, "model": "custom/pets/sorcerer_pet" },
		{ "predicate": { "damaged": 0, "damage": 0.058823529411765 }, "model": "custom/pets/cloud_pet" },
		{ "predicate": { "damaged": 0, "damage": 0.063025210084034 }, "model": "custom/pets/15" },
		{ "predicate": { "damaged": 0, "damage": 0.067226890756303 }, "model": "custom/pets/16" },
		{ "predicate": { "damaged": 0, "damage": 0.071428571428571 }, "model": "custom/pets/17" },
		{ "predicate": { "damaged": 0, "damage": 0.07563025210084 }, "model": "custom/pets/18" },
		{ "predicate": { "damaged": 0, "damage": 0.079831932773109 }, "model": "custom/pets/19" },
		{ "predicate": { "damaged": 0, "damage": 0.084033613445378 }, "model": "custom/pets/20" },
		{ "predicate": { "damaged": 0, "damage": 0.088235294117647 }, "model": "custom/pets/21" },
		{ "predicate": { "damaged": 0, "damage": 0.092436974789916 }, "model": "custom/pets/22" },
		{ "predicate": { "damaged": 0, "damage": 0.096638655462185 }, "model": "custom/pets/23" },
		{ "predicate": { "damaged": 0, "damage": 0.100840336134454 }, "model": "custom/pets/24" },
		{ "predicate": { "damaged": 0, "damage": 0.105042016806723 }, "model": "custom/pets/25" },
		{ "predicate": { "damaged": 0, "damage": 0.109243697478992 }, "model": "custom/pets/26" },
		{ "predicate": { "damaged": 0, "damage": 0.113445378151261 }, "model": "custom/pets/27" },
		{ "predicate": { "damaged": 0, "damage": 0.117647058823529 }, "model": "custom/pets/28" },
		{ "predicate": { "damaged": 0, "damage": 0.121848739495798 }, "model": "custom/pets/29" },
		{ "predicate": { "damaged": 0, "damage": 0.126050420168067 }, "model": "custom/pets/30" },
		{ "predicate": { "damaged": 0, "damage": 0.130252100840336 }, "model": "custom/pets/31" },
		{ "predicate": { "damaged": 0, "damage": 0.134453781512605 }, "model": "custom/pets/32" },
		{ "predicate": { "damaged": 0, "damage": 0.138655462184874 }, "model": "custom/pets/33" },
		{ "predicate": { "damaged": 0, "damage": 0.142857142857143 }, "model": "custom/pets/34" },
		{ "predicate": { "damaged": 0, "damage": 0.147058823529412 }, "model": "custom/pets/35" },
		{ "predicate": { "damaged": 0, "damage": 0.151260504201681 }, "model": "custom/pets/36" },
		{ "predicate": { "damaged": 0, "damage": 0.15546218487395 }, "model": "custom/pets/37" },
		{ "predicate": { "damaged": 0, "damage": 0.159663865546218 }, "model": "custom/pets/38" },
		{ "predicate": { "damaged": 0, "damage": 0.163865546218487 }, "model": "custom/pets/39" },
		{ "predicate": { "damaged": 0, "damage": 0.168067226890756 }, "model": "custom/pets/40" },
		{ "predicate": { "damaged": 0, "damage": 0.172268907563025 }, "model": "custom/pets/41" },
		{ "predicate": { "damaged": 0, "damage": 0.176470588235294 }, "model": "custom/pets/42" },
		{ "predicate": { "damaged": 0, "damage": 0.180672268907563 }, "model": "custom/pets/43" },
		{ "predicate": { "damaged": 0, "damage": 0.184873949579832 }, "model": "custom/pets/44" },
		{ "predicate": { "damaged": 0, "damage": 0.189075630252101 }, "model": "custom/pets/45" },
		{ "predicate": { "damaged": 0, "damage": 0.19327731092437 }, "model": "custom/pets/46" },
		{ "predicate": { "damaged": 0, "damage": 0.197478991596639 }, "model": "custom/pets/47" },
		{ "predicate": { "damaged": 0, "damage": 0.201680672268908 }, "model": "custom/pets/48" },
		{ "predicate": { "damaged": 0, "damage": 0.205882352941176 }, "model": "custom/pets/49" },
		{ "predicate": { "damaged": 0, "damage": 0.210084033613445 }, "model": "custom/pets/50" },
		{ "predicate": { "damaged": 0, "damage": 0.214285714285714 }, "model": "custom/pets/51" },
		{ "predicate": { "damaged": 0, "damage": 0.218487394957983 }, "model": "custom/pets/52" },
		{ "predicate": { "damaged": 0, "damage": 0.222689075630252 }, "model": "custom/pets/53" },
		{ "predicate": { "damaged": 0, "damage": 0.226890756302521 }, "model": "custom/pets/54" },
		{ "predicate": { "damaged": 0, "damage": 0.23109243697479 }, "model": "custom/pets/55" },
		{ "predicate": { "damaged": 0, "damage": 0.235294117647059 }, "model": "custom/pets/56" },
		{ "predicate": { "damaged": 0, "damage": 0.239495798319328 }, "model": "custom/pets/57" },
		{ "predicate": { "damaged": 0, "damage": 0.243697478991597 }, "model": "custom/pets/58" },
		{ "predicate": { "damaged": 0, "damage": 0.247899159663866 }, "model": "custom/pets/59" },
		{ "predicate": { "damaged": 0, "damage": 0.252100840336134 }, "model": "custom/pets/60" },
		{ "predicate": { "damaged": 0, "damage": 0.256302521008403 }, "model": "custom/pets/61" },
		{ "predicate": { "damaged": 0, "damage": 0.260504201680672 }, "model": "custom/pets/62" },
		{ "predicate": { "damaged": 0, "damage": 0.264705882352941 }, "model": "custom/pets/63" },
		{ "predicate": { "damaged": 0, "damage": 0.26890756302521 }, "model": "custom/pets/64" },
		{ "predicate": { "damaged": 0, "damage": 0.273109243697479 }, "model": "custom/pets/65" },
		{ "predicate": { "damaged": 0, "damage": 0.277310924369748 }, "model": "custom/pets/66" },
		{ "predicate": { "damaged": 0, "damage": 0.281512605042017 }, "model": "custom/pets/67" },
		{ "predicate": { "damaged": 0, "damage": 0.285714285714286 }, "model": "custom/pets/68" },
		{ "predicate": { "damaged": 0, "damage": 0.289915966386555 }, "model": "custom/pets/69" },
		{ "predicate": { "damaged": 0, "damage": 0.294117647058824 }, "model": "custom/pets/70" },
		{ "predicate": { "damaged": 0, "damage": 0.298319327731092 }, "model": "custom/pets/71" },
		{ "predicate": { "damaged": 0, "damage": 0.302521008403361 }, "model": "custom/pets/72" },
		{ "predicate": { "damaged": 0, "damage": 0.30672268907563 }, "model": "custom/pets/73" },
		{ "predicate": { "damaged": 0, "damage": 0.310924369747899 }, "model": "custom/pets/74" },
		{ "predicate": { "damaged": 0, "damage": 0.315126050420168 }, "model": "custom/pets/75" },
		{ "predicate": { "damaged": 0, "damage": 0.319327731092437 }, "model": "custom/pets/76" },
		{ "predicate": { "damaged": 0, "damage": 0.323529411764706 }, "model": "custom/pets/77" },
		{ "predicate": { "damaged": 0, "damage": 0.327731092436975 }, "model": "custom/pets/78" },
		{ "predicate": { "damaged": 0, "damage": 0.331932773109244 }, "model": "custom/pets/79" },
		{ "predicate": { "damaged": 0, "damage": 0.336134453781513 }, "model": "custom/pets/80" },
		{ "predicate": { "damaged": 0, "damage": 0.340336134453782 }, "model": "custom/pets/81" },
		{ "predicate": { "damaged": 0, "damage": 0.34453781512605 }, "model": "custom/pets/82" },
		{ "predicate": { "damaged": 0, "damage": 0.348739495798319 }, "model": "custom/pets/83" },
		{ "predicate": { "damaged": 0, "damage": 0.352941176470588 }, "model": "custom/pets/84" },
		{ "predicate": { "damaged": 0, "damage": 0.357142857142857 }, "model": "custom/pets/85" },
		{ "predicate": { "damaged": 0, "damage": 0.361344537815126 }, "model": "custom/pets/86" },
		{ "predicate": { "damaged": 0, "damage": 0.365546218487395 }, "model": "custom/pets/87" },
		{ "predicate": { "damaged": 0, "damage": 0.369747899159664 }, "model": "custom/pets/88" },
		{ "predicate": { "damaged": 0, "damage": 0.373949579831933 }, "model": "custom/pets/89" },
		{ "predicate": { "damaged": 0, "damage": 0.378151260504202 }, "model": "custom/pets/90" },
		{ "predicate": { "damaged": 0, "damage": 0.382352941176471 }, "model": "custom/pets/91" },
		{ "predicate": { "damaged": 0, "damage": 0.386554621848739 }, "model": "custom/pets/92" },
		{ "predicate": { "damaged": 0, "damage": 0.390756302521008 }, "model": "custom/pets/93" },
		{ "predicate": { "damaged": 0, "damage": 0.394957983193277 }, "model": "custom/pets/94" },
		{ "predicate": { "damaged": 0, "damage": 0.399159663865546 }, "model": "custom/pets/95" },
		{ "predicate": { "damaged": 0, "damage": 0.403361344537815 }, "model": "custom/pets/96" },
		{ "predicate": { "damaged": 0, "damage": 0.407563025210084 }, "model": "custom/pets/97" },
		{ "predicate": { "damaged": 0, "damage": 0.411764705882353 }, "model": "custom/pets/98" },
		{ "predicate": { "damaged": 0, "damage": 0.415966386554622 }, "model": "custom/pets/99" },
		{ "predicate": { "damaged": 0, "damage": 0.420168067226891 }, "model": "custom/pets/100" },
		{ "predicate": { "damaged": 0, "damage": 0.42436974789916 }, "model": "custom/pets/101" },
		{ "predicate": { "damaged": 0, "damage": 0.428571428571429 }, "model": "custom/pets/102" },
		{ "predicate": { "damaged": 0, "damage": 0.432773109243697 }, "model": "custom/pets/103" },
		{ "predicate": { "damaged": 0, "damage": 0.436974789915966 }, "model": "custom/pets/104" },
		{ "predicate": { "damaged": 0, "damage": 0.441176470588235 }, "model": "custom/pets/105" },
		{ "predicate": { "damaged": 0, "damage": 0.445378151260504 }, "model": "custom/pets/106" },
		{ "predicate": { "damaged": 0, "damage": 0.449579831932773 }, "model": "custom/pets/107" },
		{ "predicate": { "damaged": 0, "damage": 0.453781512605042 }, "model": "custom/pets/108" },
		{ "predicate": { "damaged": 0, "damage": 0.457983193277311 }, "model": "custom/pets/109" },
		{ "predicate": { "damaged": 0, "damage": 0.46218487394958 }, "model": "custom/pets/110" },
		{ "predicate": { "damaged": 0, "damage": 0.466386554621849 }, "model": "custom/pets/111" },
		{ "predicate": { "damaged": 0, "damage": 0.470588235294118 }, "model": "custom/pets/112" },
		{ "predicate": { "damaged": 0, "damage": 0.474789915966387 }, "model": "custom/pets/113" },
		{ "predicate": { "damaged": 0, "damage": 0.478991596638655 }, "model": "custom/pets/114" },
		{ "predicate": { "damaged": 0, "damage": 0.483193277310924 }, "model": "custom/pets/115" },
		{ "predicate": { "damaged": 0, "damage": 0.487394957983193 }, "model": "custom/pets/116" },
		{ "predicate": { "damaged": 0, "damage": 0.491596638655462 }, "model": "custom/pets/117" },
		{ "predicate": { "damaged": 0, "damage": 0.495798319327731 }, "model": "custom/pets/118" },
		{ "predicate": { "damaged": 0, "damage": 0.5 }, "model": "custom/pets/119" },
		{ "predicate": { "damaged": 0, "damage": 0.504201680672269 }, "model": "custom/pets/120" },
		{ "predicate": { "damaged": 0, "damage": 0.508403361344538 }, "model": "custom/pets/121" },
		{ "predicate": { "damaged": 0, "damage": 0.512605042016807 }, "model": "custom/pets/122" },
		{ "predicate": { "damaged": 0, "damage": 0.516806722689076 }, "model": "custom/pets/123" },
		{ "predicate": { "damaged": 0, "damage": 0.521008403361344 }, "model": "custom/pets/124" },
		{ "predicate": { "damaged": 0, "damage": 0.525210084033613 }, "model": "custom/pets/125" },
		{ "predicate": { "damaged": 0, "damage": 0.529411764705882 }, "model": "custom/pets/126" },
		{ "predicate": { "damaged": 0, "damage": 0.533613445378151 }, "model": "custom/pets/127" },
		{ "predicate": { "damaged": 0, "damage": 0.53781512605042 }, "model": "custom/pets/128" },
		{ "predicate": { "damaged": 0, "damage": 0.542016806722689 }, "model": "custom/pets/129" },
		{ "predicate": { "damaged": 0, "damage": 0.546218487394958 }, "model": "custom/pets/130" },
		{ "predicate": { "damaged": 0, "damage": 0.550420168067227 }, "model": "custom/pets/131" },
		{ "predicate": { "damaged": 0, "damage": 0.554621848739496 }, "model": "custom/pets/132" },
		{ "predicate": { "damaged": 0, "damage": 0.558823529411765 }, "model": "custom/pets/133" },
		{ "predicate": { "damaged": 0, "damage": 0.563025210084034 }, "model": "custom/pets/134" },
		{ "predicate": { "damaged": 0, "damage": 0.567226890756303 }, "model": "custom/pets/135" },
		{ "predicate": { "damaged": 0, "damage": 0.571428571428571 }, "model": "custom/pets/136" },
		{ "predicate": { "damaged": 0, "damage": 0.57563025210084 }, "model": "custom/pets/137" },
		{ "predicate": { "damaged": 0, "damage": 0.579831932773109 }, "model": "custom/pets/138" },
		{ "predicate": { "damaged": 0, "damage": 0.584033613445378 }, "model": "custom/pets/139" },
		{ "predicate": { "damaged": 0, "damage": 0.588235294117647 }, "model": "custom/pets/140" },
		{ "predicate": { "damaged": 0, "damage": 0.592436974789916 }, "model": "custom/pets/141" },
		{ "predicate": { "damaged": 0, "damage": 0.596638655462185 }, "model": "custom/pets/142" },
		{ "predicate": { "damaged": 0, "damage": 0.600840336134454 }, "model": "custom/pets/143" },
		{ "predicate": { "damaged": 0, "damage": 0.605042016806723 }, "model": "custom/pets/144" },
		{ "predicate": { "damaged": 0, "damage": 0.609243697478992 }, "model": "custom/pets/145" },
		{ "predicate": { "damaged": 0, "damage": 0.61344537815126 }, "model": "custom/pets/146" },
		{ "predicate": { "damaged": 0, "damage": 0.61764705882353 }, "model": "custom/pets/147" },
		{ "predicate": { "damaged": 0, "damage": 0.621848739495798 }, "model": "custom/pets/148" },
		{ "predicate": { "damaged": 0, "damage": 0.626050420168067 }, "model": "custom/pets/149" },
		{ "predicate": { "damaged": 0, "damage": 0.630252100840336 }, "model": "custom/pets/150" },
		{ "predicate": { "damaged": 0, "damage": 0.634453781512605 }, "model": "custom/pets/151" },
		{ "predicate": { "damaged": 0, "damage": 0.638655462184874 }, "model": "custom/pets/152" },
		{ "predicate": { "damaged": 0, "damage": 0.642857142857143 }, "model": "custom/pets/153" },
		{ "predicate": { "damaged": 0, "damage": 0.647058823529412 }, "model": "custom/pets/154" },
		{ "predicate": { "damaged": 0, "damage": 0.651260504201681 }, "model": "custom/pets/155" },
		{ "predicate": { "damaged": 0, "damage": 0.65546218487395 }, "model": "custom/pets/156" },
		{ "predicate": { "damaged": 0, "damage": 0.659663865546219 }, "model": "custom/pets/157" },
		{ "predicate": { "damaged": 0, "damage": 0.663865546218487 }, "model": "custom/pets/158" },
		{ "predicate": { "damaged": 0, "damage": 0.668067226890756 }, "model": "custom/pets/159" },
		{ "predicate": { "damaged": 0, "damage": 0.672268907563025 }, "model": "custom/pets/160" },
		{ "predicate": { "damaged": 0, "damage": 0.676470588235294 }, "model": "custom/pets/161" },
		{ "predicate": { "damaged": 0, "damage": 0.680672268907563 }, "model": "custom/pets/162" },
		{ "predicate": { "damaged": 0, "damage": 0.684873949579832 }, "model": "custom/pets/163" },
		{ "predicate": { "damaged": 0, "damage": 0.689075630252101 }, "model": "custom/pets/164" },
		{ "predicate": { "damaged": 0, "damage": 0.69327731092437 }, "model": "custom/pets/165" },
		{ "predicate": { "damaged": 0, "damage": 0.697478991596639 }, "model": "custom/pets/166" },
		{ "predicate": { "damaged": 0, "damage": 0.701680672268908 }, "model": "custom/pets/167" },
		{ "predicate": { "damaged": 0, "damage": 0.705882352941176 }, "model": "custom/pets/168" },
		{ "predicate": { "damaged": 0, "damage": 0.710084033613445 }, "model": "custom/pets/169" },
		{ "predicate": { "damaged": 0, "damage": 0.714285714285714 }, "model": "custom/pets/170" },
		{ "predicate": { "damaged": 0, "damage": 0.718487394957983 }, "model": "custom/pets/171" },
		{ "predicate": { "damaged": 0, "damage": 0.722689075630252 }, "model": "custom/pets/172" },
		{ "predicate": { "damaged": 0, "damage": 0.726890756302521 }, "model": "custom/pets/173" },
		{ "predicate": { "damaged": 0, "damage": 0.73109243697479 }, "model": "custom/pets/174" },
		{ "predicate": { "damaged": 0, "damage": 0.735294117647059 }, "model": "custom/pets/175" },
		{ "predicate": { "damaged": 0, "damage": 0.739495798319328 }, "model": "custom/pets/176" },
		{ "predicate": { "damaged": 0, "damage": 0.743697478991597 }, "model": "custom/pets/177" },
		{ "predicate": { "damaged": 0, "damage": 0.747899159663866 }, "model": "custom/pets/178" },
		{ "predicate": { "damaged": 0, "damage": 0.752100840336135 }, "model": "custom/pets/179" },
		{ "predicate": { "damaged": 0, "damage": 0.756302521008403 }, "model": "custom/pets/180" },
		{ "predicate": { "damaged": 0, "damage": 0.760504201680672 }, "model": "custom/pets/181" },
		{ "predicate": { "damaged": 0, "damage": 0.764705882352941 }, "model": "custom/pets/182" },
		{ "predicate": { "damaged": 0, "damage": 0.76890756302521 }, "model": "custom/pets/183" },
		{ "predicate": { "damaged": 0, "damage": 0.773109243697479 }, "model": "custom/pets/184" },
		{ "predicate": { "damaged": 0, "damage": 0.777310924369748 }, "model": "custom/pets/185" },
		{ "predicate": { "damaged": 0, "damage": 0.781512605042017 }, "model": "custom/pets/186" },
		{ "predicate": { "damaged": 0, "damage": 0.785714285714286 }, "model": "custom/pets/187" },
		{ "predicate": { "damaged": 0, "damage": 0.789915966386555 }, "model": "custom/pets/188" },
		{ "predicate": { "damaged": 0, "damage": 0.794117647058824 }, "model": "custom/pets/189" },
		{ "predicate": { "damaged": 0, "damage": 0.798319327731092 }, "model": "custom/pets/190" },
		{ "predicate": { "damaged": 0, "damage": 0.802521008403361 }, "model": "custom/pets/191" },
		{ "predicate": { "damaged": 0, "damage": 0.80672268907563 }, "model": "custom/pets/192" },
		{ "predicate": { "damaged": 0, "damage": 0.810924369747899 }, "model": "custom/pets/193" },
		{ "predicate": { "damaged": 0, "damage": 0.815126050420168 }, "model": "custom/pets/194" },
		{ "predicate": { "damaged": 0, "damage": 0.819327731092437 }, "model": "custom/pets/195" },
		{ "predicate": { "damaged": 0, "damage": 0.823529411764706 }, "model": "custom/pets/196" },
		{ "predicate": { "damaged": 0, "damage": 0.827731092436975 }, "model": "custom/pets/197" },
		{ "predicate": { "damaged": 0, "damage": 0.831932773109244 }, "model": "custom/pets/198" },
		{ "predicate": { "damaged": 0, "damage": 0.836134453781513 }, "model": "custom/pets/199" },
		{ "predicate": { "damaged": 0, "damage": 0.840336134453782 }, "model": "custom/pets/200" },
		{ "predicate": { "damaged": 0, "damage": 0.84453781512605 }, "model": "custom/pets/201" },
		{ "predicate": { "damaged": 0, "damage": 0.848739495798319 }, "model": "custom/pets/202" },
		{ "predicate": { "damaged": 0, "damage": 0.852941176470588 }, "model": "custom/pets/203" },
		{ "predicate": { "damaged": 0, "damage": 0.857142857142857 }, "model": "custom/pets/204" },
		{ "predicate": { "damaged": 0, "damage": 0.861344537815126 }, "model": "custom/pets/205" },
		{ "predicate": { "damaged": 0, "damage": 0.865546218487395 }, "model": "custom/pets/206" },
		{ "predicate": { "damaged": 0, "damage": 0.869747899159664 }, "model": "custom/pets/207" },
		{ "predicate": { "damaged": 0, "damage": 0.873949579831933 }, "model": "custom/pets/208" },
		{ "predicate": { "damaged": 0, "damage": 0.878151260504202 }, "model": "custom/pets/209" },
		{ "predicate": { "damaged": 0, "damage": 0.882352941176471 }, "model": "custom/pets/210" },
		{ "predicate": { "damaged": 0, "damage": 0.88655462184874 }, "model": "custom/pets/211" },
		{ "predicate": { "damaged": 0, "damage": 0.890756302521008 }, "model": "custom/pets/212" },
		{ "predicate": { "damaged": 0, "damage": 0.894957983193277 }, "model": "custom/pets/213" },
		{ "predicate": { "damaged": 0, "damage": 0.899159663865546 }, "model": "custom/pets/214" },
		{ "predicate": { "damaged": 0, "damage": 0.903361344537815 }, "model": "custom/pets/215" },
		{ "predicate": { "damaged": 0, "damage": 0.907563025210084 }, "model": "custom/pets/216" },
		{ "predicate": { "damaged": 0, "damage": 0.911764705882353 }, "model": "custom/pets/217" },
		{ "predicate": { "damaged": 0, "damage": 0.915966386554622 }, "model": "custom/pets/218" },
		{ "predicate": { "damaged": 0, "damage": 0.920168067226891 }, "model": "custom/pets/219" },
		{ "predicate": { "damaged": 0, "damage": 0.92436974789916 }, "model": "custom/pets/220" },
		{ "predicate": { "damaged": 0, "damage": 0.928571428571429 }, "model": "custom/pets/221" },
		{ "predicate": { "damaged": 0, "damage": 0.932773109243697 }, "model": "custom/pets/222" },
		{ "predicate": { "damaged": 0, "damage": 0.936974789915966 }, "model": "custom/pets/223" },
		{ "predicate": { "damaged": 0, "damage": 0.941176470588235 }, "model": "custom/pets/224" },
		{ "predicate": { "damaged": 0, "damage": 0.945378151260504 }, "model": "custom/pets/225" },
		{ "predicate": { "damaged": 0, "damage": 0.949579831932773 }, "model": "custom/pets/226" },
		{ "predicate": { "damaged": 0, "damage": 0.953781512605042 }, "model": "custom/pets/227" },
		{ "predicate": { "damaged": 0, "damage": 0.957983193277311 }, "model": "custom/pets/228" },
		{ "predicate": { "damaged": 0, "damage": 0.96218487394958 }, "model": "custom/pets/229" },
		{ "predicate": { "damaged": 0, "damage": 0.966386554621849 }, "model": "custom/pets/230" },
		{ "predicate": { "damaged": 0, "damage": 0.970588235294118 }, "model": "custom/pets/231" },
		{ "predicate": { "damaged": 0, "damage": 0.974789915966387 }, "model": "custom/pets/232" },
		{ "predicate": { "damaged": 0, "damage": 0.978991596638655 }, "model": "custom/pets/233" },
		{ "predicate": { "damaged": 0, "damage": 0.983193277310924 }, "model": "custom/pets/234" },
		{ "predicate": { "damaged": 0, "damage": 0.987394957983193 }, "model": "custom/pets/235" },
		{ "predicate": { "damaged": 0, "damage": 0.991596638655462 }, "model": "custom/pets/236" },
		{ "predicate": { "damaged": 0, "damage": 0.995798319327731 }, "model": "custom/pets/237" },
		{ "predicate": { "damaged": 1 }, "model": "item/shears" }
	]
}