{
	"credit": "Made with Blockbench",
	"texture_size": [32, 32],
	"textures": {
		"1": "item/pickaxes/legendary_anom_pickaxe",
		"particle": "item/pickaxes/legendary_anom_pickaxe"
	},
	"elements": [
		{
			"name": "Oculus",
			"from": [7.29604, 10.4, 8.79729],
			"to": [8.69604, 14.6, 9.38354],
			"rotation": {"angle": 0, "axis": "y", "origin": [7.98679, 14.75, 9.64097]},
			"faces": {
				"north": {"uv": [5.5, 7, 6, 9], "texture": "#1"},
				"east": {"uv": [2.5, 8, 3, 10], "texture": "#1"},
				"south": {"uv": [3, 8, 3.5, 10], "texture": "#1"},
				"west": {"uv": [3.5, 8, 4, 10], "texture": "#1"},
				"up": {"uv": [7.5, 4.5, 7, 4], "texture": "#1"},
				"down": {"uv": [9, 5, 8.5, 5.5], "texture": "#1"}
			}
		},
		{
			"from": [5.00234, 11.17257, 8.79729],
			"to": [6.40234, 11.87257, 9.49729],
			"rotation": {"angle": 45, "axis": "z", "origin": [7.98679, 14.75, 9.64097]},
			"faces": {
				"north": {"uv": [9, 6, 9.5, 6.5], "texture": "#1"},
				"east": {"uv": [7.5, 9, 8, 9.5], "texture": "#1"},
				"south": {"uv": [9.5, 7, 10, 7.5], "texture": "#1"},
				"west": {"uv": [7, 10, 7.5, 10.5], "texture": "#1"},
				"up": {"uv": [10.5, 9.5, 10, 9], "texture": "#1"},
				"down": {"uv": [11, 10, 10.5, 10.5], "texture": "#1"}
			}
		},
		{
			"from": [4.42484, 11.17257, 8.79729],
			"to": [5.00234, 11.87257, 9.49729],
			"rotation": {"angle": 45, "axis": "z", "origin": [7.98679, 14.75, 9.64097]},
			"faces": {
				"north": {"uv": [12, 7, 12.5, 7.5], "texture": "#1"},
				"east": {"uv": [12.5, 7, 13, 7.5], "texture": "#1"},
				"south": {"uv": [12.5, 8.5, 13, 9], "texture": "#1"},
				"west": {"uv": [12.5, 12.5, 13, 13], "texture": "#1"},
				"up": {"uv": [0.5, 13.5, 0, 13], "texture": "#1"},
				"down": {"uv": [1, 13, 0.5, 13.5], "texture": "#1"}
			}
		},
		{
			"from": [9.58432, 11.18565, 8.79729],
			"to": [10.98432, 11.88565, 9.49729],
			"rotation": {"angle": -45, "axis": "z", "origin": [7.98679, 14.75, 9.64097]},
			"faces": {
				"north": {"uv": [13, 0.5, 13.5, 1], "texture": "#1"},
				"east": {"uv": [13, 1, 13.5, 1.5], "texture": "#1"},
				"south": {"uv": [13, 1.5, 13.5, 2], "texture": "#1"},
				"west": {"uv": [13, 2, 13.5, 2.5], "texture": "#1"},
				"up": {"uv": [13.5, 3, 13, 2.5], "texture": "#1"},
				"down": {"uv": [13.5, 3, 13, 3.5], "texture": "#1"}
			}
		},
		{
			"from": [8.18432, 14.44545, 8.79729],
			"to": [9.58432, 15.14545, 9.49729],
			"rotation": {"angle": -45, "axis": "z", "origin": [7.98679, 14.75, 9.64097]},
			"faces": {
				"north": {"uv": [13, 3.5, 13.5, 4], "texture": "#1"},
				"east": {"uv": [13, 4, 13.5, 4.5], "texture": "#1"},
				"south": {"uv": [13, 4.5, 13.5, 5], "texture": "#1"},
				"west": {"uv": [13, 5, 13.5, 5.5], "texture": "#1"},
				"up": {"uv": [13.5, 6, 13, 5.5], "texture": "#1"},
				"down": {"uv": [13.5, 6, 13, 6.5], "texture": "#1"}
			}
		},
		{
			"from": [7.60682, 14.44545, 8.79729],
			"to": [8.18432, 15.14545, 9.49729],
			"rotation": {"angle": -45, "axis": "z", "origin": [7.98679, 14.75, 9.64097]},
			"faces": {
				"north": {"uv": [13, 6.5, 13.5, 7], "texture": "#1"},
				"east": {"uv": [7, 13, 7.5, 13.5], "texture": "#1"},
				"south": {"uv": [13, 7, 13.5, 7.5], "texture": "#1"},
				"west": {"uv": [7.5, 13, 8, 13.5], "texture": "#1"},
				"up": {"uv": [13.5, 8, 13, 7.5], "texture": "#1"},
				"down": {"uv": [8.5, 13, 8, 13.5], "texture": "#1"}
			}
		},
		{
			"from": [6.40234, 14.43237, 8.79729],
			"to": [7.80234, 15.13237, 9.49729],
			"rotation": {"angle": 45, "axis": "z", "origin": [7.98679, 14.75, 9.64097]},
			"faces": {
				"north": {"uv": [13, 8, 13.5, 8.5], "texture": "#1"},
				"east": {"uv": [8.5, 13, 9, 13.5], "texture": "#1"},
				"south": {"uv": [13, 8.5, 13.5, 9], "texture": "#1"},
				"west": {"uv": [9, 13, 9.5, 13.5], "texture": "#1"},
				"up": {"uv": [13.5, 9.5, 13, 9], "texture": "#1"},
				"down": {"uv": [10, 13, 9.5, 13.5], "texture": "#1"}
			}
		},
		{
			"from": [8.69604, 11.1, 8.79729],
			"to": [9.39604, 13.9, 9.49729],
			"rotation": {"angle": 0, "axis": "y", "origin": [7.98679, 14.75, 9.64097]},
			"faces": {
				"north": {"uv": [4, 11, 4.5, 12.5], "texture": "#1"},
				"east": {"uv": [4.5, 11, 5, 12.5], "texture": "#1"},
				"south": {"uv": [5, 11, 5.5, 12.5], "texture": "#1"},
				"west": {"uv": [5.5, 11, 6, 12.5], "texture": "#1"},
				"up": {"uv": [13.5, 10, 13, 9.5], "texture": "#1"},
				"down": {"uv": [10.5, 13, 10, 13.5], "texture": "#1"}
			}
		},
		{
			"from": [6.59604, 11.1, 8.79729],
			"to": [7.29604, 13.9, 9.49729],
			"rotation": {"angle": 0, "axis": "y", "origin": [7.98679, 14.75, 9.64097]},
			"faces": {
				"north": {"uv": [6, 11, 6.5, 12.5], "texture": "#1"},
				"east": {"uv": [6.5, 11, 7, 12.5], "texture": "#1"},
				"south": {"uv": [11, 7, 11.5, 8.5], "texture": "#1"},
				"west": {"uv": [11, 10, 11.5, 11.5], "texture": "#1"},
				"up": {"uv": [13.5, 10.5, 13, 10], "texture": "#1"},
				"down": {"uv": [11, 13, 10.5, 13.5], "texture": "#1"}
			}
		},
		{
			"name": "Oculus",
			"from": [7.29604, 10.4, 6.61646],
			"to": [8.69604, 14.6, 7.20271],
			"rotation": {"angle": 0, "axis": "y", "origin": [7.98679, 14.75, 6.35903]},
			"faces": {
				"north": {"uv": [4, 8, 4.5, 10], "texture": "#1"},
				"east": {"uv": [4.5, 8, 5, 10], "texture": "#1"},
				"south": {"uv": [5, 8, 5.5, 10], "texture": "#1"},
				"west": {"uv": [6, 8, 6.5, 10], "texture": "#1"},
				"up": {"uv": [13.5, 11, 13, 10.5], "texture": "#1"},
				"down": {"uv": [11.5, 13, 11, 13.5], "texture": "#1"}
			}
		},
		{
			"from": [5.00234, 11.17257, 6.50271],
			"to": [6.40234, 11.87257, 7.20271],
			"rotation": {"angle": 45, "axis": "z", "origin": [7.98679, 14.75, 6.35903]},
			"faces": {
				"north": {"uv": [13, 11, 13.5, 11.5], "texture": "#1"},
				"east": {"uv": [11.5, 13, 12, 13.5], "texture": "#1"},
				"south": {"uv": [13, 11.5, 13.5, 12], "texture": "#1"},
				"west": {"uv": [13, 12, 13.5, 12.5], "texture": "#1"},
				"up": {"uv": [13, 13.5, 12.5, 13], "texture": "#1"},
				"down": {"uv": [13.5, 12.5, 13, 13], "texture": "#1"}
			}
		},
		{
			"from": [4.42484, 11.17257, 6.50271],
			"to": [5.00234, 11.87257, 7.20271],
			"rotation": {"angle": 45, "axis": "z", "origin": [7.98679, 14.75, 6.35903]},
			"faces": {
				"north": {"uv": [13, 13, 13.5, 13.5], "texture": "#1"},
				"east": {"uv": [0, 13.5, 0.5, 14], "texture": "#1"},
				"south": {"uv": [13.5, 0, 14, 0.5], "texture": "#1"},
				"west": {"uv": [0.5, 13.5, 1, 14], "texture": "#1"},
				"up": {"uv": [14, 1, 13.5, 0.5], "texture": "#1"},
				"down": {"uv": [1.5, 13.5, 1, 14], "texture": "#1"}
			}
		},
		{
			"from": [9.58432, 11.18565, 6.50271],
			"to": [10.98432, 11.88565, 7.20271],
			"rotation": {"angle": -45, "axis": "z", "origin": [7.98679, 14.75, 6.35903]},
			"faces": {
				"north": {"uv": [13.5, 1, 14, 1.5], "texture": "#1"},
				"east": {"uv": [1.5, 13.5, 2, 14], "texture": "#1"},
				"south": {"uv": [13.5, 1.5, 14, 2], "texture": "#1"},
				"west": {"uv": [2, 13.5, 2.5, 14], "texture": "#1"},
				"up": {"uv": [14, 2.5, 13.5, 2], "texture": "#1"},
				"down": {"uv": [3, 13.5, 2.5, 14], "texture": "#1"}
			}
		},
		{
			"from": [8.18432, 14.44545, 6.50271],
			"to": [9.58432, 15.14545, 7.20271],
			"rotation": {"angle": -45, "axis": "z", "origin": [7.98679, 14.75, 6.35903]},
			"faces": {
				"north": {"uv": [13.5, 2.5, 14, 3], "texture": "#1"},
				"east": {"uv": [3, 13.5, 3.5, 14], "texture": "#1"},
				"south": {"uv": [13.5, 3, 14, 3.5], "texture": "#1"},
				"west": {"uv": [3.5, 13.5, 4, 14], "texture": "#1"},
				"up": {"uv": [14, 4, 13.5, 3.5], "texture": "#1"},
				"down": {"uv": [4.5, 13.5, 4, 14], "texture": "#1"}
			}
		},
		{
			"from": [7.60682, 14.44545, 6.50271],
			"to": [8.18432, 15.14545, 7.20271],
			"rotation": {"angle": -45, "axis": "z", "origin": [7.98679, 14.75, 6.35903]},
			"faces": {
				"north": {"uv": [13.5, 4, 14, 4.5], "texture": "#1"},
				"east": {"uv": [4.5, 13.5, 5, 14], "texture": "#1"},
				"south": {"uv": [13.5, 4.5, 14, 5], "texture": "#1"},
				"west": {"uv": [5, 13.5, 5.5, 14], "texture": "#1"},
				"up": {"uv": [14, 5.5, 13.5, 5], "texture": "#1"},
				"down": {"uv": [6, 13.5, 5.5, 14], "texture": "#1"}
			}
		},
		{
			"from": [6.40234, 14.43237, 6.50271],
			"to": [7.80234, 15.13237, 7.20271],
			"rotation": {"angle": 45, "axis": "z", "origin": [7.98679, 14.75, 6.35903]},
			"faces": {
				"north": {"uv": [13.5, 5.5, 14, 6], "texture": "#1"},
				"east": {"uv": [6, 13.5, 6.5, 14], "texture": "#1"},
				"south": {"uv": [13.5, 6, 14, 6.5], "texture": "#1"},
				"west": {"uv": [6.5, 13.5, 7, 14], "texture": "#1"},
				"up": {"uv": [14, 7, 13.5, 6.5], "texture": "#1"},
				"down": {"uv": [7.5, 13.5, 7, 14], "texture": "#1"}
			}
		},
		{
			"from": [8.69604, 11.1, 6.50271],
			"to": [9.39604, 13.9, 7.20271],
			"rotation": {"angle": 0, "axis": "y", "origin": [7.98679, 14.75, 6.35903]},
			"faces": {
				"north": {"uv": [0, 11.5, 0.5, 13], "texture": "#1"},
				"east": {"uv": [11.5, 0, 12, 1.5], "texture": "#1"},
				"south": {"uv": [0.5, 11.5, 1, 13], "texture": "#1"},
				"west": {"uv": [11.5, 1.5, 12, 3], "texture": "#1"},
				"up": {"uv": [14, 7.5, 13.5, 7], "texture": "#1"},
				"down": {"uv": [8, 13.5, 7.5, 14], "texture": "#1"}
			}
		},
		{
			"from": [6.59604, 11.1, 6.50271],
			"to": [7.29604, 13.9, 7.20271],
			"rotation": {"angle": 0, "axis": "y", "origin": [7.98679, 14.75, 6.35903]},
			"faces": {
				"north": {"uv": [11.5, 3, 12, 4.5], "texture": "#1"},
				"east": {"uv": [11.5, 4.5, 12, 6], "texture": "#1"},
				"south": {"uv": [11.5, 6, 12, 7.5], "texture": "#1"},
				"west": {"uv": [7, 11.5, 7.5, 13], "texture": "#1"},
				"up": {"uv": [14, 8, 13.5, 7.5], "texture": "#1"},
				"down": {"uv": [8.5, 13.5, 8, 14], "texture": "#1"}
			}
		},
		{
			"from": [7, 4.15, 7],
			"to": [9, 5.15, 9],
			"rotation": {"angle": 0, "axis": "y", "origin": [8, 8, 8]},
			"faces": {
				"north": {"uv": [12, 0.5, 13, 1], "texture": "#1"},
				"east": {"uv": [1, 12, 2, 12.5], "texture": "#1"},
				"south": {"uv": [12, 1, 13, 1.5], "texture": "#1"},
				"west": {"uv": [12, 1.5, 13, 2], "texture": "#1"},
				"up": {"uv": [9, 8.5, 8, 7.5], "texture": "#1"},
				"down": {"uv": [1, 8.5, 0, 9.5], "texture": "#1"}
			}
		},
		{
			"from": [7, 2.15, 7],
			"to": [9, 3.15, 9],
			"faces": {
				"north": {"uv": [2, 12, 3, 12.5], "texture": "#1"},
				"east": {"uv": [12, 2, 13, 2.5], "texture": "#1"},
				"south": {"uv": [12, 2.5, 13, 3], "texture": "#1"},
				"west": {"uv": [3, 12, 4, 12.5], "texture": "#1"},
				"up": {"uv": [9.5, 1, 8.5, 0], "texture": "#1"},
				"down": {"uv": [9.5, 1, 8.5, 2], "texture": "#1"}
			}
		},
		{
			"from": [7, 0.15, 7],
			"to": [9, 1.15, 9],
			"rotation": {"angle": 0, "axis": "y", "origin": [8, 4, 8]},
			"faces": {
				"north": {"uv": [12, 3, 13, 3.5], "texture": "#1"},
				"east": {"uv": [12, 3.5, 13, 4], "texture": "#1"},
				"south": {"uv": [12, 4, 13, 4.5], "texture": "#1"},
				"west": {"uv": [12, 4.5, 13, 5], "texture": "#1"},
				"up": {"uv": [9.5, 3, 8.5, 2], "texture": "#1"},
				"down": {"uv": [9.5, 3, 8.5, 4], "texture": "#1"}
			}
		},
		{
			"name": "Middle",
			"from": [7.25, 0, 7.25],
			"to": [8.75, 9, 8.75],
			"rotation": {"angle": 0, "axis": "y", "origin": [0, -6, 0]},
			"faces": {
				"north": {"uv": [0, 0, 1, 4.5], "texture": "#1"},
				"east": {"uv": [1, 0, 2, 4.5], "texture": "#1"},
				"south": {"uv": [2, 0, 3, 4.5], "texture": "#1"},
				"west": {"uv": [3, 0, 4, 4.5], "texture": "#1"},
				"up": {"uv": [9.5, 5, 8.5, 4], "texture": "#1"},
				"down": {"uv": [9.5, 6.5, 8.5, 7.5], "texture": "#1"}
			}
		},
		{
			"name": "Top",
			"from": [7, 8.75, 7],
			"to": [9, 10.75, 9],
			"rotation": {"angle": 0, "axis": "y", "origin": [0, -6, 0]},
			"faces": {
				"north": {"uv": [8, 8.5, 9, 9.5], "texture": "#1"},
				"east": {"uv": [1, 9, 2, 10], "texture": "#1"},
				"south": {"uv": [9, 5, 10, 6], "texture": "#1"},
				"west": {"uv": [6.5, 9, 7.5, 10], "texture": "#1"},
				"up": {"uv": [10, 8.5, 9, 7.5], "texture": "#1"},
				"down": {"uv": [10, 8.5, 9, 9.5], "texture": "#1"}
			}
		},
		{
			"name": "Bottom",
			"from": [6.75, -2.5, 6.75],
			"to": [9.25, 0, 9.25],
			"rotation": {"angle": 0, "axis": "y", "origin": [-4, -6, 0]},
			"faces": {
				"north": {"uv": [4, 0, 5.5, 1.5], "texture": "#1"},
				"east": {"uv": [4, 1.5, 5.5, 3], "texture": "#1"},
				"south": {"uv": [4, 3, 5.5, 4.5], "texture": "#1"},
				"west": {"uv": [0, 4.5, 1.5, 6], "texture": "#1"},
				"up": {"uv": [3, 6, 1.5, 4.5], "texture": "#1"},
				"down": {"uv": [4.5, 4.5, 3, 6], "texture": "#1"}
			}
		},
		{
			"from": [7.09664, -3.99226, 7.07648],
			"to": [8.94368, -2.1097, 8.92352],
			"rotation": {"angle": 0, "axis": "y", "origin": [8.00715, -3.6398, 8]},
			"faces": {
				"north": {"uv": [0, 9.5, 1, 10.5], "texture": "#1"},
				"east": {"uv": [9.5, 0, 10.5, 1], "texture": "#1"},
				"south": {"uv": [9.5, 1, 10.5, 2], "texture": "#1"},
				"west": {"uv": [9.5, 2, 10.5, 3], "texture": "#1"},
				"up": {"uv": [10.5, 4, 9.5, 3], "texture": "#1"},
				"down": {"uv": [10.5, 4, 9.5, 5], "texture": "#1"}
			}
		},
		{
			"from": [7.61204, -4.53733, 7.0774],
			"to": [8.91521, -3.21109, 8.9226],
			"rotation": {"angle": -45, "axis": "z", "origin": [8.00715, -3.6398, 8]},
			"faces": {
				"north": {"uv": [13.5, 8, 14, 8.5], "texture": "#1"},
				"east": {"uv": [12, 5, 13, 5.5], "texture": "#1"},
				"south": {"uv": [8.5, 13.5, 9, 14], "texture": "#1"},
				"west": {"uv": [12, 5.5, 13, 6], "texture": "#1"},
				"up": {"uv": [7, 9, 6.5, 8], "texture": "#1"},
				"down": {"uv": [2.5, 9, 2, 10], "texture": "#1"}
			}
		},
		{
			"from": [6.58329, -4.45963, 7.26118],
			"to": [8.06092, -2.58728, 8.73882],
			"rotation": {"angle": -22.5, "axis": "z", "origin": [8.00715, -3.6398, 8]},
			"faces": {
				"north": {"uv": [5.5, 9, 6, 10], "texture": "#1"},
				"east": {"uv": [11, 5, 11.5, 6], "texture": "#1"},
				"south": {"uv": [12, 6, 12.5, 7], "texture": "#1"},
				"west": {"uv": [7.5, 12, 8, 13], "texture": "#1"},
				"up": {"uv": [14, 9, 13.5, 8.5], "texture": "#1"},
				"down": {"uv": [9.5, 13.5, 9, 14], "texture": "#1"}
			}
		},
		{
			"from": [6.42335, -4.2611, 7.26192],
			"to": [7.46588, -3.20012, 8.73808],
			"rotation": {"angle": 22.5, "axis": "z", "origin": [8.00715, -3.6398, 8]},
			"faces": {
				"north": {"uv": [13.5, 9, 14, 9.5], "texture": "#1"},
				"east": {"uv": [9.5, 13.5, 10, 14], "texture": "#1"},
				"south": {"uv": [13.5, 9.5, 14, 10], "texture": "#1"},
				"west": {"uv": [10, 13.5, 10.5, 14], "texture": "#1"},
				"up": {"uv": [14, 10.5, 13.5, 10], "texture": "#1"},
				"down": {"uv": [11, 13.5, 10.5, 14], "texture": "#1"}
			}
		},
		{
			"from": [7.94017, -4.45415, 7.26118],
			"to": [9.4178, -2.5818, 8.73882],
			"rotation": {"angle": 22.5, "axis": "z", "origin": [8.00715, -3.6398, 8]},
			"faces": {
				"north": {"uv": [8, 12, 8.5, 13], "texture": "#1"},
				"east": {"uv": [8.5, 12, 9, 13], "texture": "#1"},
				"south": {"uv": [9, 12, 9.5, 13], "texture": "#1"},
				"west": {"uv": [9.5, 12, 10, 13], "texture": "#1"},
				"up": {"uv": [14, 11, 13.5, 10.5], "texture": "#1"},
				"down": {"uv": [11.5, 13.5, 11, 14], "texture": "#1"}
			}
		},
		{
			"from": [8.53521, -4.26658, 7.26192],
			"to": [9.57774, -3.20559, 8.73808],
			"rotation": {"angle": -22.5, "axis": "z", "origin": [8.00715, -3.6398, 8]},
			"faces": {
				"north": {"uv": [13.5, 11, 14, 11.5], "texture": "#1"},
				"east": {"uv": [11.5, 13.5, 12, 14], "texture": "#1"},
				"south": {"uv": [13.5, 11.5, 14, 12], "texture": "#1"},
				"west": {"uv": [12, 13.5, 12.5, 14], "texture": "#1"},
				"up": {"uv": [14, 12.5, 13.5, 12], "texture": "#1"},
				"down": {"uv": [13, 13.5, 12.5, 14], "texture": "#1"}
			}
		},
		{
			"from": [6.8192, 13.29943, 6.99942],
			"to": [9.22035, 15.74676, 9.00058],
			"rotation": {"angle": 0, "axis": "y", "origin": [8.00286, 15.28856, 8]},
			"faces": {
				"north": {"uv": [9.5, 6, 10.5, 7], "texture": "#1"},
				"east": {"uv": [7.5, 9.5, 8.5, 10.5], "texture": "#1"},
				"south": {"uv": [8.5, 9.5, 9.5, 10.5], "texture": "#1"},
				"west": {"uv": [9.5, 9.5, 10.5, 10.5], "texture": "#1"},
				"up": {"uv": [2, 11, 1, 10], "texture": "#1"},
				"down": {"uv": [3, 10, 2, 11], "texture": "#1"}
			}
		},
		{
			"from": [7.48922, 14.73124, 7.00062],
			"to": [9.18333, 16.45534, 8.99938],
			"rotation": {"angle": 45, "axis": "z", "origin": [8.00286, 15.28856, 8]},
			"faces": {
				"north": {"uv": [3, 10, 4, 11], "texture": "#1"},
				"east": {"uv": [4, 10, 5, 11], "texture": "#1"},
				"south": {"uv": [5, 10, 6, 11], "texture": "#1"},
				"west": {"uv": [10, 5, 11, 6], "texture": "#1"},
				"up": {"uv": [7, 11, 6, 10], "texture": "#1"},
				"down": {"uv": [11, 7, 10, 8], "texture": "#1"}
			}
		},
		{
			"from": [14.24827, 9.30958, 7.35401],
			"to": [15.50612, 10.56742, 8.63604],
			"rotation": {"angle": 0, "axis": "y", "origin": [14.87719, 9.9385, 7.99503]},
			"faces": {
				"north": {"uv": [13.5, 12.5, 14, 13], "texture": "#1"},
				"east": {"uv": [13, 13.5, 13.5, 14], "texture": "#1"},
				"south": {"uv": [13.5, 13, 14, 13.5], "texture": "#1"},
				"west": {"uv": [13.5, 13.5, 14, 14], "texture": "#1"},
				"up": {"uv": [0.5, 14.5, 0, 14], "texture": "#1"},
				"down": {"uv": [14.5, 0, 14, 0.5], "texture": "#1"}
			}
		},
		{
			"from": [12.71421, 10.3615, 7.19936],
			"to": [14.43104, 12.07833, 8.81632],
			"rotation": {"angle": 22.5, "axis": "z", "origin": [13.55387, 11.20116, 8.17659]},
			"faces": {
				"north": {"uv": [10, 8, 11, 9], "texture": "#1"},
				"east": {"uv": [0, 10.5, 1, 11.5], "texture": "#1"},
				"south": {"uv": [10.5, 0, 11.5, 1], "texture": "#1"},
				"west": {"uv": [10.5, 1, 11.5, 2], "texture": "#1"},
				"up": {"uv": [11.5, 3, 10.5, 2], "texture": "#1"},
				"down": {"uv": [11.5, 3, 10.5, 4], "texture": "#1"}
			}
		},
		{
			"from": [12.46086, 9.6587, 7.35273],
			"to": [15.1309, 11.44329, 8.63732],
			"rotation": {"angle": -45, "axis": "z", "origin": [14.26339, 10.55154, 7.99503]},
			"faces": {
				"north": {"uv": [0, 6, 1.5, 7], "texture": "#1"},
				"east": {"uv": [10, 12, 10.5, 13], "texture": "#1"},
				"south": {"uv": [1.5, 6, 3, 7], "texture": "#1"},
				"west": {"uv": [10.5, 12, 11, 13], "texture": "#1"},
				"up": {"uv": [12.5, 9, 11, 8.5], "texture": "#1"},
				"down": {"uv": [9, 11.5, 7.5, 12], "texture": "#1"}
			}
		},
		{
			"from": [12.85401, 9.36378, 7.51895],
			"to": [13.72752, 10.24502, 8.5084],
			"rotation": {"angle": -22.5, "axis": "z", "origin": [12.96307, 10.13069, 8.01368]},
			"faces": {
				"north": {"uv": [0.5, 14, 1, 14.5], "texture": "#1"},
				"east": {"uv": [14, 0.5, 14.5, 1], "texture": "#1"},
				"south": {"uv": [1, 14, 1.5, 14.5], "texture": "#1"},
				"west": {"uv": [14, 1, 14.5, 1.5], "texture": "#1"},
				"up": {"uv": [2, 14.5, 1.5, 14], "texture": "#1"},
				"down": {"uv": [14.5, 1.5, 14, 2], "texture": "#1"}
			}
		},
		{
			"from": [12.34207, 9.66544, 7.51796],
			"to": [13.58137, 11.52439, 8.5094],
			"rotation": {"angle": 22.5, "axis": "z", "origin": [12.96271, 10.13155, 8.01368]},
			"faces": {
				"north": {"uv": [11, 12, 11.5, 13], "texture": "#1"},
				"east": {"uv": [11.5, 12, 12, 13], "texture": "#1"},
				"south": {"uv": [12, 11.5, 12.5, 12.5], "texture": "#1"},
				"west": {"uv": [1, 12.5, 1.5, 13.5], "texture": "#1"},
				"up": {"uv": [2.5, 14.5, 2, 14], "texture": "#1"},
				"down": {"uv": [14.5, 2, 14, 2.5], "texture": "#1"}
			}
		},
		{
			"from": [10.07125, 9.78681, 7.1976],
			"to": [13.31125, 12.21681, 8.8176],
			"rotation": {"angle": -22.5, "axis": "z", "origin": [14.00402, 10.47763, 8.04]},
			"faces": {
				"north": {"uv": [3, 6, 4.5, 7], "texture": "#1"},
				"east": {"uv": [10.5, 4, 11.5, 5], "texture": "#1"},
				"south": {"uv": [4.5, 6, 6, 7], "texture": "#1"},
				"west": {"uv": [10.5, 6, 11.5, 7], "texture": "#1"},
				"up": {"uv": [7.5, 5.5, 6, 4.5], "texture": "#1"},
				"down": {"uv": [7.5, 5.5, 6, 6.5], "texture": "#1"}
			}
		},
		{
			"from": [7.99749, 10.75685, 7],
			"to": [11.15999, 13.75685, 9],
			"rotation": {"angle": 0, "axis": "y", "origin": [2.15999, -2.24315, -1]},
			"faces": {
				"north": {"uv": [4.5, 4.5, 6, 6], "texture": "#1"},
				"east": {"uv": [6, 6.5, 7, 8], "texture": "#1"},
				"south": {"uv": [5.5, 0, 7, 1.5], "texture": "#1"},
				"west": {"uv": [0, 7, 1, 8.5], "texture": "#1"},
				"up": {"uv": [8.5, 1, 7, 0], "texture": "#1"},
				"down": {"uv": [2.5, 7, 1, 8], "texture": "#1"}
			}
		},
		{
			"from": [8.08782, 10.30852, 7.51796],
			"to": [10.94677, 11.04782, 8.5094],
			"rotation": {"angle": 22.5, "axis": "z", "origin": [9.51729, 10.17817, 8.01368]},
			"faces": {
				"north": {"uv": [11.5, 7.5, 13, 8], "texture": "#1"},
				"east": {"uv": [2.5, 14, 3, 14.5], "texture": "#1"},
				"south": {"uv": [11.5, 8, 13, 8.5], "texture": "#1"},
				"west": {"uv": [14, 2.5, 14.5, 3], "texture": "#1"},
				"up": {"uv": [10.5, 12, 9, 11.5], "texture": "#1"},
				"down": {"uv": [13, 9, 11.5, 9.5], "texture": "#1"}
			}
		},
		{
			"from": [9.02064, 12.91061, 7.26118],
			"to": [10.49827, 14.78296, 8.73882],
			"rotation": {"angle": -45, "axis": "z", "origin": [9.76049, 14.31273, 8]},
			"faces": {
				"north": {"uv": [1.5, 12.5, 2, 13.5], "texture": "#1"},
				"east": {"uv": [2, 12.5, 2.5, 13.5], "texture": "#1"},
				"south": {"uv": [2.5, 12.5, 3, 13.5], "texture": "#1"},
				"west": {"uv": [3, 12.5, 3.5, 13.5], "texture": "#1"},
				"up": {"uv": [3.5, 14.5, 3, 14], "texture": "#1"},
				"down": {"uv": [14.5, 3, 14, 3.5], "texture": "#1"}
			}
		},
		{
			"from": [9.56943, 14.11098, 7.26192],
			"to": [10.61196, 15.17197, 8.73808],
			"rotation": {"angle": 0, "axis": "y", "origin": [9.76049, 14.31273, 8]},
			"faces": {
				"north": {"uv": [3.5, 14, 4, 14.5], "texture": "#1"},
				"east": {"uv": [14, 3.5, 14.5, 4], "texture": "#1"},
				"south": {"uv": [4, 14, 4.5, 14.5], "texture": "#1"},
				"west": {"uv": [14, 4, 14.5, 4.5], "texture": "#1"},
				"up": {"uv": [5, 14.5, 4.5, 14], "texture": "#1"},
				"down": {"uv": [14.5, 4.5, 14, 5], "texture": "#1"}
			}
		},
		{
			"from": [0.49388, 9.30958, 7.35401],
			"to": [1.75173, 10.56742, 8.63604],
			"rotation": {"angle": 0, "axis": "y", "origin": [1.12281, 9.9385, 7.99503]},
			"faces": {
				"north": {"uv": [5, 14, 5.5, 14.5], "texture": "#1"},
				"east": {"uv": [14, 5, 14.5, 5.5], "texture": "#1"},
				"south": {"uv": [5.5, 14, 6, 14.5], "texture": "#1"},
				"west": {"uv": [14, 5.5, 14.5, 6], "texture": "#1"},
				"up": {"uv": [6.5, 14.5, 6, 14], "texture": "#1"},
				"down": {"uv": [14.5, 6, 14, 6.5], "texture": "#1"}
			}
		},
		{
			"from": [1.56896, 10.3615, 7.19936],
			"to": [3.28579, 12.07833, 8.81632],
			"rotation": {"angle": -22.5, "axis": "z", "origin": [2.44613, 11.20116, 8.17659]},
			"faces": {
				"north": {"uv": [7, 10.5, 8, 11.5], "texture": "#1"},
				"east": {"uv": [8, 10.5, 9, 11.5], "texture": "#1"},
				"south": {"uv": [9, 10.5, 10, 11.5], "texture": "#1"},
				"west": {"uv": [10.5, 9, 11.5, 10], "texture": "#1"},
				"up": {"uv": [11, 11.5, 10, 10.5], "texture": "#1"},
				"down": {"uv": [2, 11, 1, 12], "texture": "#1"}
			}
		},
		{
			"from": [0.8691, 9.6587, 7.35273],
			"to": [3.53914, 11.44329, 8.63732],
			"rotation": {"angle": 45, "axis": "z", "origin": [1.73661, 10.55154, 7.99503]},
			"faces": {
				"north": {"uv": [7, 1, 8.5, 2], "texture": "#1"},
				"east": {"uv": [3.5, 12.5, 4, 13.5], "texture": "#1"},
				"south": {"uv": [7, 2, 8.5, 3], "texture": "#1"},
				"west": {"uv": [4, 12.5, 4.5, 13.5], "texture": "#1"},
				"up": {"uv": [13, 10, 11.5, 9.5], "texture": "#1"},
				"down": {"uv": [13, 10, 11.5, 10.5], "texture": "#1"}
			}
		},
		{
			"from": [2.27248, 9.36378, 7.51895],
			"to": [3.14599, 10.24502, 8.5084],
			"rotation": {"angle": 22.5, "axis": "z", "origin": [3.03693, 10.13069, 8.01368]},
			"faces": {
				"north": {"uv": [6.5, 14, 7, 14.5], "texture": "#1"},
				"east": {"uv": [14, 6.5, 14.5, 7], "texture": "#1"},
				"south": {"uv": [7, 14, 7.5, 14.5], "texture": "#1"},
				"west": {"uv": [14, 7, 14.5, 7.5], "texture": "#1"},
				"up": {"uv": [8, 14.5, 7.5, 14], "texture": "#1"},
				"down": {"uv": [14.5, 7.5, 14, 8], "texture": "#1"}
			}
		},
		{
			"from": [2.41863, 9.66544, 7.51796],
			"to": [3.65793, 11.52439, 8.5094],
			"rotation": {"angle": -22.5, "axis": "z", "origin": [3.03729, 10.13155, 8.01368]},
			"faces": {
				"north": {"uv": [4.5, 12.5, 5, 13.5], "texture": "#1"},
				"east": {"uv": [5, 12.5, 5.5, 13.5], "texture": "#1"},
				"south": {"uv": [5.5, 12.5, 6, 13.5], "texture": "#1"},
				"west": {"uv": [6, 12.5, 6.5, 13.5], "texture": "#1"},
				"up": {"uv": [8.5, 14.5, 8, 14], "texture": "#1"},
				"down": {"uv": [14.5, 8, 14, 8.5], "texture": "#1"}
			}
		},
		{
			"from": [2.68875, 9.78681, 7.1976],
			"to": [5.92875, 12.21681, 8.8176],
			"rotation": {"angle": 22.5, "axis": "z", "origin": [1.99598, 10.47763, 8.04]},
			"faces": {
				"north": {"uv": [2.5, 7, 4, 8], "texture": "#1"},
				"east": {"uv": [2, 11, 3, 12], "texture": "#1"},
				"south": {"uv": [7, 3, 8.5, 4], "texture": "#1"},
				"west": {"uv": [3, 11, 4, 12], "texture": "#1"},
				"up": {"uv": [5.5, 8, 4, 7], "texture": "#1"},
				"down": {"uv": [8.5, 6.5, 7, 7.5], "texture": "#1"}
			}
		},
		{
			"from": [4.84001, 10.75685, 7],
			"to": [8.00251, 13.75685, 9],
			"rotation": {"angle": 0, "axis": "y", "origin": [13.84001, -2.24315, -1]},
			"faces": {
				"north": {"uv": [5.5, 1.5, 7, 3], "texture": "#1"},
				"east": {"uv": [7.5, 4, 8.5, 5.5], "texture": "#1"},
				"south": {"uv": [5.5, 3, 7, 4.5], "texture": "#1"},
				"west": {"uv": [7, 7.5, 8, 9], "texture": "#1"},
				"up": {"uv": [9, 6.5, 7.5, 5.5], "texture": "#1"},
				"down": {"uv": [2.5, 8, 1, 9], "texture": "#1"}
			}
		},
		{
			"from": [5.05323, 10.30852, 7.51796],
			"to": [7.91218, 11.04782, 8.5094],
			"rotation": {"angle": -22.5, "axis": "z", "origin": [6.48271, 10.17817, 8.01368]},
			"faces": {
				"north": {"uv": [10.5, 11.5, 12, 12], "texture": "#1"},
				"east": {"uv": [8.5, 14, 9, 14.5], "texture": "#1"},
				"south": {"uv": [11.5, 10.5, 13, 11], "texture": "#1"},
				"west": {"uv": [14, 8.5, 14.5, 9], "texture": "#1"},
				"up": {"uv": [13, 11.5, 11.5, 11], "texture": "#1"},
				"down": {"uv": [13.5, 0, 12, 0.5], "texture": "#1"}
			}
		},
		{
			"from": [5.50173, 12.91061, 7.26118],
			"to": [6.97936, 14.78296, 8.73882],
			"rotation": {"angle": 45, "axis": "z", "origin": [6.23951, 14.31273, 8]},
			"faces": {
				"north": {"uv": [12.5, 6, 13, 7], "texture": "#1"},
				"east": {"uv": [6.5, 12.5, 7, 13.5], "texture": "#1"},
				"south": {"uv": [12.5, 11.5, 13, 12.5], "texture": "#1"},
				"west": {"uv": [12, 12.5, 12.5, 13.5], "texture": "#1"},
				"up": {"uv": [9.5, 14.5, 9, 14], "texture": "#1"},
				"down": {"uv": [14.5, 9, 14, 9.5], "texture": "#1"}
			}
		},
		{
			"from": [5.38804, 14.11098, 7.26192],
			"to": [6.43057, 15.17197, 8.73808],
			"rotation": {"angle": 0, "axis": "y", "origin": [6.23951, 14.31273, 8]},
			"faces": {
				"north": {"uv": [9.5, 14, 10, 14.5], "texture": "#1"},
				"east": {"uv": [14, 9.5, 14.5, 10], "texture": "#1"},
				"south": {"uv": [10, 14, 10.5, 14.5], "texture": "#1"},
				"west": {"uv": [14, 10, 14.5, 10.5], "texture": "#1"},
				"up": {"uv": [11, 14.5, 10.5, 14], "texture": "#1"},
				"down": {"uv": [14.5, 10.5, 14, 11], "texture": "#1"}
			}
		}
	],
	"display": {
		"thirdperson_righthand": {
			"rotation": [0, 90, 0],
			"translation": [0, 3.5, 2]
		},
		"thirdperson_lefthand": {
			"rotation": [0, -90, 0],
			"translation": [0, 3.5, 2]
		},
		"firstperson_righthand": {
			"rotation": [10, 90, 0],
			"translation": [3, 4.75, 0],
			"scale": [0.8, 0.8, 0.8]
		},
		"firstperson_lefthand": {
			"rotation": [10, -90, 0],
			"translation": [3, 4.75, 0],
			"scale": [0.8, 0.8, 0.8]
		},
		"ground": {
			"rotation": [0, 0, 30],
			"translation": [0, 2.75, 0],
			"scale": [0.8, 0.8, 0.8]
		},
		"gui": {
			"rotation": [0, -180, 45],
			"translation": [0.25, 0.25, -0.75],
			"scale": [0.8, 0.8, 0.8]
		},
		"head": {
			"rotation": [34.53, 86.37, -35.49],
			"translation": [0, 4.5, 0.5]
		},
		"fixed": {
			"rotation": [0, 0, 45],
			"translation": [-0.75, 1.25, -0.75]
		}
	},
	"groups": [
		{
			"name": "Pickaxe",
			"origin": [8, 8, 8],
			"color": 0,
			"children": [
				{
					"name": "Eyes",
					"origin": [8, 8, 8],
					"color": 0,
					"children": [
						{
							"name": "Eye 2",
							"origin": [-1.98679, 16, -5.39097],
							"rotation": [0, 0, 20],
							"color": 0,
							"children": [0, 1, 2, 3, 4, 5, 6, 7, 8]
						},
						{
							"name": "Eye 2",
							"origin": [-1.98679, 16, -5.39097],
							"rotation": [0, 0, 20],
							"color": 0,
							"children": [9, 10, 11, 12, 13, 14, 15, 16, 17]
						}
					]
				},
				{
					"name": "Rod",
					"origin": [0, 0, 0],
					"color": 0,
					"children": [
						{
							"name": "Bindings",
							"origin": [0, 0, 0],
							"color": 0,
							"children": [18, 19, 20]
						},
						{
							"name": "Handle",
							"origin": [-4, -6, 0],
							"color": 0,
							"children": [21, 22, 23]
						}
					]
				},
				{
					"name": "Bottom Piece",
					"origin": [8, 8, 8],
					"color": 0,
					"children": [
						24,
						25,
						{
							"name": "group",
							"origin": [8, 8, 8],
							"color": 0,
							"children": [26, 27]
						},
						{
							"name": "group",
							"origin": [8, 8, 8],
							"color": 0,
							"children": [28, 29]
						}
					]
				},
				{
					"name": "Pick Head",
					"origin": [9.76049, 16.70023, 8],
					"color": 0,
					"children": [
						{
							"name": "Top crystal",
							"origin": [8.00286, 15.28856, 8],
							"color": 0,
							"children": [30, 31]
						},
						{
							"name": "Right",
							"origin": [9.76049, 14.31273, 8],
							"color": 0,
							"children": [32, 33, 34, 35, 36, 37, 38, 39, 40, 41]
						},
						{
							"name": "Right",
							"origin": [9.76049, 14.31273, 8],
							"color": 0,
							"children": [42, 43, 44, 45, 46, 47, 48, 49, 50, 51]
						}
					]
				}
			]
		}
	]
}