{
	"credit": "Made By Geastre [Slime Studio] ",
	"texture_size": [32, 32],
	"textures": {
		"0": "item/pickaxes/fireball_wand",
		"particle": "item/pickaxes/fireball_wand"
	},
	"elements": [
		{
			"from": [7.077, -0.071, 7.29],
			"to": [8.923, 0.71, 8.71],
			"rotation": {"angle": 0, "axis": "y", "origin": [2.32, 0, 2.32]},
			"faces": {
				"north": {"uv": [8, 9, 9, 9.5], "texture": "#0"},
				"east": {"uv": [0, 10, 0.75, 10.5], "texture": "#0"},
				"south": {"uv": [9, 8, 10, 8.5], "texture": "#0"},
				"west": {"uv": [10, 0, 10.75, 0.5], "texture": "#0"},
				"up": {"uv": [9, 8.75, 8, 8], "texture": "#0"},
				"down": {"uv": [9.5, 6, 8.5, 6.75], "texture": "#0"}
			}
		},
		{
			"from": [7.0415, 0.355, 7.3965],
			"to": [8.852, 2.1655, 8.6035],
			"rotation": {"angle": 45, "axis": "z", "origin": [8, 1.3135, 8]},
			"faces": {
				"north": {"uv": [7.5, 6, 8.5, 7], "texture": "#0"},
				"east": {"uv": [9, 8.5, 9.5, 9.5], "texture": "#0"},
				"south": {"uv": [7.5, 7, 8.5, 8], "texture": "#0"},
				"west": {"uv": [2, 9.5, 2.5, 10.5], "texture": "#0"},
				"up": {"uv": [3.5, 10, 2.5, 9.5], "texture": "#0"},
				"down": {"uv": [6, 9.5, 5, 10], "texture": "#0"}
			}
		},
		{
			"from": [7.2758, 0.62642, 7.5172],
			"to": [8.7242, 7.37852, 8.4828],
			"rotation": {"angle": 0, "axis": "y", "origin": [8, 4.30067, 8]},
			"faces": {
				"north": {"uv": [2, 6, 2.75, 9.5], "texture": "#0"},
				"east": {"uv": [5, 6, 5.5, 9.5], "texture": "#0"},
				"south": {"uv": [3, 6, 3.75, 9.5], "texture": "#0"},
				"west": {"uv": [5.5, 6, 6, 9.5], "texture": "#0"}
			}
		},
		{
			"from": [11.621, 4.9345, 7.3965],
			"to": [13.4315, 6.745, 8.6035],
			"rotation": {"angle": 45, "axis": "z", "origin": [8, 1.3135, 8]},
			"faces": {
				"north": {"uv": [6, 8, 7, 9], "texture": "#0"},
				"east": {"uv": [3.5, 9.5, 4, 10.5], "texture": "#0"},
				"south": {"uv": [7, 8, 8, 9], "texture": "#0"},
				"west": {"uv": [9.5, 6, 10, 7], "texture": "#0"},
				"up": {"uv": [9, 10, 8, 9.5], "texture": "#0"},
				"down": {"uv": [10.5, 8.5, 9.5, 9], "texture": "#0"}
			}
		},
		{
			"from": [7.2758, 8.22342, 7.5172],
			"to": [8.7242, 15.82752, 8.4828],
			"rotation": {"angle": 0, "axis": "y", "origin": [8, 4.30067, 8]},
			"faces": {
				"north": {"uv": [0, 6, 0.75, 9.75], "texture": "#0"},
				"east": {"uv": [4, 6, 4.5, 9.75], "texture": "#0"},
				"south": {"uv": [1, 6, 1.75, 9.75], "texture": "#0"},
				"west": {"uv": [4.5, 6, 5, 9.75], "texture": "#0"}
			}
		},
		{
			"from": [17.301, 10.6145, 7.3965],
			"to": [18.8275, 12.141, 8.6035],
			"rotation": {"angle": 45, "axis": "z", "origin": [8, 1.3135, 8]},
			"faces": {
				"north": {"uv": [6, 9, 6.75, 9.75], "texture": "#0"},
				"east": {"uv": [10, 0.5, 10.5, 1.25], "texture": "#0"},
				"south": {"uv": [7, 9, 7.75, 9.75], "texture": "#0"},
				"west": {"uv": [1, 10, 1.5, 10.75], "texture": "#0"},
				"up": {"uv": [10.75, 2, 10, 1.5], "texture": "#0"},
				"down": {"uv": [10.75, 2, 10, 2.5], "texture": "#0"}
			}
		},
		{
			"from": [6.793, 15.549, 7.006],
			"to": [9.207, 16.63, 8.994],
			"rotation": {"angle": 0, "axis": "y", "origin": [2.32, 0, 2.32]},
			"faces": {
				"north": {"uv": [8.5, 7, 9.75, 7.5], "texture": "#0"},
				"east": {"uv": [9, 9.5, 10, 10], "texture": "#0"},
				"south": {"uv": [8.5, 7.5, 9.75, 8], "texture": "#0"},
				"west": {"uv": [9.5, 9, 10.5, 9.5], "texture": "#0"},
				"up": {"uv": [7.25, 7, 6, 6], "texture": "#0"},
				"down": {"uv": [7.25, 7, 6, 8], "texture": "#0"}
			}
		},
		{
			"from": [3.00343, 13.2391, 8],
			"to": [13.00343, 25.0391, 8],
			"rotation": {"angle": 0, "axis": "y", "origin": [6.80343, 19.0391, 8]},
			"faces": {
				"north": {"uv": [0, 0, 5, 6], "texture": "#0"},
				"south": {"uv": [5, 0, 10, 6], "texture": "#0"}
			}
		}
	],
	"gui_light": "front",
	"display": {
		"thirdperson_righthand": {
			"rotation": [0, 90, 0],
			"translation": [0, 1.5, 1]
		},
		"thirdperson_lefthand": {
			"rotation": [0, -90, 0],
			"translation": [0, 1.5, 1]
		},
		"firstperson_righthand": {
			"rotation": [-180, 72.75, -180],
			"translation": [0, 0.5, 0]
		},
		"firstperson_lefthand": {
			"rotation": [-180, -105, -180],
			"translation": [0, 0.5, 0]
		},
		"gui": {
			"rotation": [-12, 164, 45],
			"translation": [-2.5, -2.5, 0],
			"scale": [0.8, 0.8, 0.8]
		},
		"fixed": {
			"translation": [0, -3.75, -0.75]
		}
	}
}