{
	"credit": "Made with Blockbench",
	"texture_size": [256, 256],
	"textures": {
		"0": "item/pickaxes/easter_skin"
	},
	"elements": [
		{
			"from": [6.04688, 7.71875, 6.21875],
			"to": [9.95313, 8.28125, 9.78125],
			"rotation": {"angle": 0, "axis": "y", "origin": [16.32813, 15.71875, 15.5]},
			"faces": {
				"north": {"uv": [10, 11.25, 11.25, 12.5], "texture": "#0"},
				"east": {"uv": [10, 11.25, 11.25, 12.5], "texture": "#0"},
				"south": {"uv": [10, 11.25, 11.25, 12.5], "texture": "#0"},
				"west": {"uv": [10, 11.25, 11.25, 12.5], "texture": "#0"},
				"up": {"uv": [10, 11.25, 11.25, 12.5], "texture": "#0"},
				"down": {"uv": [10, 11.25, 11.25, 12.5], "texture": "#0"}
			}
		},
		{
			"from": [6.04688, 8.0625, 5.65625],
			"to": [9.95313, 11.34375, 6.25],
			"rotation": {"angle": 0, "axis": "y", "origin": [16.32813, 15.71875, 11.9375]},
			"faces": {
				"north": {"uv": [10, 11.25, 11.25, 12.5], "texture": "#0"},
				"east": {"uv": [10, 11.25, 11.25, 12.5], "texture": "#0"},
				"south": {"uv": [10, 11.25, 11.25, 12.5], "texture": "#0"},
				"west": {"uv": [10, 11.25, 11.25, 12.5], "texture": "#0"},
				"up": {"uv": [12.75, 9, 13, 9.25], "rotation": 90, "texture": "#0"},
				"down": {"uv": [10, 11.25, 11.25, 12.5], "texture": "#0"}
			}
		},
		{
			"from": [6.04688, 8.0625, 9.78125],
			"to": [9.95313, 11.34375, 10.46731],
			"rotation": {"angle": 0, "axis": "y", "origin": [16.32813, 15.71875, 16.0625]},
			"faces": {
				"north": {"uv": [10, 11.25, 11.25, 12.5], "texture": "#0"},
				"east": {"uv": [10, 11.25, 11.25, 12.5], "texture": "#0"},
				"south": {"uv": [10, 11.25, 11.25, 12.5], "texture": "#0"},
				"west": {"uv": [10, 11.25, 11.25, 12.5], "texture": "#0"},
				"up": {"uv": [12.75, 9, 13, 9.25], "rotation": 90, "texture": "#0"},
				"down": {"uv": [10, 11.25, 11.25, 12.5], "texture": "#0"}
			}
		},
		{
			"from": [6.99598, 11.2333, 9.52072],
			"to": [9.14913, 13.5333, 10.15189],
			"rotation": {"angle": 0, "axis": "y", "origin": [15.78649, 18.7658, 15.29947]},
			"faces": {
				"north": {"uv": [10, 11.25, 11, 12.5], "texture": "#0"},
				"east": {"uv": [10, 11.25, 10.5, 12.75], "texture": "#0"},
				"south": {"uv": [10, 11.25, 11, 12.25], "texture": "#0"},
				"west": {"uv": [10, 11.25, 10.5, 12.75], "texture": "#0"},
				"up": {"uv": [10, 11.25, 10.5, 12.5], "texture": "#0"},
				"down": {"uv": [10, 11.25, 10.5, 12.5], "texture": "#0"}
			}
		},
		{
			"from": [6.99598, 11.2333, 5.72705],
			"to": [9.14913, 13.5333, 6.30072],
			"rotation": {"angle": 0, "axis": "y", "origin": [15.78649, 18.7658, 0.57947]},
			"faces": {
				"north": {"uv": [10, 11.25, 11, 12.25], "texture": "#0"},
				"east": {"uv": [10, 11.25, 10.5, 12.75], "texture": "#0"},
				"south": {"uv": [10, 11.25, 11, 12.5], "texture": "#0"},
				"west": {"uv": [10, 11.25, 10.5, 12.75], "texture": "#0"},
				"up": {"uv": [10, 11.25, 10.5, 12.5], "texture": "#0"},
				"down": {"uv": [10, 11.25, 10.5, 12.5], "texture": "#0"}
			}
		},
		{
			"from": [7.01331, 13.05154, 8.97447],
			"to": [9.13038, 13.91404, 9.60564],
			"rotation": {"angle": -45, "axis": "x", "origin": [8.16774, 13.95716, 9.29006]},
			"faces": {
				"north": {"uv": [10, 11.25, 11.25, 12], "texture": "#0"},
				"east": {"uv": [10, 11.25, 10.5, 12], "texture": "#0"},
				"south": {"uv": [10, 11.25, 11, 11.75], "texture": "#0"},
				"west": {"uv": [10, 11.25, 10.5, 12], "texture": "#0"},
				"up": {"uv": [10, 11.25, 10.5, 12.5], "texture": "#0"},
				"down": {"uv": [10, 11.25, 10.5, 12.5], "texture": "#0"}
			}
		},
		{
			"from": [7.01331, 13.05154, 6.3308],
			"to": [9.13038, 14.00029, 6.93322],
			"rotation": {"angle": 45, "axis": "x", "origin": [8.16774, 13.95716, 6.61763]},
			"faces": {
				"north": {"uv": [10, 11.25, 11, 11.75], "texture": "#0"},
				"east": {"uv": [10, 11.25, 10.5, 12], "texture": "#0"},
				"south": {"uv": [10, 11.25, 11.25, 12.5], "texture": "#0"},
				"west": {"uv": [10, 11.25, 10.5, 12], "texture": "#0"},
				"up": {"uv": [10, 11.25, 10.5, 12.5], "texture": "#0"},
				"down": {"uv": [10, 11.25, 11, 12], "texture": "#0"}
			}
		},
		{
			"from": [7.02552, 13.72783, 6.45951],
			"to": [9.11251, 14.1865, 9.56451],
			"rotation": {"angle": 0, "axis": "y", "origin": [8.16774, 13.87091, 8.19888]},
			"faces": {
				"north": {"uv": [10, 11.25, 10.25, 12.5], "rotation": 90, "texture": "#0"},
				"east": {"uv": [10, 11.25, 10.25, 12.5], "rotation": 90, "texture": "#0"},
				"south": {"uv": [10, 11.25, 10.25, 12.5], "rotation": 90, "texture": "#0"},
				"west": {"uv": [10, 11.25, 10.25, 12.5], "rotation": 90, "texture": "#0"},
				"up": {"uv": [10, 11.25, 10.75, 12.5], "rotation": 180, "texture": "#0"},
				"down": {"uv": [10, 11.25, 10.75, 12], "rotation": 90, "texture": "#0"}
			}
		},
		{
			"from": [6.33984, 8.76202, 6.39135],
			"to": [7.51563, 9.44808, 7.45385],
			"rotation": {"angle": 0, "axis": "y", "origin": [6.95313, 8.91755, 8.00072]},
			"faces": {
				"north": {"uv": [6.5, 7.75, 6.75, 8], "rotation": 180, "texture": "#0"},
				"east": {"uv": [6.5, 7.75, 6.75, 8], "rotation": 180, "texture": "#0"},
				"south": {"uv": [6.5, 7.75, 6.75, 8], "rotation": 180, "texture": "#0"},
				"west": {"uv": [6.5, 7.75, 6.75, 8], "rotation": 180, "texture": "#0"},
				"up": {"uv": [6.5, 7.75, 6.75, 8], "rotation": 180, "texture": "#0"},
				"down": {"uv": [6.5, 7.75, 6.75, 8], "rotation": 180, "texture": "#0"}
			}
		},
		{
			"from": [6.33984, 9.04327, 6.39135],
			"to": [7.32813, 9.72933, 7.3601],
			"rotation": {"angle": 0, "axis": "y", "origin": [6.95313, 9.1988, 8.00072]},
			"faces": {
				"north": {"uv": [6.5, 7.75, 6.75, 8], "rotation": 180, "texture": "#0"},
				"east": {"uv": [6.5, 7.75, 6.75, 8], "rotation": 180, "texture": "#0"},
				"south": {"uv": [6.5, 7.75, 6.75, 8], "rotation": 180, "texture": "#0"},
				"west": {"uv": [6.5, 7.75, 6.75, 8], "rotation": 180, "texture": "#0"},
				"up": {"uv": [6.5, 7.75, 6.75, 8], "rotation": 180, "texture": "#0"},
				"down": {"uv": [6.5, 7.75, 6.75, 8], "rotation": 180, "texture": "#0"}
			}
		},
		{
			"from": [7.43359, 8.82452, 6.9226],
			"to": [8.60938, 9.85433, 7.9851],
			"rotation": {"angle": 0, "axis": "y", "origin": [8.04688, 8.98005, 8.53197]},
			"faces": {
				"north": {"uv": [8.25, 11.25, 8.5, 11.5], "rotation": 180, "texture": "#0"},
				"east": {"uv": [8.25, 11.25, 8.5, 11.5], "rotation": 180, "texture": "#0"},
				"south": {"uv": [8.25, 11.25, 8.5, 11.5], "rotation": 180, "texture": "#0"},
				"west": {"uv": [8.25, 11.25, 8.5, 11.5], "rotation": 180, "texture": "#0"},
				"up": {"uv": [8.25, 11.25, 8.5, 11.5], "rotation": 180, "texture": "#0"},
				"down": {"uv": [8.25, 11.25, 8.5, 11.5], "rotation": 180, "texture": "#0"}
			}
		},
		{
			"from": [7.58984, 8.82452, 7.07885],
			"to": [8.39063, 10.07308, 7.8601],
			"rotation": {"angle": 0, "axis": "y", "origin": [8.04688, 8.98005, 8.53197]},
			"faces": {
				"north": {"uv": [8.25, 11.25, 8.5, 11.5], "rotation": 180, "texture": "#0"},
				"east": {"uv": [8.25, 11.25, 8.5, 11.5], "rotation": 180, "texture": "#0"},
				"south": {"uv": [8.25, 11.25, 8.5, 11.5], "rotation": 180, "texture": "#0"},
				"west": {"uv": [8.25, 11.25, 8.5, 11.5], "rotation": 180, "texture": "#0"},
				"up": {"uv": [8.25, 11.25, 8.5, 11.5], "rotation": 180, "texture": "#0"},
				"down": {"uv": [8.25, 11.25, 8.5, 11.5], "rotation": 180, "texture": "#0"}
			}
		},
		{
			"from": [8.77734, 8.54327, 6.32885],
			"to": [9.79688, 10.19808, 7.1101],
			"rotation": {"angle": 0, "axis": "y", "origin": [9.39063, 8.6988, 7.65697]},
			"faces": {
				"north": {"uv": [6.5, 7.75, 6.75, 8], "rotation": 180, "texture": "#0"},
				"east": {"uv": [6.5, 7.75, 6.75, 8], "rotation": 180, "texture": "#0"},
				"south": {"uv": [6.5, 7.75, 6.75, 8], "rotation": 180, "texture": "#0"},
				"west": {"uv": [6.5, 7.75, 6.75, 8], "rotation": 180, "texture": "#0"},
				"up": {"uv": [6.5, 7.75, 6.75, 8], "rotation": 180, "texture": "#0"},
				"down": {"uv": [6.5, 7.75, 6.75, 8], "rotation": 180, "texture": "#0"}
			}
		},
		{
			"from": [8.90234, 8.54327, 6.32885],
			"to": [9.67188, 10.29183, 6.9851],
			"rotation": {"angle": 0, "axis": "y", "origin": [9.39063, 8.6988, 7.65697]},
			"faces": {
				"north": {"uv": [6.5, 7.75, 6.75, 8], "rotation": 180, "texture": "#0"},
				"east": {"uv": [6.5, 7.75, 6.75, 8], "rotation": 180, "texture": "#0"},
				"south": {"uv": [6.5, 7.75, 6.75, 8], "rotation": 180, "texture": "#0"},
				"west": {"uv": [6.5, 7.75, 6.75, 8], "rotation": 180, "texture": "#0"},
				"up": {"uv": [6.5, 7.75, 6.75, 8], "rotation": 180, "texture": "#0"},
				"down": {"uv": [6.5, 7.75, 6.75, 8], "rotation": 180, "texture": "#0"}
			}
		},
		{
			"from": [7.12109, 8.63702, 8.9226],
			"to": [8.29688, 10.29183, 9.9851],
			"rotation": {"angle": 0, "axis": "y", "origin": [7.73438, 8.79255, 10.53197]},
			"faces": {
				"north": {"uv": [6.5, 7.75, 6.75, 8], "rotation": 180, "texture": "#0"},
				"east": {"uv": [6.5, 7.75, 6.75, 8], "rotation": 180, "texture": "#0"},
				"south": {"uv": [6.5, 7.75, 6.75, 8], "rotation": 180, "texture": "#0"},
				"west": {"uv": [6.5, 7.75, 6.75, 8], "rotation": 180, "texture": "#0"},
				"up": {"uv": [6.5, 7.75, 6.75, 8], "rotation": 180, "texture": "#0"},
				"down": {"uv": [6.5, 7.75, 6.75, 8], "rotation": 180, "texture": "#0"}
			}
		},
		{
			"from": [7.27734, 9.01202, 9.07885],
			"to": [8.04688, 10.66683, 9.9851],
			"rotation": {"angle": 0, "axis": "y", "origin": [7.73438, 9.16755, 10.53197]},
			"faces": {
				"north": {"uv": [6.5, 7.75, 6.75, 8], "rotation": 180, "texture": "#0"},
				"east": {"uv": [6.5, 7.75, 6.75, 8], "rotation": 180, "texture": "#0"},
				"south": {"uv": [6.5, 7.75, 6.75, 8], "rotation": 180, "texture": "#0"},
				"west": {"uv": [6.5, 7.75, 6.75, 8], "rotation": 180, "texture": "#0"},
				"up": {"uv": [6.5, 7.75, 6.75, 8], "rotation": 180, "texture": "#0"},
				"down": {"uv": [6.5, 7.75, 6.75, 8], "rotation": 180, "texture": "#0"}
			}
		},
		{
			"from": [6.55859, 8.82452, 7.9851],
			"to": [7.73438, 9.57308, 9.0476],
			"rotation": {"angle": 0, "axis": "y", "origin": [7.17188, 8.98005, 9.59447]},
			"faces": {
				"north": {"uv": [6.5, 7.75, 6.75, 8], "rotation": 180, "texture": "#0"},
				"east": {"uv": [6.5, 7.75, 6.75, 8], "rotation": 180, "texture": "#0"},
				"south": {"uv": [6.5, 7.75, 6.75, 8], "rotation": 180, "texture": "#0"},
				"west": {"uv": [6.5, 7.75, 6.75, 8], "rotation": 180, "texture": "#0"},
				"up": {"uv": [6.5, 7.75, 6.75, 8], "rotation": 180, "texture": "#0"},
				"down": {"uv": [6.5, 7.75, 6.75, 8], "rotation": 180, "texture": "#0"}
			}
		},
		{
			"from": [6.62109, 9.10577, 8.07885],
			"to": [7.64063, 9.85433, 8.95385],
			"rotation": {"angle": 0, "axis": "y", "origin": [7.17188, 9.2613, 9.59447]},
			"faces": {
				"north": {"uv": [6.5, 7.75, 6.75, 8], "rotation": 180, "texture": "#0"},
				"east": {"uv": [6.5, 7.75, 6.75, 8], "rotation": 180, "texture": "#0"},
				"south": {"uv": [6.5, 7.75, 6.75, 8], "rotation": 180, "texture": "#0"},
				"west": {"uv": [6.5, 7.75, 6.75, 8], "rotation": 180, "texture": "#0"},
				"up": {"uv": [6.5, 7.75, 6.75, 8], "rotation": 180, "texture": "#0"},
				"down": {"uv": [6.5, 7.75, 6.75, 8], "rotation": 180, "texture": "#0"}
			}
		},
		{
			"from": [7.99609, 8.82452, 7.9851],
			"to": [9.17188, 10.94808, 9.0476],
			"rotation": {"angle": 0, "axis": "y", "origin": [8.60938, 8.98005, 9.59447]},
			"faces": {
				"north": {"uv": [10.5, 7.75, 10.75, 8], "rotation": 180, "texture": "#0"},
				"east": {"uv": [10.5, 7.75, 10.75, 8], "rotation": 180, "texture": "#0"},
				"south": {"uv": [10.5, 7.75, 10.75, 8], "rotation": 180, "texture": "#0"},
				"west": {"uv": [10.5, 7.75, 10.75, 8], "rotation": 180, "texture": "#0"},
				"up": {"uv": [10.5, 7.75, 10.75, 8], "rotation": 180, "texture": "#0"},
				"down": {"uv": [10.5, 7.75, 10.75, 8], "rotation": 180, "texture": "#0"}
			}
		},
		{
			"from": [8.18359, 8.98077, 8.14135],
			"to": [8.92188, 11.19808, 8.9226],
			"rotation": {"angle": 0, "axis": "y", "origin": [8.60938, 9.1363, 9.59447]},
			"faces": {
				"north": {"uv": [10.5, 7.75, 10.75, 8], "rotation": 180, "texture": "#0"},
				"east": {"uv": [10.5, 7.75, 10.75, 8], "rotation": 180, "texture": "#0"},
				"south": {"uv": [10.5, 7.75, 10.75, 8], "rotation": 180, "texture": "#0"},
				"west": {"uv": [10.5, 7.75, 10.75, 8], "rotation": 180, "texture": "#0"},
				"up": {"uv": [10.5, 7.75, 10.75, 8], "rotation": 180, "texture": "#0"},
				"down": {"uv": [10.5, 7.75, 10.75, 8], "rotation": 180, "texture": "#0"}
			}
		},
		{
			"from": [8.46484, 8.82452, 7.1101],
			"to": [9.64063, 9.82308, 8.1726],
			"rotation": {"angle": 0, "axis": "y", "origin": [9.07813, 8.98005, 8.71947]},
			"faces": {
				"north": {"uv": [8.25, 8, 8.5, 8.25], "rotation": 180, "texture": "#0"},
				"east": {"uv": [8.25, 8, 8.5, 8.25], "rotation": 180, "texture": "#0"},
				"south": {"uv": [8.25, 8, 8.5, 8.25], "rotation": 180, "texture": "#0"},
				"west": {"uv": [8.25, 8, 8.5, 8.25], "rotation": 180, "texture": "#0"},
				"up": {"uv": [8.25, 8, 8.5, 8.25], "rotation": 180, "texture": "#0"},
				"down": {"uv": [8.25, 8, 8.5, 8.25], "rotation": 180, "texture": "#0"}
			}
		},
		{
			"from": [8.46484, 8.82452, 7.1101],
			"to": [9.64063, 9.82308, 8.1726],
			"rotation": {"angle": 0, "axis": "y", "origin": [9.07813, 8.98005, 8.71947]},
			"faces": {
				"north": {"uv": [8.5, 8, 8.75, 8.25], "rotation": 180, "texture": "#0"},
				"east": {"uv": [8.5, 8, 8.75, 8.25], "rotation": 180, "texture": "#0"},
				"south": {"uv": [8.5, 8, 8.75, 8.25], "rotation": 180, "texture": "#0"},
				"west": {"uv": [8.5, 8, 8.75, 8.25], "rotation": 180, "texture": "#0"},
				"up": {"uv": [8.5, 8, 8.75, 8.25], "rotation": 180, "texture": "#0"},
				"down": {"uv": [8.5, 8, 8.75, 8.25], "rotation": 180, "texture": "#0"}
			}
		},
		{
			"from": [9.05859, 8.46144, 7.9851],
			"to": [10.23438, 9.8975, 9.0476],
			"rotation": {"angle": 0, "axis": "y", "origin": [9.67188, 8.61697, 9.59447]},
			"faces": {
				"north": {"uv": [6.5, 7.75, 6.75, 8], "rotation": 180, "texture": "#0"},
				"east": {"uv": [6.5, 7.75, 6.75, 8], "rotation": 180, "texture": "#0"},
				"south": {"uv": [6.5, 7.75, 6.75, 8], "rotation": 180, "texture": "#0"},
				"west": {"uv": [6.5, 7.75, 6.75, 8], "rotation": 180, "texture": "#0"},
				"up": {"uv": [6.5, 7.75, 6.75, 8], "rotation": 180, "texture": "#0"},
				"down": {"uv": [6.5, 7.75, 6.75, 8], "rotation": 180, "texture": "#0"}
			}
		},
		{
			"from": [5.20024, 8.15625, 8.53125],
			"to": [5.85938, 11.28125, 9.125],
			"rotation": {"angle": 45, "axis": "y", "origin": [7.21875, 9.70313, 8.82813]},
			"faces": {
				"north": {"uv": [10, 11.25, 10.25, 12.5], "texture": "#0"},
				"east": {"uv": [10, 11.25, 10.25, 12.5], "texture": "#0"},
				"south": {"uv": [10, 11.25, 10.25, 12.5], "texture": "#0"},
				"west": {"uv": [10, 11.25, 10.25, 12.5], "texture": "#0"},
				"up": {"uv": [12.75, 8.75, 13, 9], "texture": "#0"},
				"down": {"uv": [10, 11.25, 10.25, 12.5], "texture": "#0"}
			}
		},
		{
			"from": [10.14063, 8.15625, 8.53125],
			"to": [10.79976, 11.28125, 9.125],
			"rotation": {"angle": -45, "axis": "y", "origin": [8.78125, 9.70313, 8.82813]},
			"faces": {
				"north": {"uv": [10, 11.25, 10.25, 12.5], "texture": "#0"},
				"east": {"uv": [10, 11.25, 10.25, 12.5], "texture": "#0"},
				"south": {"uv": [10, 11.25, 10.25, 12.5], "texture": "#0"},
				"west": {"uv": [10, 11.25, 10.25, 12.5], "texture": "#0"},
				"up": {"uv": [12.75, 9, 13, 9.25], "texture": "#0"},
				"down": {"uv": [10, 11.25, 10.25, 12.5], "texture": "#0"}
			}
		},
		{
			"from": [9.92188, 8.0625, 6.125],
			"to": [10.42332, 11.34375, 10.03125],
			"rotation": {"angle": 0, "axis": "y", "origin": [10.21875, 9.70313, 8.07813]},
			"faces": {
				"north": {"uv": [10, 11.25, 11.25, 12.5], "texture": "#0"},
				"east": {"uv": [10, 11.25, 11.25, 12.5], "texture": "#0"},
				"south": {"uv": [10, 11.25, 11.25, 12.5], "texture": "#0"},
				"west": {"uv": [10, 11.25, 11.25, 12.5], "texture": "#0"},
				"up": {"uv": [12.75, 9, 13, 9.25], "texture": "#0"},
				"down": {"uv": [10, 11.25, 11.25, 12.5], "texture": "#0"}
			}
		},
		{
			"from": [5.57813, 8.0625, 6.125],
			"to": [6.17188, 11.34375, 10.03125],
			"rotation": {"angle": 0, "axis": "y", "origin": [5.875, 9.70313, 8.07813]},
			"faces": {
				"north": {"uv": [10, 11.25, 11.25, 12.5], "texture": "#0"},
				"east": {"uv": [10, 11.25, 11.25, 12.5], "texture": "#0"},
				"south": {"uv": [10, 11.25, 11.25, 12.5], "texture": "#0"},
				"west": {"uv": [10, 11.25, 11.25, 12.5], "texture": "#0"},
				"up": {"uv": [12.75, 9, 13, 9.25], "texture": "#0"},
				"down": {"uv": [10, 11.25, 11.25, 12.5], "texture": "#0"}
			}
		},
		{
			"from": [5.17188, 8.09375, 5.53125],
			"to": [5.76563, 11.28125, 6.21875],
			"rotation": {"angle": -45, "axis": "y", "origin": [5.46875, 9.70313, 6.67188]},
			"faces": {
				"north": {"uv": [10, 11.25, 10.25, 12.5], "texture": "#0"},
				"east": {"uv": [10, 11.25, 10.25, 12.5], "texture": "#0"},
				"south": {"uv": [10, 11.25, 10.25, 12.5], "texture": "#0"},
				"west": {"uv": [10, 11.25, 10.25, 12.5], "texture": "#0"},
				"up": {"uv": [12.75, 9, 13, 9.25], "texture": "#0"},
				"down": {"uv": [10, 11.25, 10.25, 12.5], "texture": "#0"}
			}
		},
		{
			"from": [9.85938, 8.09375, 5.21875],
			"to": [10.54688, 11.28125, 5.8125],
			"rotation": {"angle": -45, "axis": "y", "origin": [9.40625, 9.70313, 5.51563]},
			"faces": {
				"north": {"uv": [10, 11.25, 10.25, 12.5], "texture": "#0"},
				"east": {"uv": [10, 11.25, 10.25, 12.5], "texture": "#0"},
				"south": {"uv": [10, 11.25, 10.25, 12.5], "texture": "#0"},
				"west": {"uv": [10, 11.25, 10.25, 12.5], "texture": "#0"},
				"up": {"uv": [10, 11.25, 10.25, 12.5], "texture": "#0"},
				"down": {"uv": [10, 11.25, 10.25, 12.5], "texture": "#0"}
			}
		}
	],
	"display": {
		"thirdperson_righthand": {
			"rotation": [38, 90, 30],
			"translation": [0, -12, -20],
			"scale": [25, 25, 25]
		},
		"thirdperson_lefthand": {
			"rotation": [67, 90, 1],
			"translation": [0, -3.75, -4.5]
		},
		"firstperson_righthand": {
			"rotation": [0, 90, 0],
			"translation": [0, -2.75, 0]
		},
		"firstperson_lefthand": {
			"rotation": [0, 90, 0],
			"translation": [0, -2.75, 0]
		},
		"ground": {
			"translation": [0, -3.25, 0]
		},
		"gui": {
			"rotation": [45, 45, -33],
			"translation": [-1.25, -2.75, 0],
			"scale": [1.5, 1.5, 1.5]
		},
		"head": {
			"rotation": [0, 90, 0],
			"translation": [0, -16, 0],
			"scale": [25, 25, 25]
		},
		"fixed": {
			"rotation": [0, 90, 0],
			"translation": [0, -5.25, 0],
			"scale": [2, 2, 2]
		}
	}
}