{
	"credit": "Made with Blockbench",
	"texture_size": [256, 256],
	"textures": {
		"3": "item/unique/pets/cloud_pet"
	},
	"elements": [
		{
			"from": [-16, -7, 10],
			"to": [32, 32, 10],
			"rotation": {"angle": 0, "axis": "y", "origin": [8, 0, 8]},
			"faces": {
				"north": {"uv": [0, 0, 4, 2.4375], "texture": "#3"},
				"east": {"uv": [0, 0, 0, 2.4375], "texture": "#3"},
				"south": {"uv": [0, 2.4375, 4, 4.875], "texture": "#3"},
				"west": {"uv": [0, 0, 0, 2.4375], "texture": "#3"},
				"up": {"uv": [4, 0, 0, 0], "texture": "#3"},
				"down": {"uv": [4, 0, 0, 0], "texture": "#3"}
			}
		},
		{
			"from": [0, 10, -0.9],
			"to": [22, 27, 19.4],
			"rotation": {"angle": 0, "axis": "y", "origin": [8, 0, 8]},
			"faces": {
				"north": {"uv": [4, 2.5, 5.375, 3.5625], "texture": "#3"},
				"east": {"uv": [1.4375, 4.875, 2.6875, 5.9375], "texture": "#3"},
				"south": {"uv": [4, 3.5625, 5.375, 4.625], "texture": "#3"},
				"west": {"uv": [2.6875, 4.875, 3.9375, 5.9375], "texture": "#3"},
				"up": {"uv": [5.375, 1.25, 4, 0], "texture": "#3"},
				"down": {"uv": [5.375, 1.25, 4, 2.5], "texture": "#3"}
			}
		},
		{
			"from": [-13.9, 6, 3.5],
			"to": [0, 21, 16.425],
			"rotation": {"angle": 0, "axis": "y", "origin": [8, 0, 8]},
			"faces": {
				"north": {"uv": [0, 5.875, 0.875, 6.8125], "texture": "#3"},
				"east": {"uv": [1.75, 5.9375, 2.5625, 6.875], "texture": "#3"},
				"south": {"uv": [0.875, 5.9375, 1.75, 6.875], "texture": "#3"},
				"west": {"uv": [2.5625, 5.9375, 3.375, 6.875], "texture": "#3"},
				"up": {"uv": [7.625, 2.5625, 6.75, 1.75], "texture": "#3"},
				"down": {"uv": [7.625, 2.5625, 6.75, 3.375], "texture": "#3"}
			}
		},
		{
			"from": [10, 9, 3.5],
			"to": [32, 24, 16.175],
			"rotation": {"angle": 0, "axis": "y", "origin": [8, 0, 8]},
			"faces": {
				"north": {"uv": [5.375, 1.75, 6.75, 2.6875], "texture": "#3"},
				"east": {"uv": [5.375, 6, 6.1875, 6.9375], "texture": "#3"},
				"south": {"uv": [5.375, 2.6875, 6.75, 3.625], "texture": "#3"},
				"west": {"uv": [6.1875, 6, 7, 6.9375], "texture": "#3"},
				"up": {"uv": [6.75, 4.4375, 5.375, 3.625], "texture": "#3"},
				"down": {"uv": [6.8125, 4.4375, 5.4375, 5.25], "texture": "#3"}
			}
		},
		{
			"from": [1, 24, 2.7],
			"to": [25, 31, 17.175],
			"rotation": {"angle": 0, "axis": "y", "origin": [8, 0, 8]},
			"faces": {
				"north": {"uv": [6.75, 3.375, 8.25, 3.8125], "texture": "#3"},
				"east": {"uv": [0, 6.8125, 0.875, 7.25], "texture": "#3"},
				"south": {"uv": [6.75, 3.8125, 8.25, 4.25], "texture": "#3"},
				"west": {"uv": [6.8125, 4.25, 7.6875, 4.6875], "texture": "#3"},
				"up": {"uv": [6.875, 0.875, 5.375, 0], "texture": "#3"},
				"down": {"uv": [6.875, 0.875, 5.375, 1.75], "texture": "#3"}
			}
		},
		{
			"from": [-10.925, 21, 5.6],
			"to": [1, 28.575, 14.075],
			"rotation": {"angle": 0, "axis": "y", "origin": [8, 0, 8]},
			"faces": {
				"north": {"uv": [6.8125, 4.6875, 7.5625, 5.1875], "texture": "#3"},
				"east": {"uv": [6.875, 1, 7.375, 1.5], "texture": "#3"},
				"south": {"uv": [6.875, 0, 7.625, 0.5], "texture": "#3"},
				"west": {"uv": [1.625, 6.875, 2.125, 7.375], "texture": "#3"},
				"up": {"uv": [7.625, 1, 6.875, 0.5], "texture": "#3"},
				"down": {"uv": [1.625, 6.875, 0.875, 7.375], "texture": "#3"}
			}
		},
		{
			"from": [-1.825, 3, 1.6],
			"to": [21, 15.475, 18.075],
			"rotation": {"angle": 0, "axis": "y", "origin": [8, 0, 8]},
			"faces": {
				"north": {"uv": [5.4375, 5.25, 6.875, 6], "texture": "#3"},
				"east": {"uv": [3.375, 6.375, 4.375, 7.125], "texture": "#3"},
				"south": {"uv": [3.9375, 5.625, 5.375, 6.375], "texture": "#3"},
				"west": {"uv": [4.375, 6.375, 5.375, 7.125], "texture": "#3"},
				"up": {"uv": [5.4375, 5.625, 4, 4.625], "texture": "#3"},
				"down": {"uv": [1.4375, 4.875, 0, 5.875], "texture": "#3"}
			}
		}
	]
}