{
	"credit": "Made with Blockbench",
	"texture_size": [32, 32],
	"textures": {
		"0": "item/pickaxes/blue_staff",
		"particle": "item/pickaxes/blue_staff"
	},
	"elements": [
		{
			"from": [7, 4.4, 8],
			"to": [8, 17.4, 9],
			"rotation": {"angle": -45, "axis": "y", "origin": [7.5, 11.9, 8.5]},
			"faces": {
				"north": {"uv": [6, 0, 6.5, 6.5], "texture": "#0"},
				"east": {"uv": [6.5, 0, 7, 6.5], "texture": "#0"},
				"south": {"uv": [6, 6.5, 6.5, 13], "texture": "#0"},
				"west": {"uv": [6.5, 6.5, 7, 13], "texture": "#0"},
				"up": {"uv": [9, 0.5, 8.5, 0], "texture": "#0"},
				"down": {"uv": [9, 0.5, 8.5, 1], "texture": "#0"}
			}
		},
		{
			"from": [6.9, 17.4, 7.9],
			"to": [8.1, 18, 9.1],
			"rotation": {"angle": -45, "axis": "y", "origin": [7.5, 10.9, 8.5]},
			"faces": {
				"north": {"uv": [9.5, 0.5, 10, 0.75], "texture": "#0"},
				"east": {"uv": [9.5, 1, 10, 1.25], "texture": "#0"},
				"south": {"uv": [9.5, 1.5, 10, 1.75], "texture": "#0"},
				"west": {"uv": [9.5, 2, 10, 2.25], "texture": "#0"},
				"up": {"uv": [9, 1.5, 8.5, 1], "texture": "#0"},
				"down": {"uv": [9, 1.5, 8.5, 2], "texture": "#0"}
			}
		},
		{
			"from": [7, 18, 8],
			"to": [8, 19, 9],
			"rotation": {"angle": -45, "axis": "y", "origin": [7.5, 10.9, 8.5]},
			"faces": {
				"north": {"uv": [8.5, 2, 9, 2.5], "texture": "#0"},
				"east": {"uv": [8.5, 2.5, 9, 3], "texture": "#0"},
				"south": {"uv": [8.5, 3, 9, 3.5], "texture": "#0"},
				"west": {"uv": [8.5, 3.5, 9, 4], "texture": "#0"},
				"up": {"uv": [9, 4.5, 8.5, 4], "texture": "#0"},
				"down": {"uv": [9, 4.5, 8.5, 5], "texture": "#0"}
			}
		},
		{
			"from": [6.9, 19, 7.9],
			"to": [8.1, 20.2, 9.1],
			"rotation": {"angle": -45, "axis": "y", "origin": [7.5, 10.9, 8.5]},
			"faces": {
				"north": {"uv": [8.5, 5, 9, 5.5], "texture": "#0"},
				"east": {"uv": [8.5, 5.5, 9, 6], "texture": "#0"},
				"south": {"uv": [8.5, 6, 9, 6.5], "texture": "#0"},
				"west": {"uv": [8.5, 6.5, 9, 7], "texture": "#0"},
				"up": {"uv": [9, 7.5, 8.5, 7], "texture": "#0"},
				"down": {"uv": [9, 7.5, 8.5, 8], "texture": "#0"}
			}
		},
		{
			"from": [6.7, 20.2, 7.7],
			"to": [8.3, 21.8, 9.3],
			"rotation": {"angle": -45, "axis": "y", "origin": [7.5, 10.9, 8.5]},
			"faces": {
				"north": {"uv": [8.5, 8, 9, 8.5], "texture": "#0"},
				"east": {"uv": [8.5, 8.5, 9, 9], "texture": "#0"},
				"south": {"uv": [9, 0, 9.5, 0.5], "texture": "#0"},
				"west": {"uv": [9, 0.5, 9.5, 1], "texture": "#0"},
				"up": {"uv": [9.5, 1.5, 9, 1], "texture": "#0"},
				"down": {"uv": [9.5, 1.5, 9, 2], "texture": "#0"}
			}
		},
		{
			"from": [6.7, 0, 7.7],
			"to": [8.3, 1.6, 9.3],
			"rotation": {"angle": -45, "axis": "y", "origin": [7.5, 11.9, 8.5]},
			"faces": {
				"north": {"uv": [9, 2, 9.5, 2.5], "texture": "#0"},
				"east": {"uv": [9, 2.5, 9.5, 3], "texture": "#0"},
				"south": {"uv": [9, 3, 9.5, 3.5], "texture": "#0"},
				"west": {"uv": [9, 3.5, 9.5, 4], "texture": "#0"},
				"up": {"uv": [9.5, 4.5, 9, 4], "texture": "#0"},
				"down": {"uv": [9.5, 4.5, 9, 5], "texture": "#0"}
			}
		},
		{
			"from": [6.9, 1.6, 7.9],
			"to": [8.1, 2.8, 9.1],
			"rotation": {"angle": -45, "axis": "y", "origin": [7.5, 11.9, 8.5]},
			"faces": {
				"north": {"uv": [9, 5, 9.5, 5.5], "texture": "#0"},
				"east": {"uv": [9, 5.5, 9.5, 6], "texture": "#0"},
				"south": {"uv": [9, 6, 9.5, 6.5], "texture": "#0"},
				"west": {"uv": [9, 6.5, 9.5, 7], "texture": "#0"},
				"up": {"uv": [7.5, 9.5, 7, 9], "texture": "#0"},
				"down": {"uv": [9.5, 7, 9, 7.5], "texture": "#0"}
			}
		},
		{
			"from": [7, 2.8, 8],
			"to": [8, 3.8, 9],
			"rotation": {"angle": -45, "axis": "y", "origin": [7.5, 11.9, 8.5]},
			"faces": {
				"north": {"uv": [7.5, 9, 8, 9.5], "texture": "#0"},
				"east": {"uv": [9, 7.5, 9.5, 8], "texture": "#0"},
				"south": {"uv": [8, 9, 8.5, 9.5], "texture": "#0"},
				"west": {"uv": [9, 8, 9.5, 8.5], "texture": "#0"},
				"up": {"uv": [9, 9.5, 8.5, 9], "texture": "#0"},
				"down": {"uv": [9.5, 8.5, 9, 9], "texture": "#0"}
			}
		},
		{
			"from": [6.9, 3.8, 7.9],
			"to": [8.1, 4.4, 9.1],
			"rotation": {"angle": -45, "axis": "y", "origin": [7.5, 11.9, 8.5]},
			"faces": {
				"north": {"uv": [9.5, 2.5, 10, 2.75], "texture": "#0"},
				"east": {"uv": [9.5, 3, 10, 3.25], "texture": "#0"},
				"south": {"uv": [9.5, 3.5, 10, 3.75], "texture": "#0"},
				"west": {"uv": [9.5, 4, 10, 4.25], "texture": "#0"},
				"up": {"uv": [9.5, 9.5, 9, 9], "texture": "#0"},
				"down": {"uv": [10, 0, 9.5, 0.5], "texture": "#0"}
			}
		},
		{
			"from": [7.5, 21.5, 2.5],
			"to": [7.5, 32, 14.5],
			"rotation": {"angle": 0, "axis": "y", "origin": [7.5, 27.5, 8.5]},
			"faces": {
				"north": {"uv": [0, 0, 0, 5.25], "texture": "#0"},
				"east": {"uv": [0, 0, 6, 5.25], "texture": "#0"},
				"south": {"uv": [0, 0, 0, 5.25], "texture": "#0"},
				"west": {"uv": [0, 5.5, 6, 10.75], "texture": "#0"},
				"up": {"uv": [0, 6, 0, 0], "texture": "#0"},
				"down": {"uv": [0, 0, 0, 6], "texture": "#0"}
			}
		},
		{
			"from": [6, 24.5, 6.5],
			"to": [9, 27.5, 9.5],
			"rotation": {"angle": -45, "axis": "x", "origin": [7.5, 26.5, 8.5]},
			"faces": {
				"north": {"uv": [7, 0, 8.5, 1.5], "texture": "#0"},
				"east": {"uv": [7, 1.5, 8.5, 3], "texture": "#0"},
				"south": {"uv": [7, 3, 8.5, 4.5], "texture": "#0"},
				"west": {"uv": [7, 4.5, 8.5, 6], "texture": "#0"},
				"up": {"uv": [8.5, 7.5, 7, 6], "texture": "#0"},
				"down": {"uv": [8.5, 7.5, 7, 9], "texture": "#0"}
			}
		}
	],
	"display": {
		"thirdperson_righthand": {
			"translation": [0.25, -1.5, 0],
			"scale": [0.8, 0.8, 0.8]
		},
		"thirdperson_lefthand": {
			"translation": [0.25, -1.5, 0],
			"scale": [0.8, 0.8, 0.8]
		},
		"firstperson_righthand": {
			"rotation": [-8.89, 18.94, 8.68],
			"translation": [3.5, -4.5, 0],
			"scale": [0.95, 0.95, 0.95]
		},
		"firstperson_lefthand": {
			"rotation": [-8.89, 18.94, 8.68],
			"translation": [3.5, -4.5, 0],
			"scale": [0.95, 0.95, 0.95]
		},
		"ground": {
			"rotation": [-45, 40, 0],
			"translation": [0, 6.5, 0],
			"scale": [0.5, 0.5, 0.5]
		},
		"gui": {
			"rotation": [-66, 51, 70],
			"translation": [3, -4, 0],
			"scale": [0.6, 0.6, 0.6]
		},
		"fixed": {
			"rotation": [-90, -45, -90],
			"translation": [-4.25, -5, 0],
			"scale": [0.75, 0.75, 0.75]
		}
	},
	"groups": [
		{
			"name": "Main",
			"origin": [7.5, 26.5, 8.5],
			"color": 0,
			"children": [
				{
					"name": "Staff",
					"origin": [0, 0, 0],
					"color": 0,
					"children": [0, 1, 2, 3, 4, 5, 6, 7, 8]
				},
				{
					"name": "Decoration",
					"origin": [7.5, 27.5, 8.5],
					"color": 0,
					"children": [9]
				},
				{
					"name": "Sphere",
					"origin": [7.5, 26.5, 8.5],
					"color": 0,
					"children": [10]
				}
			]
		}
	]
}