{
	"credit": "MadebyElo106",
	"texture_size": [32, 32],
	"textures": {
		"3": "item/pickaxes/rebirth_pickaxe"
	},
	"elements": [
		{
			"from": [7, -4, 7],
			"to": [9, -3, 9],
			"rotation": {"angle": 0, "axis": "y", "origin": [8, 1, 8]},
			"faces": {
				"north": {"uv": [6, 4.5, 7, 5], "texture": "#3"},
				"east": {"uv": [11, 3, 12, 3.5], "texture": "#3"},
				"south": {"uv": [11, 6, 12, 6.5], "texture": "#3"},
				"west": {"uv": [11, 6.5, 12, 7], "texture": "#3"},
				"up": {"uv": [8.5, 4.5, 7.5, 3.5], "texture": "#3"},
				"down": {"uv": [3, 9.5, 2, 10.5], "texture": "#3"}
			}
		},
		{
			"from": [7, -6, 7],
			"to": [9, -5, 9],
			"rotation": {"angle": 0, "axis": "y", "origin": [8, 1, 8]},
			"faces": {
				"north": {"uv": [11, 7, 12, 7.5], "texture": "#3"},
				"east": {"uv": [11, 7.5, 12, 8], "texture": "#3"},
				"south": {"uv": [11, 8, 12, 8.5], "texture": "#3"},
				"west": {"uv": [11, 8.5, 12, 9], "texture": "#3"},
				"up": {"uv": [4, 10.5, 3, 9.5], "texture": "#3"},
				"down": {"uv": [10.5, 3, 9.5, 4], "texture": "#3"}
			}
		},
		{
			"from": [7.499, -5.001, 7.499],
			"to": [8.501, -3.999, 8.501],
			"rotation": {"angle": 0, "axis": "y", "origin": [8, -4.5, 8]},
			"faces": {
				"north": {"uv": [9, 1.5, 9.5, 2], "texture": "#3"},
				"east": {"uv": [9.5, 6, 10, 6.5], "texture": "#3"},
				"south": {"uv": [12, 1, 12.5, 1.5], "texture": "#3"},
				"west": {"uv": [12, 3, 12.5, 3.5], "texture": "#3"},
				"up": {"uv": [5, 12.5, 4.5, 12], "texture": "#3"},
				"down": {"uv": [12.5, 4.5, 12, 5], "texture": "#3"}
			}
		},
		{
			"from": [6.5, -5, 7.5],
			"to": [9.5, -4, 8.5],
			"rotation": {"angle": 45, "axis": "x", "origin": [8, -4.5, 8]},
			"faces": {
				"north": {"uv": [10.5, 5.5, 12, 6], "texture": "#3"},
				"east": {"uv": [5, 12, 5.5, 12.5], "texture": "#3"},
				"south": {"uv": [10.5, 9.5, 12, 10], "texture": "#3"},
				"west": {"uv": [12, 5, 12.5, 5.5], "texture": "#3"},
				"up": {"uv": [12, 10.5, 10.5, 10], "texture": "#3"},
				"down": {"uv": [12, 10.5, 10.5, 11], "texture": "#3"}
			}
		},
		{
			"from": [6.5, 12, 7],
			"to": [9.5, 14, 9],
			"rotation": {"angle": -45, "axis": "x", "origin": [8, 13, 8]},
			"faces": {
				"north": {"uv": [7, 4.5, 8.5, 5.5], "texture": "#3"},
				"east": {"uv": [9.5, 4, 10.5, 5], "texture": "#3"},
				"south": {"uv": [7, 5.5, 8.5, 6.5], "texture": "#3"},
				"west": {"uv": [9.5, 5, 10.5, 6], "texture": "#3"},
				"up": {"uv": [9, 1, 7.5, 0], "texture": "#3"},
				"down": {"uv": [9, 1, 7.5, 2], "texture": "#3"}
			}
		},
		{
			"from": [7.5, -5, 6.5],
			"to": [8.5, -4, 9.5],
			"rotation": {"angle": -45, "axis": "z", "origin": [8, -4.5, 8]},
			"faces": {
				"north": {"uv": [12, 5.5, 12.5, 6], "texture": "#3"},
				"east": {"uv": [0, 11, 1.5, 11.5], "texture": "#3"},
				"south": {"uv": [12, 6, 12.5, 6.5], "texture": "#3"},
				"west": {"uv": [11, 0, 12.5, 0.5], "texture": "#3"},
				"up": {"uv": [4, 3, 3.5, 1.5], "texture": "#3"},
				"down": {"uv": [9.5, 10.5, 9, 12], "texture": "#3"}
			}
		},
		{
			"from": [7.5, -7, 7],
			"to": [8.5, -5, 9],
			"rotation": {"angle": 45, "axis": "x", "origin": [8, -6, 8]},
			"faces": {
				"north": {"uv": [9.5, 10.5, 10, 11.5], "texture": "#3"},
				"east": {"uv": [8, 9.5, 9, 10.5], "texture": "#3"},
				"south": {"uv": [1.5, 11, 2, 12], "texture": "#3"},
				"west": {"uv": [9, 9.5, 10, 10.5], "texture": "#3"},
				"up": {"uv": [11, 12, 10.5, 11], "texture": "#3"},
				"down": {"uv": [11.5, 11, 11, 12], "texture": "#3"}
			}
		},
		{
			"from": [7.5, 14, 7],
			"to": [8.5, 16, 9],
			"rotation": {"angle": -45, "axis": "x", "origin": [8, 15, 8]},
			"faces": {
				"north": {"uv": [0, 11.5, 0.5, 12.5], "texture": "#3"},
				"east": {"uv": [0, 10, 1, 11], "texture": "#3"},
				"south": {"uv": [0.5, 11.5, 1, 12.5], "texture": "#3"},
				"west": {"uv": [10, 0, 11, 1], "texture": "#3"},
				"up": {"uv": [1.5, 12.5, 1, 11.5], "texture": "#3"},
				"down": {"uv": [3.5, 11.5, 3, 12.5], "texture": "#3"}
			}
		},
		{
			"from": [7.5, -3, 7.5],
			"to": [8.5, 7, 8.5],
			"rotation": {"angle": 45, "axis": "y", "origin": [8, 0.5, 8]},
			"faces": {
				"north": {"uv": [4, 1.5, 4.5, 6.5], "texture": "#3"},
				"east": {"uv": [4.5, 1.5, 5, 6.5], "texture": "#3"},
				"south": {"uv": [2, 4.5, 2.5, 9.5], "texture": "#3"},
				"west": {"uv": [2.5, 4.5, 3, 9.5], "texture": "#3"},
				"up": {"uv": [12.5, 7, 12, 6.5], "texture": "#3"},
				"down": {"uv": [12.5, 7, 12, 7.5], "texture": "#3"}
			}
		},
		{
			"from": [7.4, -3.6, 7.4],
			"to": [8.6, 6.6, 8.6],
			"rotation": {"angle": 45, "axis": "y", "origin": [8, 0.5, 8]},
			"faces": {
				"north": {"uv": [3, 4.5, 3.5, 9.5], "texture": "#3"},
				"east": {"uv": [3.5, 4.5, 4, 9.5], "texture": "#3"},
				"south": {"uv": [5, 1.5, 5.5, 6.5], "texture": "#3"},
				"west": {"uv": [5.5, 0, 6, 5], "texture": "#3"},
				"up": {"uv": [12.5, 8, 12, 7.5], "texture": "#3"},
				"down": {"uv": [12.5, 8, 12, 8.5], "texture": "#3"}
			}
		},
		{
			"from": [7, 7, 7],
			"to": [9, 8, 9],
			"rotation": {"angle": 0, "axis": "y", "origin": [8, -2, 8]},
			"faces": {
				"north": {"uv": [3.5, 11.5, 4.5, 12], "texture": "#3"},
				"east": {"uv": [11.5, 3.5, 12.5, 4], "texture": "#3"},
				"south": {"uv": [11.5, 4, 12.5, 4.5], "texture": "#3"},
				"west": {"uv": [4.5, 11.5, 5.5, 12], "texture": "#3"},
				"up": {"uv": [2, 11, 1, 10], "texture": "#3"},
				"down": {"uv": [11, 6, 10, 7], "texture": "#3"}
			}
		},
		{
			"from": [6.5, 8, 6.5],
			"to": [9.5, 9, 9.5],
			"rotation": {"angle": 45, "axis": "y", "origin": [8, 8.5, 8]},
			"faces": {
				"north": {"uv": [11, 0.5, 12.5, 1], "texture": "#3"},
				"east": {"uv": [11, 1.5, 12.5, 2], "texture": "#3"},
				"south": {"uv": [11, 2, 12.5, 2.5], "texture": "#3"},
				"west": {"uv": [11, 2.5, 12.5, 3], "texture": "#3"},
				"up": {"uv": [7, 6.5, 5.5, 5], "texture": "#3"},
				"down": {"uv": [7.5, 0, 6, 1.5], "texture": "#3"}
			}
		},
		{
			"from": [6.999, 8.999, 6.999],
			"to": [9.001, 12.001, 9.001],
			"rotation": {"angle": 0, "axis": "y", "origin": [8, -1, 8]},
			"faces": {
				"north": {"uv": [7.5, 2, 8.5, 3.5], "texture": "#3"},
				"east": {"uv": [4, 7.5, 5, 9], "texture": "#3"},
				"south": {"uv": [5, 7.5, 6, 9], "texture": "#3"},
				"west": {"uv": [6, 7.5, 7, 9], "texture": "#3"},
				"up": {"uv": [11, 8, 10, 7], "texture": "#3"},
				"down": {"uv": [11, 8, 10, 9], "texture": "#3"}
			}
		},
		{
			"from": [6.999, 11.999, 4.999],
			"to": [9.001, 15.001, 12.001],
			"rotation": {"angle": 0, "axis": "y", "origin": [8, -1, 8]},
			"faces": {
				"north": {"uv": [7, 7.5, 8, 9], "texture": "#3"},
				"east": {"uv": [0, 0, 3.5, 1.5], "texture": "#3"},
				"south": {"uv": [8, 6.5, 9, 8], "texture": "#3"},
				"west": {"uv": [0, 1.5, 3.5, 3], "texture": "#3"},
				"up": {"uv": [1, 6.5, 0, 3], "texture": "#3"},
				"down": {"uv": [2, 3, 1, 6.5], "texture": "#3"}
			}
		},
		{
			"from": [7, 11.34881, 1.72627],
			"to": [9, 14.34881, 5.72627],
			"rotation": {"angle": -22.5, "axis": "x", "origin": [8, 12.84881, 3.72627]},
			"faces": {
				"north": {"uv": [8, 8, 9, 9.5], "texture": "#3"},
				"east": {"uv": [2, 3, 4, 4.5], "texture": "#3"},
				"south": {"uv": [0, 8.5, 1, 10], "texture": "#3"},
				"west": {"uv": [3.5, 0, 5.5, 1.5], "texture": "#3"},
				"up": {"uv": [1, 8.5, 0, 6.5], "texture": "#3"},
				"down": {"uv": [2, 6.5, 1, 8.5], "texture": "#3"}
			}
		},
		{
			"from": [7.5, 10.34881, 1.72627],
			"to": [8.5, 11.34881, 5.72627],
			"rotation": {"angle": -22.5, "axis": "x", "origin": [8, 12.84881, 3.72627]},
			"faces": {
				"north": {"uv": [12, 8.5, 12.5, 9], "texture": "#3"},
				"east": {"uv": [10, 1, 12, 1.5], "texture": "#3"},
				"south": {"uv": [9, 12, 9.5, 12.5], "texture": "#3"},
				"west": {"uv": [10, 9, 12, 9.5], "texture": "#3"},
				"up": {"uv": [10.5, 11.5, 10, 9.5], "texture": "#3"},
				"down": {"uv": [11, 1.5, 10.5, 3.5], "texture": "#3"}
			}
		},
		{
			"from": [6.999, 11.61471, -0.92875],
			"to": [9.001, 14.61671, 2.07325],
			"rotation": {"angle": -45, "axis": "x", "origin": [8, 13.11571, 3.07225]},
			"faces": {
				"north": {"uv": [1, 8.5, 2, 10], "texture": "#3"},
				"east": {"uv": [6, 1.5, 7.5, 3], "texture": "#3"},
				"south": {"uv": [8.5, 2, 9.5, 3.5], "texture": "#3"},
				"west": {"uv": [6, 3, 7.5, 4.5], "texture": "#3"},
				"up": {"uv": [9.5, 5, 8.5, 3.5], "texture": "#3"},
				"down": {"uv": [9.5, 5, 8.5, 6.5], "texture": "#3"}
			}
		},
		{
			"from": [7.499, 10.61471, -1.92875],
			"to": [8.501, 12.61671, 2.07325],
			"rotation": {"angle": -45, "axis": "x", "origin": [8, 13.11571, 3.07225]},
			"faces": {
				"north": {"uv": [11.5, 4.5, 12, 5.5], "texture": "#3"},
				"east": {"uv": [4, 6.5, 6, 7.5], "texture": "#3"},
				"south": {"uv": [5.5, 11.5, 6, 12.5], "texture": "#3"},
				"west": {"uv": [6, 6.5, 8, 7.5], "texture": "#3"},
				"up": {"uv": [2.5, 12.5, 2, 10.5], "texture": "#3"},
				"down": {"uv": [3, 10.5, 2.5, 12.5], "texture": "#3"}
			}
		},
		{
			"from": [7.5, 9.22663, -0.10973],
			"to": [8.5, 11.22663, 1.89027],
			"rotation": {"angle": 0, "axis": "y", "origin": [8, 11.72663, 4.89027]},
			"faces": {
				"north": {"uv": [6, 11.5, 6.5, 12.5], "texture": "#3"},
				"east": {"uv": [3, 10.5, 4, 11.5], "texture": "#3"},
				"south": {"uv": [6.5, 11.5, 7, 12.5], "texture": "#3"},
				"west": {"uv": [10.5, 3.5, 11.5, 4.5], "texture": "#3"},
				"up": {"uv": [7.5, 12.5, 7, 11.5], "texture": "#3"},
				"down": {"uv": [8, 11.5, 7.5, 12.5], "texture": "#3"}
			}
		},
		{
			"from": [7.5, 12.5, 12],
			"to": [8.5, 14.5, 13],
			"rotation": {"angle": 0, "axis": "y", "origin": [8, -1, 8]},
			"faces": {
				"north": {"uv": [8, 11.5, 8.5, 12.5], "texture": "#3"},
				"east": {"uv": [8.5, 11.5, 9, 12.5], "texture": "#3"},
				"south": {"uv": [9.5, 11.5, 10, 12.5], "texture": "#3"},
				"west": {"uv": [10, 11.5, 10.5, 12.5], "texture": "#3"},
				"up": {"uv": [12.5, 9.5, 12, 9], "texture": "#3"},
				"down": {"uv": [12.5, 9.5, 12, 10], "texture": "#3"}
			}
		},
		{
			"from": [7.499, 12.19244, 12.5402],
			"to": [8.501, 14.19444, 14.5422],
			"rotation": {"angle": 22.5, "axis": "x", "origin": [8, 13.19344, 13.5412]},
			"faces": {
				"north": {"uv": [11.5, 11, 12, 12], "texture": "#3"},
				"east": {"uv": [4, 10.5, 5, 11.5], "texture": "#3"},
				"south": {"uv": [1.5, 12, 2, 13], "texture": "#3"},
				"west": {"uv": [10.5, 4.5, 11.5, 5.5], "texture": "#3"},
				"up": {"uv": [4, 13, 3.5, 12], "texture": "#3"},
				"down": {"uv": [4.5, 12, 4, 13], "texture": "#3"}
			}
		},
		{
			"from": [7, 10.65119, 7.72627],
			"to": [9, 13.65119, 9.72627],
			"rotation": {"angle": 22.5, "axis": "x", "origin": [8, 12.15119, 7.72627]},
			"faces": {
				"north": {"uv": [9, 0, 10, 1.5], "texture": "#3"},
				"east": {"uv": [4, 9, 5, 10.5], "texture": "#3"},
				"south": {"uv": [5, 9, 6, 10.5], "texture": "#3"},
				"west": {"uv": [6, 9, 7, 10.5], "texture": "#3"},
				"up": {"uv": [6, 11.5, 5, 10.5], "texture": "#3"},
				"down": {"uv": [7, 10.5, 6, 11.5], "texture": "#3"}
			}
		},
		{
			"from": [7, 10.65119, 6.27373],
			"to": [9, 13.65119, 8.27373],
			"rotation": {"angle": -22.5, "axis": "x", "origin": [8, 12.15119, 8.27373]},
			"faces": {
				"north": {"uv": [9, 6.5, 10, 8], "texture": "#3"},
				"east": {"uv": [7, 9, 8, 10.5], "texture": "#3"},
				"south": {"uv": [9, 8, 10, 9.5], "texture": "#3"},
				"west": {"uv": [9.5, 1.5, 10.5, 3], "texture": "#3"},
				"up": {"uv": [8, 11.5, 7, 10.5], "texture": "#3"},
				"down": {"uv": [9, 10.5, 8, 11.5], "texture": "#3"}
			}
		}
	],
	"gui_light": "front",
	"display": {
		"thirdperson_righthand": {
			"translation": [0, 6, 0.75]
		},
		"thirdperson_lefthand": {
			"translation": [0, 6, 0.75]
		},
		"firstperson_righthand": {
			"translation": [0.25, 5.5, 0.75],
			"scale": [0.5, 0.5, 0.5]
		},
		"firstperson_lefthand": {
			"rotation": [-28, 6, -28],
			"translation": [2.5, 5.25, 1.25],
			"scale": [0.5, 0.5, 0.5]
		},
		"ground": {
			"rotation": [-45, 0, 180],
			"scale": [0.5, 0.5, 0.5]
		},
		"gui": {
			"rotation": [-90, -45, -90],
			"translation": [1, 0.75, 0],
			"scale": [0.78, 0.78, 0.78]
		},
		"fixed": {
			"rotation": [90, 135, -90],
			"translation": [-1, 1, 0]
		}
	},
	"groups": [
		{
			"name": "pickaxe1",
			"origin": [7.94495, 4.09738, 8],
			"color": 0,
			"children": [0, 1, 2, 3, 4, 5, 6, 7, 8, 9, 10, 11, 12, 13, 14, 15, 16, 17, 18, 19, 20, 21, 22]
		}
	]
}