{
	"credit": "Made with Blockbench",
	"texture_size": [32, 32],
	"textures": {
		"4": "item/unique/pets/cute_rabbit"
	},
	"elements": [
		{
			"name": "earRight",
			"from": [5.2565, 14.1, 8.63363],
			"to": [7.2565, 19.1, 9.63363],
			"shade": false,
			"rotation": {"angle": 0, "axis": "y", "origin": [6.8565, 16.6, 9.13363]},
			"faces": {
				"north": {"uv": [2, 9, 3, 11.5], "texture": "#4"},
				"east": {"uv": [10, 12, 10.5, 14.5], "texture": "#4"},
				"south": {"uv": [7, 10, 8, 12.5], "texture": "#4"},
				"west": {"uv": [10.5, 12, 11, 14.5], "texture": "#4"},
				"up": {"uv": [14, 5.5, 13, 5], "texture": "#4"},
				"down": {"uv": [14, 5.5, 13, 6], "texture": "#4"}
			}
		},
		{
			"name": "earLeft",
			"from": [8.6435, 14.1, 8.63363],
			"to": [10.6435, 19.1, 9.63363],
			"shade": false,
			"rotation": {"angle": 0, "axis": "y", "origin": [10.1435, 16.6, 9.13363]},
			"faces": {
				"north": {"uv": [10, 9.5, 11, 12], "texture": "#4"},
				"east": {"uv": [12, 10.5, 12.5, 13], "texture": "#4"},
				"south": {"uv": [10.5, 2, 11.5, 4.5], "texture": "#4"},
				"west": {"uv": [11, 12, 11.5, 14.5], "texture": "#4"},
				"up": {"uv": [14, 6.5, 13, 6], "texture": "#4"},
				"down": {"uv": [14, 6.5, 13, 7], "texture": "#4"}
			}
		},
		{
			"name": "nose",
			"from": [7.5, 11.525, 4.35],
			"to": [8.5, 12.525, 5.35],
			"shade": false,
			"rotation": {"angle": 0, "axis": "y", "origin": [8, 3.4, 10.85]},
			"faces": {
				"north": {"uv": [7.5, 5.5, 8, 6], "texture": "#4"},
				"east": {"uv": [5, 8.5, 5.5, 9], "texture": "#4"},
				"south": {"uv": [5, 9, 5.5, 9.5], "texture": "#4"},
				"west": {"uv": [5, 9.5, 5.5, 10], "texture": "#4"},
				"up": {"uv": [10.5, 2.5, 10, 2], "texture": "#4"},
				"down": {"uv": [10.5, 2.5, 10, 3], "texture": "#4"}
			}
		},
		{
			"name": "head",
			"from": [5.5, 11.4, 4.85],
			"to": [10.5, 15.4, 9.85],
			"shade": false,
			"rotation": {"angle": 0, "axis": "y", "origin": [8, 3.4, 10.85]},
			"faces": {
				"north": {"uv": [5.5, 6, 8, 8], "texture": "#4"},
				"east": {"uv": [5.5, 8, 8, 10], "texture": "#4"},
				"south": {"uv": [8, 5.5, 10.5, 7.5], "texture": "#4"},
				"west": {"uv": [8, 7.5, 10.5, 9.5], "texture": "#4"},
				"up": {"uv": [5.5, 8.5, 3, 6], "texture": "#4"},
				"down": {"uv": [8.5, 3, 6, 5.5], "texture": "#4"}
			}
		},
		{
			"name": "head",
			"from": [5.5, 12.4, 4.95],
			"to": [10.5, 14.4, 4.95],
			"shade": false,
			"rotation": {"angle": 0, "axis": "y", "origin": [8, 3.4, 10.95]},
			"faces": {
				"north": {"uv": [0, 14.25, 2.5, 15.25], "texture": "#4"},
				"east": {"uv": [5.5, 8, 8, 10], "texture": "#4"},
				"south": {"uv": [8, 5.5, 10.5, 7.5], "texture": "#4"},
				"west": {"uv": [8, 7.5, 10.5, 9.5], "texture": "#4"},
				"up": {"uv": [5.5, 8.5, 3, 6], "texture": "#4"},
				"down": {"uv": [8.5, 3, 6, 5.5], "texture": "#4"}
			}
		},
		{
			"name": "frontLegLeft",
			"from": [3.825, 5.73038, 6.8473],
			"to": [5.45, 11.03038, 8.5223],
			"shade": false,
			"rotation": {"angle": 0, "axis": "y", "origin": [5.1875, 8.38038, 7.6848]},
			"faces": {
				"north": {"uv": [0, 11, 0.75, 13.75], "texture": "#4"},
				"east": {"uv": [1, 11, 1.75, 13.75], "texture": "#4"},
				"south": {"uv": [11, 9, 11.75, 11.75], "texture": "#4"},
				"west": {"uv": [11.5, 0, 12.25, 2.75], "texture": "#4"},
				"up": {"uv": [13.25, 11.75, 12.5, 11], "texture": "#4"},
				"down": {"uv": [13.25, 12, 12.5, 12.75], "texture": "#4"}
			}
		},
		{
			"name": "frontLegLeft",
			"from": [10.55, 5.73038, 6.8473],
			"to": [12.175, 11.03038, 8.5223],
			"shade": false,
			"rotation": {"angle": 0, "axis": "y", "origin": [10.8125, 8.38038, 7.6848]},
			"faces": {
				"north": {"uv": [0.75, 11, 0, 13.75], "texture": "#4"},
				"east": {"uv": [12.25, 0, 11.5, 2.75], "texture": "#4"},
				"south": {"uv": [11.75, 9, 11, 11.75], "texture": "#4"},
				"west": {"uv": [1.75, 11, 1, 13.75], "texture": "#4"},
				"up": {"uv": [12.5, 11.75, 13.25, 11], "texture": "#4"},
				"down": {"uv": [12.5, 12, 13.25, 12.75], "texture": "#4"}
			}
		},
		{
			"name": "body",
			"from": [5.325, 2.12061, 4.95904],
			"to": [10.85, 7.49561, 10.88404],
			"shade": false,
			"rotation": {"angle": 0, "axis": "y", "origin": [8, 2, 6.2]},
			"faces": {
				"north": {"uv": [0, 6, 2.75, 8.75], "texture": "#4"},
				"east": {"uv": [0, 0, 3, 2.75], "texture": "#4"},
				"south": {"uv": [6, 0, 8.75, 2.75], "texture": "#4"},
				"west": {"uv": [0, 3, 3, 5.75], "texture": "#4"},
				"up": {"uv": [5.75, 3, 3, 0], "texture": "#4"},
				"down": {"uv": [5.75, 3, 3, 6], "texture": "#4"}
			}
		},
		{
			"name": "body",
			"from": [6.1, 7.49561, 5.88404],
			"to": [10.125, 11.49561, 9.50904],
			"shade": false,
			"rotation": {"angle": 0, "axis": "y", "origin": [8, 2, 6.2]},
			"faces": {
				"north": {"uv": [3, 8.5, 5, 10.5], "texture": "#4"},
				"east": {"uv": [0, 9, 1.75, 11], "texture": "#4"},
				"south": {"uv": [8.5, 3, 10.5, 5], "texture": "#4"},
				"west": {"uv": [9, 0, 10.75, 2], "texture": "#4"},
				"up": {"uv": [10, 11.25, 8, 9.5], "texture": "#4"},
				"down": {"uv": [7, 10, 5, 11.75], "texture": "#4"}
			}
		},
		{
			"name": "tail",
			"from": [6.975, 3.20205, 10.30652],
			"to": [9.175, 5.32705, 12.30652],
			"shade": false,
			"rotation": {"angle": 0, "axis": "y", "origin": [8, 0, 4.5]},
			"faces": {
				"north": {"uv": [9, 2, 10, 3], "texture": "#4"},
				"east": {"uv": [12.5, 0, 13.5, 1], "texture": "#4"},
				"south": {"uv": [12.5, 1, 13.5, 2], "texture": "#4"},
				"west": {"uv": [12.5, 2, 13.5, 3], "texture": "#4"},
				"up": {"uv": [13.5, 4, 12.5, 3], "texture": "#4"},
				"down": {"uv": [8, 12.5, 7, 13.5], "texture": "#4"}
			}
		},
		{
			"name": "haunchLeft",
			"from": [4, 1.42061, 6.53404],
			"to": [6, 4.42061, 9.53404],
			"shade": false,
			"rotation": {"angle": 22.5, "axis": "x", "origin": [8, 2.92061, 8.03404]},
			"faces": {
				"north": {"uv": [8, 11.5, 9, 13], "texture": "#4"},
				"east": {"uv": [3, 10.5, 4.5, 12], "texture": "#4"},
				"south": {"uv": [9, 11.5, 10, 13], "texture": "#4"},
				"west": {"uv": [10.5, 4.5, 12, 6], "texture": "#4"},
				"up": {"uv": [4, 13.5, 3, 12], "texture": "#4"},
				"down": {"uv": [5, 12, 4, 13.5], "texture": "#4"}
			}
		},
		{
			"name": "rearFootLeft",
			"from": [4, 0, 6],
			"to": [6, 1, 9],
			"shade": false,
			"rotation": {"angle": 0, "axis": "y", "origin": [8, -2, 4.5]},
			"faces": {
				"north": {"uv": [2, 13, 3, 13.5], "texture": "#4"},
				"east": {"uv": [6, 5.5, 7.5, 6], "texture": "#4"},
				"south": {"uv": [13, 4.5, 14, 5], "texture": "#4"},
				"west": {"uv": [8.5, 5, 10, 5.5], "texture": "#4"},
				"up": {"uv": [3, 13, 2, 11.5], "texture": "#4"},
				"down": {"uv": [12.5, 3, 11.5, 4.5], "texture": "#4"}
			}
		},
		{
			"name": "haunchLeft",
			"from": [10, 1.42061, 6.53404],
			"to": [12, 4.42061, 9.53404],
			"shade": false,
			"rotation": {"angle": 22.5, "axis": "x", "origin": [8, 2.92061, 8.03404]},
			"faces": {
				"north": {"uv": [9, 11.5, 8, 13], "texture": "#4"},
				"east": {"uv": [12, 4.5, 10.5, 6], "texture": "#4"},
				"south": {"uv": [10, 11.5, 9, 13], "texture": "#4"},
				"west": {"uv": [4.5, 10.5, 3, 12], "texture": "#4"},
				"up": {"uv": [3, 13.5, 4, 12], "texture": "#4"},
				"down": {"uv": [4, 12, 5, 13.5], "texture": "#4"}
			}
		},
		{
			"name": "rearFootLeft",
			"from": [10, 0, 6],
			"to": [12, 1, 9],
			"shade": false,
			"rotation": {"angle": 0, "axis": "y", "origin": [8, -2, 4.5]},
			"faces": {
				"north": {"uv": [3, 13, 2, 13.5], "texture": "#4"},
				"east": {"uv": [10, 5, 8.5, 5.5], "texture": "#4"},
				"south": {"uv": [14, 4.5, 13, 5], "texture": "#4"},
				"west": {"uv": [7.5, 5.5, 6, 6], "texture": "#4"},
				"up": {"uv": [2, 13, 3, 11.5], "texture": "#4"},
				"down": {"uv": [11.5, 3, 12.5, 4.5], "texture": "#4"}
			}
		}
	],
	"display": {
		"thirdperson_righthand": {
			"rotation": [68, 0, 0],
			"scale": [2, 2, 2]
		},
		"firstperson_righthand": {
			"rotation": [0, 141, 0],
			"translation": [0, 2.5, 0],
			"scale": [0.5, 0.5, 0.5]
		},
		"ground": {
			"scale": [3.33, 3.33, 3.33]
		},
		"gui": {
			"rotation": [0, 180, 0],
			"translation": [0.5, 0, 0],
			"scale": [2, 2, 2]
		},
		"head": {
			"translation": [0, -35.25, 0],
			"scale": [4, 4, 4]
		},
		"fixed": {
			"translation": [0, 0, -3.5],
			"scale": [4, 4, 4]
		}
	},
	"groups": [
		{
			"name": "all",
			"origin": [0, 0, 0],
			"color": 0,
			"children": [
				{
					"name": "body",
					"origin": [0, 7, 8],
					"color": 0,
					"shade": false,
					"children": [
						{
							"name": "head",
							"origin": [-0.00407, 11.65625, 3.10725],
							"color": 0,
							"shade": false,
							"children": [
								0,
								1,
								2,
								3,
								{
									"name": "eyes",
									"origin": [0, 3.4, 6.45],
									"color": 0,
									"children": [4]
								}
							]
						},
						{
							"name": "LeftArm",
							"origin": [-2, 10.525, 3],
							"color": 0,
							"shade": false,
							"children": [5]
						},
						{
							"name": "RightArm",
							"origin": [2.14563, 10.59086, 3.1848],
							"color": 0,
							"shade": false,
							"children": [6]
						},
						7,
						8,
						9
					]
				},
				{
					"name": "LeftLeg",
					"origin": [-3, 4, 3.325],
					"color": 0,
					"shade": false,
					"children": [
						10,
						{
							"name": "bone2",
							"origin": [-3, 0.975, 4.375],
							"color": 0,
							"children": [11]
						}
					]
				},
				{
					"name": "RightLeg",
					"origin": [3, 2.92061, 3.53404],
					"color": 0,
					"shade": false,
					"children": [
						12,
						{
							"name": "bone",
							"origin": [3, 0.5, 3],
							"color": 0,
							"children": [13]
						}
					]
				}
			]
		}
	]
}