{
	"credit": "Made with Blockbench",
	"texture_size": [64, 64],
	"textures": {
		"0": "item/unique/pets/frost_gremlin"
	},
	"elements": [
		{
			"from": [10, 3.25, 7],
			"to": [12, 7.25, 9],
			"rotation": {"angle": 0, "axis": "y", "origin": [10.25, 6.5, 8]},
			"faces": {
				"north": {"uv": [3.25, 7.25, 3.75, 8.25], "texture": "#0"},
				"east": {"uv": [3.75, 7.25, 4.25, 8.25], "texture": "#0"},
				"south": {"uv": [4.25, 7.25, 4.75, 8.25], "texture": "#0"},
				"west": {"uv": [4.75, 7.25, 5.25, 8.25], "texture": "#0"},
				"up": {"uv": [7.25, 7.75, 6.75, 7.25], "texture": "#0"},
				"down": {"uv": [7.75, 6.75, 7.25, 7.25], "texture": "#0"}
			}
		},
		{
			"from": [9.75, 3, 6.75],
			"to": [12.25, 5.5, 9.25],
			"rotation": {"angle": 0, "axis": "y", "origin": [10.25, 6.5, 8]},
			"faces": {
				"north": {"uv": [7.25, 7.25, 7.75, 7.75], "texture": "#0"},
				"east": {"uv": [0, 7.5, 0.5, 8], "texture": "#0"},
				"south": {"uv": [0.5, 7.5, 1, 8], "texture": "#0"},
				"west": {"uv": [1, 7.5, 1.5, 8], "texture": "#0"},
				"up": {"uv": [2, 8, 1.5, 7.5], "texture": "#0"},
				"down": {"uv": [2.5, 7.5, 2, 8], "texture": "#0"}
			}
		},
		{
			"from": [11.75, 2.5, 7.5],
			"to": [12.75, 3.5, 8.5],
			"rotation": {"angle": -22.5, "axis": "z", "origin": [12.25, 3, 8]},
			"faces": {
				"north": {"uv": [0.25, 7.5, 0.5, 7.75], "texture": "#0"},
				"east": {"uv": [0.25, 7.5, 0.5, 7.75], "texture": "#0"},
				"south": {"uv": [0.25, 7.5, 0.5, 7.75], "texture": "#0"},
				"west": {"uv": [0.25, 7.5, 0.5, 7.75], "texture": "#0"},
				"up": {"uv": [0.25, 7.5, 0.5, 7.75], "texture": "#0"},
				"down": {"uv": [0.25, 7.5, 0.5, 7.75], "texture": "#0"}
			}
		},
		{
			"from": [4, 3.25, 7],
			"to": [6, 7.25, 9],
			"rotation": {"angle": 0, "axis": "y", "origin": [5.75, 6.5, 8]},
			"faces": {
				"north": {"uv": [3.75, 7.25, 3.25, 8.25], "texture": "#0"},
				"east": {"uv": [5.25, 7.25, 4.75, 8.25], "texture": "#0"},
				"south": {"uv": [4.75, 7.25, 4.25, 8.25], "texture": "#0"},
				"west": {"uv": [4.25, 7.25, 3.75, 8.25], "texture": "#0"},
				"up": {"uv": [6.75, 7.75, 7.25, 7.25], "texture": "#0"},
				"down": {"uv": [7.25, 6.75, 7.75, 7.25], "texture": "#0"}
			}
		},
		{
			"from": [3.75, 3, 6.75],
			"to": [6.25, 5.5, 9.25],
			"rotation": {"angle": 0, "axis": "y", "origin": [5.75, 6.5, 8]},
			"faces": {
				"north": {"uv": [7.75, 7.25, 7.25, 7.75], "texture": "#0"},
				"east": {"uv": [1.5, 7.5, 1, 8], "texture": "#0"},
				"south": {"uv": [1, 7.5, 0.5, 8], "texture": "#0"},
				"west": {"uv": [0.5, 7.5, 0, 8], "texture": "#0"},
				"up": {"uv": [1.5, 8, 2, 7.5], "texture": "#0"},
				"down": {"uv": [2, 7.5, 2.5, 8], "texture": "#0"}
			}
		},
		{
			"from": [3.25, 2.5, 7.5],
			"to": [4.25, 3.5, 8.5],
			"rotation": {"angle": 22.5, "axis": "z", "origin": [3.75, 3, 8]},
			"faces": {
				"north": {"uv": [0.5, 7.5, 0.25, 7.75], "texture": "#0"},
				"east": {"uv": [0.5, 7.5, 0.25, 7.75], "texture": "#0"},
				"south": {"uv": [0.5, 7.5, 0.25, 7.75], "texture": "#0"},
				"west": {"uv": [0.5, 7.5, 0.25, 7.75], "texture": "#0"},
				"up": {"uv": [0.5, 7.5, 0.25, 7.75], "texture": "#0"},
				"down": {"uv": [0.5, 7.5, 0.25, 7.75], "texture": "#0"}
			}
		},
		{
			"from": [8.75, 9.5, 5.9],
			"to": [11.75, 12.5, 5.9],
			"rotation": {"angle": -45, "axis": "z", "origin": [10, 11, 5.9]},
			"faces": {
				"north": {"uv": [12.5, 0, 13.25, 0.75], "texture": "#0"},
				"east": {"uv": [2, 3, 3.5, 4.75], "texture": "#0"},
				"south": {"uv": [13.25, 0, 12.5, 0.75], "texture": "#0"},
				"west": {"uv": [0, 3.5, 1.5, 5.25], "texture": "#0"},
				"up": {"uv": [4, 1.5, 2, 0], "texture": "#0"},
				"down": {"uv": [4, 1.5, 2, 3], "texture": "#0"}
			}
		},
		{
			"from": [4.25, 9.5, 5.9],
			"to": [7.25, 12.5, 5.9],
			"rotation": {"angle": 45, "axis": "z", "origin": [6, 11, 5.9]},
			"faces": {
				"north": {"uv": [13.25, 0, 12.5, 0.75], "texture": "#0"},
				"east": {"uv": [1.5, 3.5, 0, 5.25], "texture": "#0"},
				"south": {"uv": [12.5, 0, 13.25, 0.75], "texture": "#0"},
				"west": {"uv": [3.5, 3, 2, 4.75], "texture": "#0"},
				"up": {"uv": [2, 1.5, 4, 0], "texture": "#0"},
				"down": {"uv": [2, 1.5, 4, 3], "texture": "#0"}
			}
		},
		{
			"from": [4, 8, 5],
			"to": [12, 15, 11],
			"faces": {
				"north": {"uv": [2.25, 0, 4.25, 1.75], "texture": "#0"},
				"east": {"uv": [4.25, 0, 5.75, 1.75], "texture": "#0"},
				"south": {"uv": [2.25, 1.75, 4.25, 3.5], "texture": "#0"},
				"west": {"uv": [4.25, 1.75, 5.75, 3.5], "texture": "#0"},
				"up": {"uv": [4.25, 5, 2.25, 3.5], "texture": "#0"},
				"down": {"uv": [2, 4, 0, 5.5], "texture": "#0"}
			}
		},
		{
			"from": [-2, 10, 6],
			"to": [5, 13, 6],
			"rotation": {"angle": 0, "axis": "y", "origin": [1, 0, 0]},
			"faces": {
				"north": {"uv": [6.75, 9.5, 8.5, 10.25], "texture": "#0"},
				"east": {"uv": [4.25, 0, 5.75, 1.75], "texture": "#0"},
				"south": {"uv": [8.5, 8.75, 6.75, 9.5], "texture": "#0"},
				"west": {"uv": [4.25, 1.75, 5.75, 3.5], "texture": "#0"},
				"up": {"uv": [4.25, 5, 2.25, 3.5], "texture": "#0"},
				"down": {"uv": [2, 4, 0, 5.5], "texture": "#0"}
			}
		},
		{
			"from": [11, 10, 6],
			"to": [18, 13, 6],
			"rotation": {"angle": 0, "axis": "y", "origin": [15, 0, 0]},
			"faces": {
				"north": {"uv": [8.5, 9.5, 6.75, 10.25], "texture": "#0"},
				"east": {"uv": [5.75, 1.75, 4.25, 3.5], "texture": "#0"},
				"south": {"uv": [6.75, 8.75, 8.5, 9.5], "texture": "#0"},
				"west": {"uv": [5.75, 0, 4.25, 1.75], "texture": "#0"},
				"up": {"uv": [2.25, 5, 4.25, 3.5], "texture": "#0"},
				"down": {"uv": [0, 4, 2, 5.5], "texture": "#0"}
			}
		},
		{
			"from": [4.75, 9.75, 4.9],
			"to": [7.25, 12.25, 4.9],
			"faces": {
				"north": {"uv": [7.75, 4, 8.25, 4.5], "texture": "#0"},
				"east": {"uv": [0, 0, 0, 0.5], "texture": "#0"},
				"south": {"uv": [7.75, 6, 8.25, 6.5], "texture": "#0"},
				"west": {"uv": [0, 0, 0, 0.5], "texture": "#0"},
				"up": {"uv": [0.5, 0, 0, 0], "texture": "#0"},
				"down": {"uv": [0.5, 0, 0, 0], "texture": "#0"}
			}
		},
		{
			"from": [5.25, 10.25, 4.875],
			"to": [6.75, 11.75, 4.875],
			"faces": {
				"north": {"uv": [1.75, 5.5, 2, 5.75], "texture": "#0"},
				"east": {"uv": [0, 0, 0, 0.25], "texture": "#0"},
				"south": {"uv": [1.75, 5.75, 2, 6], "texture": "#0"},
				"west": {"uv": [0, 0, 0, 0.25], "texture": "#0"},
				"up": {"uv": [0.25, 0, 0, 0], "texture": "#0"},
				"down": {"uv": [0.25, 0, 0, 0], "texture": "#0"}
			}
		},
		{
			"from": [6.25, 11.25, 4.85],
			"to": [7, 12, 4.85],
			"faces": {
				"north": {"uv": [5.75, 3.25, 6, 3.5], "texture": "#0"},
				"east": {"uv": [0, 0, 0, 0.25], "texture": "#0"},
				"south": {"uv": [1.75, 6, 2, 6.25], "texture": "#0"},
				"west": {"uv": [0, 0, 0, 0.25], "texture": "#0"},
				"up": {"uv": [0.25, 0, 0, 0], "texture": "#0"},
				"down": {"uv": [0.25, 0, 0, 0], "texture": "#0"}
			}
		},
		{
			"from": [8.75, 9.75, 4.9],
			"to": [11.25, 12.25, 4.9],
			"rotation": {"angle": 0, "axis": "y", "origin": [4, 0, 0]},
			"faces": {
				"north": {"uv": [7.75, 4, 8.25, 4.5], "texture": "#0"},
				"east": {"uv": [0, 0, 0, 0.5], "texture": "#0"},
				"south": {"uv": [7.75, 6, 8.25, 6.5], "texture": "#0"},
				"west": {"uv": [0, 0, 0, 0.5], "texture": "#0"},
				"up": {"uv": [0.5, 0, 0, 0], "texture": "#0"},
				"down": {"uv": [0.5, 0, 0, 0], "texture": "#0"}
			}
		},
		{
			"from": [9.25, 10.25, 4.875],
			"to": [10.75, 11.75, 4.875],
			"rotation": {"angle": 0, "axis": "y", "origin": [4, 0, 0]},
			"faces": {
				"north": {"uv": [1.75, 5.5, 2, 5.75], "texture": "#0"},
				"east": {"uv": [0, 0, 0, 0.25], "texture": "#0"},
				"south": {"uv": [1.75, 5.75, 2, 6], "texture": "#0"},
				"west": {"uv": [0, 0, 0, 0.25], "texture": "#0"},
				"up": {"uv": [0.25, 0, 0, 0], "texture": "#0"},
				"down": {"uv": [0.25, 0, 0, 0], "texture": "#0"}
			}
		},
		{
			"from": [10.25, 11.25, 4.85],
			"to": [11, 12, 4.85],
			"rotation": {"angle": 0, "axis": "y", "origin": [4, 0, 0]},
			"faces": {
				"north": {"uv": [5.75, 3.25, 6, 3.5], "texture": "#0"},
				"east": {"uv": [0, 0, 0, 0.25], "texture": "#0"},
				"south": {"uv": [1.75, 6, 2, 6.25], "texture": "#0"},
				"west": {"uv": [0, 0, 0, 0.25], "texture": "#0"},
				"up": {"uv": [0.25, 0, 0, 0], "texture": "#0"},
				"down": {"uv": [0.25, 0, 0, 0], "texture": "#0"}
			}
		},
		{
			"from": [6.5, 8, 4],
			"to": [9.5, 10, 5],
			"faces": {
				"north": {"uv": [7, 4, 7.75, 4.5], "texture": "#0"},
				"east": {"uv": [2, 4, 2.25, 4.5], "texture": "#0"},
				"south": {"uv": [7.25, 2.75, 8, 3.25], "texture": "#0"},
				"west": {"uv": [2, 4.5, 2.25, 5], "texture": "#0"},
				"up": {"uv": [5.5, 6.25, 4.75, 6], "texture": "#0"},
				"down": {"uv": [8.75, 2, 8, 2.25], "texture": "#0"}
			}
		},
		{
			"from": [8.5, 7, 4.025],
			"to": [9.5, 8, 4.025],
			"rotation": {"angle": -45, "axis": "z", "origin": [9.5, 8, 4.025]},
			"faces": {
				"north": {"uv": [9, 2, 9.25, 2.25], "texture": "#0"},
				"east": {"uv": [2, 4, 2.25, 4.5], "texture": "#0"},
				"south": {"uv": [9, 2, 9.25, 2.25], "texture": "#0"},
				"west": {"uv": [2, 4.5, 2.25, 5], "texture": "#0"},
				"up": {"uv": [5.5, 6.25, 4.75, 6], "texture": "#0"},
				"down": {"uv": [8.75, 2, 8, 2.25], "texture": "#0"}
			}
		},
		{
			"from": [7.5, 9.25, 3.75],
			"to": [8.5, 10.25, 4.75],
			"faces": {
				"north": {"uv": [1.75, 6.25, 2, 6.5], "texture": "#0"},
				"east": {"uv": [8, 2.75, 8.25, 3], "texture": "#0"},
				"south": {"uv": [3, 8, 3.25, 8.25], "texture": "#0"},
				"west": {"uv": [8, 3, 8.25, 3.25], "texture": "#0"},
				"up": {"uv": [8.25, 3.5, 8, 3.25], "texture": "#0"},
				"down": {"uv": [8.25, 3.5, 8, 3.75], "texture": "#0"}
			}
		},
		{
			"from": [3.5, 12.75, 4.5],
			"to": [12.5, 14.75, 12.5],
			"rotation": {"angle": 22.5, "axis": "x", "origin": [8, 13.75, 8]},
			"faces": {
				"north": {"uv": [6, 4.5, 8.25, 5], "texture": "#0"},
				"east": {"uv": [6.75, 5.5, 8.75, 6], "texture": "#0"},
				"south": {"uv": [6.75, 5, 9, 5.5], "texture": "#0"},
				"west": {"uv": [7, 0, 9, 0.5], "texture": "#0"},
				"up": {"uv": [2.25, 2, 0, 0], "texture": "#0"},
				"down": {"uv": [2.25, 2, 0, 4], "texture": "#0"}
			}
		},
		{
			"from": [4.5, 15.63059, 6.07298],
			"to": [11.5, 19.63059, 12.07298],
			"rotation": {"angle": 45, "axis": "x", "origin": [4.5, 15.63059, 6.07298]},
			"faces": {
				"north": {"uv": [3.75, 5, 5.5, 6], "texture": "#0"},
				"east": {"uv": [5.75, 1.25, 7.25, 2.25], "texture": "#0"},
				"south": {"uv": [0, 5.5, 1.75, 6.5], "texture": "#0"},
				"west": {"uv": [5.75, 2.25, 7.25, 3.25], "texture": "#0"},
				"up": {"uv": [6, 5, 4.25, 3.5], "texture": "#0"},
				"down": {"uv": [3.75, 5, 2, 6.5], "texture": "#0"}
			}
		},
		{
			"from": [6.75, 17.70902, 9.65141],
			"to": [9.25, 20.20902, 12.15141],
			"rotation": {"angle": 22.5, "axis": "x", "origin": [8, 18.45902, 8.90141]},
			"faces": {
				"north": {"uv": [7.75, 6.5, 8.25, 7], "texture": "#0"},
				"east": {"uv": [6.75, 7.75, 7.25, 8.25], "texture": "#0"},
				"south": {"uv": [7.75, 7, 8.25, 7.5], "texture": "#0"},
				"west": {"uv": [7.25, 7.75, 7.75, 8.25], "texture": "#0"},
				"up": {"uv": [8.25, 8, 7.75, 7.5], "texture": "#0"},
				"down": {"uv": [0.5, 8, 0, 8.5], "texture": "#0"}
			}
		},
		{
			"from": [1, 8, 5],
			"to": [4, 11, 5],
			"rotation": {"angle": 22.5, "axis": "y", "origin": [4, 12, 5]},
			"faces": {
				"north": {"uv": [7.25, 2, 8, 2.75], "texture": "#0"},
				"east": {"uv": [0, 0, 0, 0.75], "texture": "#0"},
				"south": {"uv": [8, 2, 7.25, 2.75], "texture": "#0"},
				"west": {"uv": [0, 0, 0, 0.75], "texture": "#0"},
				"up": {"uv": [0.75, 0, 0, 0], "texture": "#0"},
				"down": {"uv": [0.75, 0, 0, 0], "texture": "#0"}
			}
		},
		{
			"from": [12, 8, 5],
			"to": [15, 11, 5],
			"rotation": {"angle": -22.5, "axis": "y", "origin": [12, 12, 5]},
			"faces": {
				"north": {"uv": [8, 2, 7.25, 2.75], "texture": "#0"},
				"east": {"uv": [0, 0, 0, 0.75], "texture": "#0"},
				"south": {"uv": [7.25, 2, 8, 2.75], "texture": "#0"},
				"west": {"uv": [0, 0, 0, 0.75], "texture": "#0"},
				"up": {"uv": [0, 0, 0.75, 0], "texture": "#0"},
				"down": {"uv": [0, 0, 0.75, 0], "texture": "#0"}
			}
		},
		{
			"from": [5.49, 2.99, 5.99],
			"to": [10.51, 8.01, 10.01],
			"faces": {
				"north": {"uv": [5.5, 5, 6.75, 6.25], "texture": "#0"},
				"east": {"uv": [6, 3.25, 7, 4.5], "texture": "#0"},
				"south": {"uv": [5.75, 0, 7, 1.25], "texture": "#0"},
				"west": {"uv": [3.75, 6, 4.75, 7.25], "texture": "#0"},
				"up": {"uv": [6, 7.25, 4.75, 6.25], "texture": "#0"},
				"down": {"uv": [7.25, 6.25, 6, 7.25], "texture": "#0"}
			}
		},
		{
			"from": [5.25, 4.75, 5.75],
			"to": [10.75, 8.25, 10.25],
			"faces": {
				"north": {"uv": [2.5, 6.5, 3.75, 7.25], "texture": "#0"},
				"east": {"uv": [7, 3.25, 8, 4], "texture": "#0"},
				"south": {"uv": [7, 0.5, 8.25, 1.25], "texture": "#0"},
				"west": {"uv": [7.25, 1.25, 8.25, 2], "texture": "#0"},
				"up": {"uv": [1.25, 7.5, 0, 6.5], "texture": "#0"},
				"down": {"uv": [2.5, 6.5, 1.25, 7.5], "texture": "#0"}
			}
		},
		{
			"from": [8.5, 0, 7],
			"to": [10.5, 3, 9],
			"rotation": {"angle": 0, "axis": "y", "origin": [16, 0, 0]},
			"faces": {
				"north": {"uv": [5.25, 7.25, 5.75, 8], "texture": "#0"},
				"east": {"uv": [5.75, 7.25, 6.25, 8], "texture": "#0"},
				"south": {"uv": [7.25, 6, 7.75, 6.75], "texture": "#0"},
				"west": {"uv": [6.25, 7.25, 6.75, 8], "texture": "#0"},
				"up": {"uv": [1, 8.5, 0.5, 8], "texture": "#0"},
				"down": {"uv": [1.5, 8, 1, 8.5], "texture": "#0"}
			}
		},
		{
			"from": [8.25, -0.25, 6.75],
			"to": [10.75, 1.25, 9.25],
			"rotation": {"angle": 0, "axis": "y", "origin": [16, 0, 0]},
			"faces": {
				"north": {"uv": [6.75, 6, 7.25, 6.25], "texture": "#0"},
				"east": {"uv": [8, 2.25, 8.5, 2.5], "texture": "#0"},
				"south": {"uv": [2.5, 8, 3, 8.25], "texture": "#0"},
				"west": {"uv": [8, 2.5, 8.5, 2.75], "texture": "#0"},
				"up": {"uv": [2, 8.5, 1.5, 8], "texture": "#0"},
				"down": {"uv": [2.5, 8, 2, 8.5], "texture": "#0"}
			}
		},
		{
			"from": [5.5, 0, 7],
			"to": [7.5, 3, 9],
			"faces": {
				"north": {"uv": [5.75, 7.25, 5.25, 8], "texture": "#0"},
				"east": {"uv": [6.75, 7.25, 6.25, 8], "texture": "#0"},
				"south": {"uv": [7.75, 6, 7.25, 6.75], "texture": "#0"},
				"west": {"uv": [6.25, 7.25, 5.75, 8], "texture": "#0"},
				"up": {"uv": [0.5, 8.5, 1, 8], "texture": "#0"},
				"down": {"uv": [1, 8, 1.5, 8.5], "texture": "#0"}
			}
		},
		{
			"from": [5.25, -0.25, 6.75],
			"to": [7.75, 1.25, 9.25],
			"faces": {
				"north": {"uv": [7.25, 6, 6.75, 6.25], "texture": "#0"},
				"east": {"uv": [8.5, 2.5, 8, 2.75], "texture": "#0"},
				"south": {"uv": [3, 8, 2.5, 8.25], "texture": "#0"},
				"west": {"uv": [8.5, 2.25, 8, 2.5], "texture": "#0"},
				"up": {"uv": [1.5, 8.5, 2, 8], "texture": "#0"},
				"down": {"uv": [2, 8, 2.5, 8.5], "texture": "#0"}
			}
		},
		{
			"from": [4, 0, 4],
			"to": [12, 16, 12],
			"rotation": {"angle": 0, "axis": "y", "origin": [8, 0, 8]},
			"color": 0,
			"faces": {
				"north": {"uv": [0, 0, 2, 4], "texture": "#missing"},
				"east": {"uv": [0, 0, 2, 4], "texture": "#missing"},
				"south": {"uv": [0, 0, 2, 4], "texture": "#missing"},
				"west": {"uv": [0, 0, 2, 4], "texture": "#missing"},
				"up": {"uv": [0, 0, 2, 2], "texture": "#missing"},
				"down": {"uv": [0, 0, 2, 2], "texture": "#missing"}
			}
		}
	],
	"groups": [
		{
			"name": "frost_ferret",
			"origin": [8, 0, 8],
			"color": 0,
			"children": [
				{
					"name": "vfx",
					"origin": [8, 0, 8],
					"color": 0,
					"children": [
						{
							"name": "h_boomerang_rot",
							"origin": [8, 0, 8],
							"color": 0,
							"children": [
								{
									"name": "h_boomerang2",
									"origin": [8, 7, 1],
									"color": 0,
									"children": [
										{
											"name": "h_boomerang_shot",
											"origin": [8, 7, 1],
											"color": 0,
											"children": [
												{
													"name": "h_boomerang_swing",
													"origin": [8, 7, 1],
													"color": 0,
													"children": []
												}
											]
										}
									]
								}
							]
						}
					]
				},
				{
					"name": "body",
					"origin": [8, 3, 8],
					"color": 0,
					"children": [
						{
							"name": "torso",
							"origin": [8, 3, 8],
							"color": 0,
							"children": [
								{
									"name": "right_arm",
									"origin": [10.25, 6.5, 8],
									"color": 0,
									"children": [
										0,
										{
											"name": "boomerang",
											"origin": [11, 3.5, 6.75],
											"color": 0,
											"children": []
										},
										1,
										2
									]
								},
								{
									"name": "left_arm",
									"origin": [5.75, 6.5, 8],
									"color": 0,
									"children": [3, 4, 5]
								},
								{
									"name": "h_head",
									"origin": [8, 8, 8],
									"color": 0,
									"children": [
										{
											"name": "h_death",
											"origin": [10, 11, 5.9],
											"color": 0,
											"children": [6, 7]
										},
										8,
										{
											"name": "h_left_ear",
											"origin": [4, 12, 6],
											"color": 0,
											"children": [9]
										},
										{
											"name": "h_right_ear",
											"origin": [12, 12, 6],
											"color": 0,
											"children": [10]
										},
										{
											"name": "h_left_eye",
											"origin": [6, 11, 4.9],
											"color": 0,
											"children": [11, 12, 13]
										},
										{
											"name": "h_right_eye",
											"origin": [10, 11, 4.9],
											"color": 0,
											"children": [14, 15, 16]
										},
										17,
										18,
										19,
										20,
										21,
										22,
										23,
										24
									]
								},
								25,
								26
							]
						},
						{
							"name": "right_leg",
							"origin": [9.5, 3, 8],
							"color": 0,
							"children": [27, 28]
						},
						{
							"name": "left_leg",
							"origin": [6.5, 3, 8],
							"color": 0,
							"children": [29, 30]
						}
					]
				}
			]
		},
		{
			"name": "hitbox",
			"origin": [8, 10, 8],
			"color": 0,
			"children": [31]
		}
	]
}