{
	"credit": "Made with Blockbench",
	"texture_size": [64, 64],
	"textures": {
		"4": "item/swords/rare_anom_sword"
	},
	"elements": [
		{
			"from": [10.51982, 2.58649, 7.59104],
			"to": [13.59182, 4.12249, 8.35904],
			"rotation": {"angle": -22.5, "axis": "z", "origin": [11.53583, 5.41919, 7.97504]},
			"faces": {
				"north": {"uv": [5.75, 0.5, 6.5, 1], "texture": "#4"},
				"east": {"uv": [2.5, 7.75, 2.75, 8.25], "texture": "#4"},
				"south": {"uv": [0.75, 6, 1.5, 6.5], "texture": "#4"},
				"west": {"uv": [2.75, 7.75, 3, 8.25], "texture": "#4"},
				"up": {"uv": [8.25, 2.75, 7.5, 2.5], "texture": "#4"},
				"down": {"uv": [8.25, 2.75, 7.5, 3], "texture": "#4"}
			}
		},
		{
			"from": [10.98847, 1.96422, 7.59143],
			"to": [12.07219, 3.04793, 8.35866],
			"rotation": {"angle": 22.5, "axis": "z", "origin": [11.53583, 5.41919, 7.97504]},
			"faces": {
				"north": {"uv": [5.75, 1, 6, 1.25], "texture": "#4"},
				"east": {"uv": [6, 2.5, 6.25, 2.75], "texture": "#4"},
				"south": {"uv": [8.5, 4.5, 8.75, 4.75], "texture": "#4"},
				"west": {"uv": [4.75, 8.5, 5, 8.75], "texture": "#4"},
				"up": {"uv": [8.75, 5, 8.5, 4.75], "texture": "#4"},
				"down": {"uv": [8.75, 5, 8.5, 5.25], "texture": "#4"}
			}
		},
		{
			"from": [9.23594, 1.71378, 7.96815],
			"to": [10.10291, 2.58075, 8.58193],
			"rotation": {"angle": 0, "axis": "y", "origin": [9.86917, 4.25252, 8.27504]},
			"faces": {
				"north": {"uv": [8.5, 5.25, 8.75, 5.5], "texture": "#4"},
				"east": {"uv": [8.5, 5.5, 8.75, 5.75], "texture": "#4"},
				"south": {"uv": [8.5, 5.75, 8.75, 6], "texture": "#4"},
				"west": {"uv": [8.5, 6, 8.75, 6.25], "texture": "#4"},
				"up": {"uv": [8.75, 6.5, 8.5, 6.25], "texture": "#4"},
				"down": {"uv": [8.75, 6.5, 8.5, 6.75], "texture": "#4"}
			}
		},
		{
			"from": [8.75897, 2.0075, 7.96784],
			"to": [11.21657, 3.2363, 8.58224],
			"rotation": {"angle": -45, "axis": "z", "origin": [9.86917, 4.25252, 8.27504]},
			"faces": {
				"north": {"uv": [5.5, 4.75, 6, 5], "texture": "#4"},
				"east": {"uv": [8.5, 6.75, 8.75, 7], "texture": "#4"},
				"south": {"uv": [6.75, 6, 7.25, 6.25], "texture": "#4"},
				"west": {"uv": [8.5, 7, 8.75, 7.25], "texture": "#4"},
				"up": {"uv": [8.25, 2.5, 7.75, 2.25], "texture": "#4"},
				"down": {"uv": [3.5, 7.75, 3, 8], "texture": "#4"}
			}
		},
		{
			"from": [9.23594, 1.71378, 7.36815],
			"to": [10.10291, 2.58075, 7.98193],
			"rotation": {"angle": 0, "axis": "y", "origin": [9.86917, 4.25252, 7.67504]},
			"faces": {
				"north": {"uv": [8.5, 7.25, 8.75, 7.5], "texture": "#4"},
				"east": {"uv": [7.5, 8.5, 7.75, 8.75], "texture": "#4"},
				"south": {"uv": [8.5, 7.5, 8.75, 7.75], "texture": "#4"},
				"west": {"uv": [7.75, 8.5, 8, 8.75], "texture": "#4"},
				"up": {"uv": [8.75, 8, 8.5, 7.75], "texture": "#4"},
				"down": {"uv": [8.25, 8.5, 8, 8.75], "texture": "#4"}
			}
		},
		{
			"from": [8.75897, 2.0075, 7.36784],
			"to": [11.21657, 3.2363, 7.98224],
			"rotation": {"angle": -45, "axis": "z", "origin": [9.86917, 4.25252, 7.67504]},
			"faces": {
				"north": {"uv": [3.5, 7.75, 4, 8], "texture": "#4"},
				"east": {"uv": [8.5, 8, 8.75, 8.25], "texture": "#4"},
				"south": {"uv": [4, 7.75, 4.5, 8], "texture": "#4"},
				"west": {"uv": [8.25, 8.5, 8.5, 8.75], "texture": "#4"},
				"up": {"uv": [5, 8, 4.5, 7.75], "texture": "#4"},
				"down": {"uv": [8.25, 4.75, 7.75, 5], "texture": "#4"}
			}
		},
		{
			"from": [9.27538, 4.05553, 7.49504],
			"to": [13.11538, 5.97553, 8.45504],
			"rotation": {"angle": 22.5, "axis": "z", "origin": [11.78583, 5.16919, 7.97504]},
			"faces": {
				"north": {"uv": [5, 1.25, 6, 1.75], "texture": "#4"},
				"east": {"uv": [5, 7.75, 5.25, 8.25], "texture": "#4"},
				"south": {"uv": [5, 1.75, 6, 2.25], "texture": "#4"},
				"west": {"uv": [7.75, 5, 8, 5.5], "texture": "#4"},
				"up": {"uv": [7.5, 0.25, 6.5, 0], "texture": "#4"},
				"down": {"uv": [7.5, 0.25, 6.5, 0.5], "texture": "#4"}
			}
		},
		{
			"from": [12.15647, 5.32417, 7.49552],
			"to": [13.51112, 6.67882, 8.45456],
			"rotation": {"angle": -22.5, "axis": "z", "origin": [11.78583, 5.16919, 7.97504]},
			"faces": {
				"north": {"uv": [8.5, 8.25, 8.75, 8.5], "texture": "#4"},
				"east": {"uv": [8.5, 8.5, 8.75, 8.75], "texture": "#4"},
				"south": {"uv": [0, 8.75, 0.25, 9], "texture": "#4"},
				"west": {"uv": [0.25, 8.75, 0.5, 9], "texture": "#4"},
				"up": {"uv": [9, 0.5, 8.75, 0.25], "texture": "#4"},
				"down": {"uv": [9, 0.5, 8.75, 0.75], "texture": "#4"}
			}
		},
		{
			"from": [10.1296, 4.28941, 7.89143],
			"to": [11.21331, 5.37312, 8.65866],
			"rotation": {"angle": -45, "axis": "z", "origin": [9.86917, 4.25252, 8.27504]},
			"faces": {
				"north": {"uv": [8.75, 0.75, 9, 1], "texture": "#4"},
				"east": {"uv": [8.75, 1, 9, 1.25], "texture": "#4"},
				"south": {"uv": [8.75, 1.25, 9, 1.5], "texture": "#4"},
				"west": {"uv": [8.75, 1.5, 9, 1.75], "texture": "#4"},
				"up": {"uv": [2, 9, 1.75, 8.75], "texture": "#4"},
				"down": {"uv": [9, 1.75, 8.75, 2], "texture": "#4"}
			}
		},
		{
			"from": [7.7737, 3.32552, 7.89104],
			"to": [10.8457, 4.86152, 8.65904],
			"rotation": {"angle": 0, "axis": "y", "origin": [9.86917, 4.25252, 8.27504]},
			"faces": {
				"north": {"uv": [6, 1, 6.75, 1.5], "texture": "#4"},
				"east": {"uv": [5.25, 7.75, 5.5, 8.25], "texture": "#4"},
				"south": {"uv": [6, 1.5, 6.75, 2], "texture": "#4"},
				"west": {"uv": [5.5, 7.75, 5.75, 8.25], "texture": "#4"},
				"up": {"uv": [8.25, 3.25, 7.5, 3], "texture": "#4"},
				"down": {"uv": [8.25, 3.25, 7.5, 3.5], "texture": "#4"}
			}
		},
		{
			"from": [10.1296, 4.28941, 7.29143],
			"to": [11.21331, 5.37312, 8.05866],
			"rotation": {"angle": -45, "axis": "z", "origin": [9.86917, 4.25252, 7.67504]},
			"faces": {
				"north": {"uv": [8.75, 2, 9, 2.25], "texture": "#4"},
				"east": {"uv": [2.25, 8.75, 2.5, 9], "texture": "#4"},
				"south": {"uv": [2.5, 8.75, 2.75, 9], "texture": "#4"},
				"west": {"uv": [2.75, 8.75, 3, 9], "texture": "#4"},
				"up": {"uv": [9, 3, 8.75, 2.75], "texture": "#4"},
				"down": {"uv": [3.25, 8.75, 3, 9], "texture": "#4"}
			}
		},
		{
			"from": [7.7737, 3.32552, 7.29104],
			"to": [10.8457, 4.86152, 8.05904],
			"rotation": {"angle": 0, "axis": "y", "origin": [9.86917, 4.25252, 7.67504]},
			"faces": {
				"north": {"uv": [6, 2, 6.75, 2.5], "texture": "#4"},
				"east": {"uv": [5.75, 7.75, 6, 8.25], "texture": "#4"},
				"south": {"uv": [2.75, 6, 3.5, 6.5], "texture": "#4"},
				"west": {"uv": [7.75, 6.5, 8, 7], "texture": "#4"},
				"up": {"uv": [8.25, 3.75, 7.5, 3.5], "texture": "#4"},
				"down": {"uv": [4.5, 7.5, 3.75, 7.75], "texture": "#4"}
			}
		},
		{
			"from": [9.8172, 6.2312, 7.37504],
			"to": [14.6172, 8.6312, 8.57504],
			"rotation": {"angle": 45, "axis": "z", "origin": [12.28583, 5.16919, 7.97504]},
			"faces": {
				"north": {"uv": [4, 2.75, 5.25, 3.25], "texture": "#4"},
				"east": {"uv": [7.75, 7, 8, 7.5], "texture": "#4"},
				"south": {"uv": [4, 3.25, 5.25, 3.75], "texture": "#4"},
				"west": {"uv": [7.75, 7.5, 8, 8], "texture": "#4"},
				"up": {"uv": [7.5, 3.75, 6.25, 3.5], "texture": "#4"},
				"down": {"uv": [7.5, 3.75, 6.25, 4], "texture": "#4"}
			}
		},
		{
			"from": [11.48719, 7.57158, 7.37564],
			"to": [13.1805, 9.26488, 8.57444],
			"rotation": {"angle": 0, "axis": "y", "origin": [12.28583, 5.16919, 7.97504]},
			"faces": {
				"north": {"uv": [6.5, 0.5, 7, 1], "texture": "#4"},
				"east": {"uv": [8, 0, 8.25, 0.5], "texture": "#4"},
				"south": {"uv": [3.75, 6.5, 4.25, 7], "texture": "#4"},
				"west": {"uv": [8, 0.5, 8.25, 1], "texture": "#4"},
				"up": {"uv": [8.5, 1.25, 8, 1], "texture": "#4"},
				"down": {"uv": [8.5, 1.25, 8, 1.5], "texture": "#4"}
			}
		},
		{
			"from": [8.08282, 4.81929, 7.79504],
			"to": [11.92282, 6.73929, 8.75504],
			"rotation": {"angle": 22.5, "axis": "z", "origin": [9.86917, 4.25252, 8.27504]},
			"faces": {
				"north": {"uv": [5, 2.25, 6, 2.75], "texture": "#4"},
				"east": {"uv": [8, 1.5, 8.25, 2], "texture": "#4"},
				"south": {"uv": [4, 5, 5, 5.5], "texture": "#4"},
				"west": {"uv": [3, 8, 3.25, 8.5], "texture": "#4"},
				"up": {"uv": [7.5, 4.5, 6.5, 4.25], "texture": "#4"},
				"down": {"uv": [7.5, 4.5, 6.5, 4.75], "texture": "#4"}
			}
		},
		{
			"from": [9.56359, 6.10777, 7.79552],
			"to": [10.91823, 7.46241, 8.75456],
			"rotation": {"angle": -22.5, "axis": "z", "origin": [9.86917, 4.25252, 8.27504]},
			"faces": {
				"north": {"uv": [3.25, 8.75, 3.5, 9], "texture": "#4"},
				"east": {"uv": [3.5, 8.75, 3.75, 9], "texture": "#4"},
				"south": {"uv": [3.75, 8.75, 4, 9], "texture": "#4"},
				"west": {"uv": [4, 8.75, 4.25, 9], "texture": "#4"},
				"up": {"uv": [4.5, 9, 4.25, 8.75], "texture": "#4"},
				"down": {"uv": [4.75, 8.75, 4.5, 9], "texture": "#4"}
			}
		},
		{
			"from": [8.08282, 4.81929, 7.19504],
			"to": [11.92282, 6.73929, 8.15504],
			"rotation": {"angle": 22.5, "axis": "z", "origin": [9.86917, 4.25252, 7.67504]},
			"faces": {
				"north": {"uv": [5, 5, 6, 5.5], "texture": "#4"},
				"east": {"uv": [3.25, 8, 3.5, 8.5], "texture": "#4"},
				"south": {"uv": [5.25, 2.75, 6.25, 3.25], "texture": "#4"},
				"west": {"uv": [3.5, 8, 3.75, 8.5], "texture": "#4"},
				"up": {"uv": [7, 6.75, 6, 6.5], "texture": "#4"},
				"down": {"uv": [7.75, 1, 6.75, 1.25], "texture": "#4"}
			}
		},
		{
			"from": [9.56359, 6.10777, 7.19552],
			"to": [10.91823, 7.46241, 8.15456],
			"rotation": {"angle": -22.5, "axis": "z", "origin": [9.86917, 4.25252, 7.67504]},
			"faces": {
				"north": {"uv": [8.75, 4.5, 9, 4.75], "texture": "#4"},
				"east": {"uv": [4.75, 8.75, 5, 9], "texture": "#4"},
				"south": {"uv": [8.75, 4.75, 9, 5], "texture": "#4"},
				"west": {"uv": [5, 8.75, 5.25, 9], "texture": "#4"},
				"up": {"uv": [9, 5.25, 8.75, 5], "texture": "#4"},
				"down": {"uv": [5.5, 8.75, 5.25, 9], "texture": "#4"}
			}
		},
		{
			"from": [1.40818, 2.58649, 7.59104],
			"to": [4.48018, 4.12249, 8.35904],
			"rotation": {"angle": 22.5, "axis": "z", "origin": [3.46417, 5.41919, 7.97504]},
			"faces": {
				"north": {"uv": [3.5, 6, 4.25, 6.5], "texture": "#4"},
				"east": {"uv": [3.75, 8, 4, 8.5], "texture": "#4"},
				"south": {"uv": [6, 4.75, 6.75, 5.25], "texture": "#4"},
				"west": {"uv": [4, 8, 4.25, 8.5], "texture": "#4"},
				"up": {"uv": [8.25, 4, 7.5, 3.75], "texture": "#4"},
				"down": {"uv": [8.25, 4, 7.5, 4.25], "texture": "#4"}
			}
		},
		{
			"from": [2.92781, 1.96422, 7.59143],
			"to": [4.01153, 3.04793, 8.35866],
			"rotation": {"angle": -22.5, "axis": "z", "origin": [3.46417, 5.41919, 7.97504]},
			"faces": {
				"north": {"uv": [8.75, 5.25, 9, 5.5], "texture": "#4"},
				"east": {"uv": [5.5, 8.75, 5.75, 9], "texture": "#4"},
				"south": {"uv": [8.75, 5.5, 9, 5.75], "texture": "#4"},
				"west": {"uv": [5.75, 8.75, 6, 9], "texture": "#4"},
				"up": {"uv": [9, 6, 8.75, 5.75], "texture": "#4"},
				"down": {"uv": [6.25, 8.75, 6, 9], "texture": "#4"}
			}
		},
		{
			"from": [4.89709, 1.71378, 7.96815],
			"to": [5.76406, 2.58075, 8.58193],
			"rotation": {"angle": 0, "axis": "y", "origin": [5.13083, 4.25252, 8.27504]},
			"faces": {
				"north": {"uv": [8.75, 6, 9, 6.25], "texture": "#4"},
				"east": {"uv": [6.25, 8.75, 6.5, 9], "texture": "#4"},
				"south": {"uv": [8.75, 6.25, 9, 6.5], "texture": "#4"},
				"west": {"uv": [6.5, 8.75, 6.75, 9], "texture": "#4"},
				"up": {"uv": [9, 6.75, 8.75, 6.5], "texture": "#4"},
				"down": {"uv": [7, 8.75, 6.75, 9], "texture": "#4"}
			}
		},
		{
			"from": [3.78343, 2.0075, 7.96784],
			"to": [6.24103, 3.2363, 8.58224],
			"rotation": {"angle": 45, "axis": "z", "origin": [5.13083, 4.25252, 8.27504]},
			"faces": {
				"north": {"uv": [8, 2, 8.5, 2.25], "texture": "#4"},
				"east": {"uv": [8.75, 6.75, 9, 7], "texture": "#4"},
				"south": {"uv": [4.25, 8, 4.75, 8.25], "texture": "#4"},
				"west": {"uv": [7, 8.75, 7.25, 9], "texture": "#4"},
				"up": {"uv": [8.5, 5.25, 8, 5], "texture": "#4"},
				"down": {"uv": [8.5, 5.25, 8, 5.5], "texture": "#4"}
			}
		},
		{
			"from": [4.89709, 1.71378, 7.36815],
			"to": [5.76406, 2.58075, 7.98193],
			"rotation": {"angle": 0, "axis": "y", "origin": [5.13083, 4.25252, 7.67504]},
			"faces": {
				"north": {"uv": [8.75, 7, 9, 7.25], "texture": "#4"},
				"east": {"uv": [7.25, 8.75, 7.5, 9], "texture": "#4"},
				"south": {"uv": [8.75, 7.25, 9, 7.5], "texture": "#4"},
				"west": {"uv": [7.5, 8.75, 7.75, 9], "texture": "#4"},
				"up": {"uv": [9, 7.75, 8.75, 7.5], "texture": "#4"},
				"down": {"uv": [8, 8.75, 7.75, 9], "texture": "#4"}
			}
		},
		{
			"from": [3.78343, 2.0075, 7.36784],
			"to": [6.24103, 3.2363, 7.98224],
			"rotation": {"angle": 45, "axis": "z", "origin": [5.13083, 4.25252, 7.67504]},
			"faces": {
				"north": {"uv": [8, 6.5, 8.5, 6.75], "texture": "#4"},
				"east": {"uv": [8.75, 7.75, 9, 8], "texture": "#4"},
				"south": {"uv": [8, 6.75, 8.5, 7], "texture": "#4"},
				"west": {"uv": [8, 8.75, 8.25, 9], "texture": "#4"},
				"up": {"uv": [8.5, 7.25, 8, 7], "texture": "#4"},
				"down": {"uv": [8.5, 7.25, 8, 7.5], "texture": "#4"}
			}
		},
		{
			"from": [1.88462, 4.05553, 7.49504],
			"to": [5.72462, 5.97553, 8.45504],
			"rotation": {"angle": -22.5, "axis": "z", "origin": [3.21417, 5.16919, 7.97504]},
			"faces": {
				"north": {"uv": [5.25, 3.25, 6.25, 3.75], "texture": "#4"},
				"east": {"uv": [4.75, 8, 5, 8.5], "texture": "#4"},
				"south": {"uv": [5.25, 3.75, 6.25, 4.25], "texture": "#4"},
				"west": {"uv": [7.5, 8, 7.75, 8.5], "texture": "#4"},
				"up": {"uv": [7.75, 1.5, 6.75, 1.25], "texture": "#4"},
				"down": {"uv": [7.75, 1.5, 6.75, 1.75], "texture": "#4"}
			}
		},
		{
			"from": [1.48888, 5.32417, 7.49552],
			"to": [2.84353, 6.67882, 8.45456],
			"rotation": {"angle": 22.5, "axis": "z", "origin": [3.21417, 5.16919, 7.97504]},
			"faces": {
				"north": {"uv": [8.75, 8, 9, 8.25], "texture": "#4"},
				"east": {"uv": [8.25, 8.75, 8.5, 9], "texture": "#4"},
				"south": {"uv": [8.75, 8.25, 9, 8.5], "texture": "#4"},
				"west": {"uv": [8.5, 8.75, 8.75, 9], "texture": "#4"},
				"up": {"uv": [9, 8.75, 8.75, 8.5], "texture": "#4"},
				"down": {"uv": [9, 8.75, 8.75, 9], "texture": "#4"}
			}
		},
		{
			"from": [3.78669, 4.28941, 7.89143],
			"to": [4.8704, 5.37312, 8.65866],
			"rotation": {"angle": 45, "axis": "z", "origin": [5.13083, 4.25252, 8.27504]},
			"faces": {
				"north": {"uv": [0, 9, 0.25, 9.25], "texture": "#4"},
				"east": {"uv": [9, 0, 9.25, 0.25], "texture": "#4"},
				"south": {"uv": [0.25, 9, 0.5, 9.25], "texture": "#4"},
				"west": {"uv": [9, 0.25, 9.25, 0.5], "texture": "#4"},
				"up": {"uv": [0.75, 9.25, 0.5, 9], "texture": "#4"},
				"down": {"uv": [9.25, 0.5, 9, 0.75], "texture": "#4"}
			}
		},
		{
			"from": [4.1543, 3.32552, 7.89104],
			"to": [7.2263, 4.86152, 8.65904],
			"rotation": {"angle": 0, "axis": "y", "origin": [5.13083, 4.25252, 8.27504]},
			"faces": {
				"north": {"uv": [6, 5.25, 6.75, 5.75], "texture": "#4"},
				"east": {"uv": [8, 7.5, 8.25, 8], "texture": "#4"},
				"south": {"uv": [6, 5.75, 6.75, 6.25], "texture": "#4"},
				"west": {"uv": [7.75, 8, 8, 8.5], "texture": "#4"},
				"up": {"uv": [8.25, 4.5, 7.5, 4.25], "texture": "#4"},
				"down": {"uv": [8.25, 4.5, 7.5, 4.75], "texture": "#4"}
			}
		},
		{
			"from": [3.78669, 4.28941, 7.29143],
			"to": [4.8704, 5.37312, 8.05866],
			"rotation": {"angle": 45, "axis": "z", "origin": [5.13083, 4.25252, 7.67504]},
			"faces": {
				"north": {"uv": [0.75, 9, 1, 9.25], "texture": "#4"},
				"east": {"uv": [9, 0.75, 9.25, 1], "texture": "#4"},
				"south": {"uv": [1, 9, 1.25, 9.25], "texture": "#4"},
				"west": {"uv": [9, 1, 9.25, 1.25], "texture": "#4"},
				"up": {"uv": [1.5, 9.25, 1.25, 9], "texture": "#4"},
				"down": {"uv": [9.25, 1.25, 9, 1.5], "texture": "#4"}
			}
		},
		{
			"from": [4.1543, 3.32552, 7.29104],
			"to": [7.2263, 4.86152, 8.05904],
			"rotation": {"angle": 0, "axis": "y", "origin": [5.13083, 4.25252, 7.67504]},
			"faces": {
				"north": {"uv": [6.25, 2.5, 7, 3], "texture": "#4"},
				"east": {"uv": [8, 8, 8.25, 8.5], "texture": "#4"},
				"south": {"uv": [6.25, 3, 7, 3.5], "texture": "#4"},
				"west": {"uv": [8.25, 0, 8.5, 0.5], "texture": "#4"},
				"up": {"uv": [8.25, 5.75, 7.5, 5.5], "texture": "#4"},
				"down": {"uv": [8.25, 5.75, 7.5, 6], "texture": "#4"}
			}
		},
		{
			"from": [0.3828, 6.2312, 7.37504],
			"to": [5.1828, 8.6312, 8.57504],
			"rotation": {"angle": -45, "axis": "z", "origin": [2.71417, 5.16919, 7.97504]},
			"faces": {
				"north": {"uv": [4, 3.75, 5.25, 4.25], "texture": "#4"},
				"east": {"uv": [8.25, 0.5, 8.5, 1], "texture": "#4"},
				"south": {"uv": [4.25, 0, 5.5, 0.5], "texture": "#4"},
				"west": {"uv": [8.25, 1.5, 8.5, 2], "texture": "#4"},
				"up": {"uv": [7.5, 4.25, 6.25, 4], "texture": "#4"},
				"down": {"uv": [7.25, 6.25, 6, 6.5], "texture": "#4"}
			}
		},
		{
			"from": [1.8195, 7.57158, 7.37564],
			"to": [3.51281, 9.26488, 8.57444],
			"rotation": {"angle": 0, "axis": "y", "origin": [2.71417, 5.16919, 7.97504]},
			"faces": {
				"north": {"uv": [6.75, 1.75, 7.25, 2.25], "texture": "#4"},
				"east": {"uv": [1.75, 8.25, 2, 8.75], "texture": "#4"},
				"south": {"uv": [2, 6.75, 2.5, 7.25], "texture": "#4"},
				"west": {"uv": [8.25, 2.25, 8.5, 2.75], "texture": "#4"},
				"up": {"uv": [3, 8.5, 2.5, 8.25], "texture": "#4"},
				"down": {"uv": [8.75, 2.75, 8.25, 3], "texture": "#4"}
			}
		},
		{
			"from": [3.07718, 4.81929, 7.79504],
			"to": [6.91718, 6.73929, 8.75504],
			"rotation": {"angle": -22.5, "axis": "z", "origin": [5.13083, 4.25252, 8.27504]},
			"faces": {
				"north": {"uv": [5.5, 0, 6.5, 0.5], "texture": "#4"},
				"east": {"uv": [8.25, 3, 8.5, 3.5], "texture": "#4"},
				"south": {"uv": [2.75, 5.5, 3.75, 6], "texture": "#4"},
				"west": {"uv": [8.25, 3.5, 8.5, 4], "texture": "#4"},
				"up": {"uv": [7.75, 2.5, 6.75, 2.25], "texture": "#4"},
				"down": {"uv": [7.75, 4.75, 6.75, 5], "texture": "#4"}
			}
		},
		{
			"from": [4.08177, 6.10777, 7.79552],
			"to": [5.43641, 7.46241, 8.75456],
			"rotation": {"angle": 22.5, "axis": "z", "origin": [5.13083, 4.25252, 8.27504]},
			"faces": {
				"north": {"uv": [1.5, 9, 1.75, 9.25], "texture": "#4"},
				"east": {"uv": [9, 1.5, 9.25, 1.75], "texture": "#4"},
				"south": {"uv": [1.75, 9, 2, 9.25], "texture": "#4"},
				"west": {"uv": [9, 1.75, 9.25, 2], "texture": "#4"},
				"up": {"uv": [2.25, 9.25, 2, 9], "texture": "#4"},
				"down": {"uv": [9.25, 2, 9, 2.25], "texture": "#4"}
			}
		},
		{
			"from": [3.07718, 4.81929, 7.19504],
			"to": [6.91718, 6.73929, 8.15504],
			"rotation": {"angle": -22.5, "axis": "z", "origin": [5.13083, 4.25252, 7.67504]},
			"faces": {
				"north": {"uv": [3.75, 5.5, 4.75, 6], "texture": "#4"},
				"east": {"uv": [8.25, 4, 8.5, 4.5], "texture": "#4"},
				"south": {"uv": [5.5, 4.25, 6.5, 4.75], "texture": "#4"},
				"west": {"uv": [4.25, 8.25, 4.5, 8.75], "texture": "#4"},
				"up": {"uv": [7.75, 5.25, 6.75, 5], "texture": "#4"},
				"down": {"uv": [7.75, 5.25, 6.75, 5.5], "texture": "#4"}
			}
		},
		{
			"from": [4.08177, 6.10777, 7.19552],
			"to": [5.43641, 7.46241, 8.15456],
			"rotation": {"angle": 22.5, "axis": "z", "origin": [5.13083, 4.25252, 7.67504]},
			"faces": {
				"north": {"uv": [2.25, 9, 2.5, 9.25], "texture": "#4"},
				"east": {"uv": [9, 2.25, 9.25, 2.5], "texture": "#4"},
				"south": {"uv": [2.5, 9, 2.75, 9.25], "texture": "#4"},
				"west": {"uv": [9, 2.5, 9.25, 2.75], "texture": "#4"},
				"up": {"uv": [3, 9.25, 2.75, 9], "texture": "#4"},
				"down": {"uv": [9.25, 2.75, 9, 3], "texture": "#4"}
			}
		},
		{
			"from": [5, 19.25521, 7.49994],
			"to": [6.25, 26.25521, 8.49994],
			"rotation": {"angle": 0, "axis": "y", "origin": [-2, 3.25521, 17.49994]},
			"faces": {
				"north": {"uv": [4.75, 5.5, 5, 7.25], "texture": "#4"},
				"east": {"uv": [5, 5.5, 5.25, 7.25], "texture": "#4"},
				"south": {"uv": [5.25, 5.5, 5.5, 7.25], "texture": "#4"},
				"west": {"uv": [5.5, 5.5, 5.75, 7.25], "texture": "#4"},
				"up": {"uv": [3.25, 9.25, 3, 9], "texture": "#4"},
				"down": {"uv": [9.25, 3, 9, 3.25], "texture": "#4"}
			}
		},
		{
			"from": [5, 6.25521, 7.49994],
			"to": [6.25, 17.25521, 8.49994],
			"rotation": {"angle": 0, "axis": "y", "origin": [-2, 3.25521, 17.49994]},
			"faces": {
				"north": {"uv": [3, 0, 3.25, 2.75], "texture": "#4"},
				"east": {"uv": [3, 2.75, 3.25, 5.5], "texture": "#4"},
				"south": {"uv": [3.25, 0, 3.5, 2.75], "texture": "#4"},
				"west": {"uv": [3.25, 2.75, 3.5, 5.5], "texture": "#4"},
				"up": {"uv": [3.5, 9.25, 3.25, 9], "texture": "#4"},
				"down": {"uv": [9.25, 3.25, 9, 3.5], "texture": "#4"}
			}
		},
		{
			"from": [8.75, 6.25521, 7.49994],
			"to": [10, 17.25521, 8.49994],
			"rotation": {"angle": 0, "axis": "y", "origin": [-2, 3.25521, 17.49994]},
			"faces": {
				"north": {"uv": [3.5, 0, 3.75, 2.75], "texture": "#4"},
				"east": {"uv": [3.5, 2.75, 3.75, 5.5], "texture": "#4"},
				"south": {"uv": [3.75, 0, 4, 2.75], "texture": "#4"},
				"west": {"uv": [3.75, 2.75, 4, 5.5], "texture": "#4"},
				"up": {"uv": [3.75, 9.25, 3.5, 9], "texture": "#4"},
				"down": {"uv": [9.25, 3.5, 9, 3.75], "texture": "#4"}
			}
		},
		{
			"from": [8.75, 19.25521, 7.49994],
			"to": [10, 26.25521, 8.49994],
			"rotation": {"angle": 0, "axis": "y", "origin": [-2, 3.25521, 17.49994]},
			"faces": {
				"north": {"uv": [5.75, 5.5, 6, 7.25], "texture": "#4"},
				"east": {"uv": [0, 6, 0.25, 7.75], "texture": "#4"},
				"south": {"uv": [0.25, 6, 0.5, 7.75], "texture": "#4"},
				"west": {"uv": [0.5, 6, 0.75, 7.75], "texture": "#4"},
				"up": {"uv": [4, 9.25, 3.75, 9], "texture": "#4"},
				"down": {"uv": [9.25, 3.75, 9, 4], "texture": "#4"}
			}
		},
		{
			"from": [6.30133, 25.79745, 7.49994],
			"to": [7.55133, 30.79745, 8.49994],
			"rotation": {"angle": -22.5, "axis": "z", "origin": [6.80133, 29.29745, 7.99994]},
			"faces": {
				"north": {"uv": [4.5, 6, 4.75, 7.25], "texture": "#4"},
				"east": {"uv": [0.75, 6.5, 1, 7.75], "texture": "#4"},
				"south": {"uv": [1, 6.5, 1.25, 7.75], "texture": "#4"},
				"west": {"uv": [1.25, 6.5, 1.5, 7.75], "texture": "#4"},
				"up": {"uv": [4.25, 9.25, 4, 9], "texture": "#4"},
				"down": {"uv": [9.25, 4, 9, 4.25], "texture": "#4"}
			}
		},
		{
			"from": [8.21404, 17.96073, 7.49994],
			"to": [9.46404, 19.56073, 8.49994],
			"rotation": {"angle": -22.5, "axis": "z", "origin": [8.96404, 18.06073, 7.99994]},
			"faces": {
				"north": {"uv": [4.5, 8.25, 4.75, 8.75], "texture": "#4"},
				"east": {"uv": [8.25, 4.5, 8.5, 5], "texture": "#4"},
				"south": {"uv": [5, 8.25, 5.25, 8.75], "texture": "#4"},
				"west": {"uv": [5.25, 8.25, 5.5, 8.75], "texture": "#4"},
				"up": {"uv": [4.5, 9.25, 4.25, 9], "texture": "#4"},
				"down": {"uv": [9.25, 4.25, 9, 4.5], "texture": "#4"}
			}
		},
		{
			"from": [4.96194, 17.0576, 7.49994],
			"to": [6.21194, 18.6576, 8.49994],
			"rotation": {"angle": -22.5, "axis": "z", "origin": [5.46194, 17.0576, 7.99994]},
			"faces": {
				"north": {"uv": [5.5, 8.25, 5.75, 8.75], "texture": "#4"},
				"east": {"uv": [8.25, 5.5, 8.5, 6], "texture": "#4"},
				"south": {"uv": [5.75, 8.25, 6, 8.75], "texture": "#4"},
				"west": {"uv": [6, 8.25, 6.25, 8.75], "texture": "#4"},
				"up": {"uv": [4.75, 9.25, 4.5, 9], "texture": "#4"},
				"down": {"uv": [9.25, 4.5, 9, 4.75], "texture": "#4"}
			}
		},
		{
			"from": [7.44867, 25.79745, 7.49994],
			"to": [8.69867, 30.79745, 8.49994],
			"rotation": {"angle": 22.5, "axis": "z", "origin": [8.19867, 29.29745, 7.99994]},
			"faces": {
				"north": {"uv": [2.75, 6.5, 3, 7.75], "texture": "#4"},
				"east": {"uv": [3, 6.5, 3.25, 7.75], "texture": "#4"},
				"south": {"uv": [3.25, 6.5, 3.5, 7.75], "texture": "#4"},
				"west": {"uv": [3.5, 6.5, 3.75, 7.75], "texture": "#4"},
				"up": {"uv": [5, 9.25, 4.75, 9], "texture": "#4"},
				"down": {"uv": [9.25, 4.75, 9, 5], "texture": "#4"}
			}
		},
		{
			"from": [5.53596, 17.97323, 7.49994],
			"to": [6.78596, 19.56073, 8.49994],
			"rotation": {"angle": 22.5, "axis": "z", "origin": [6.03596, 18.06073, 7.99994]},
			"faces": {
				"north": {"uv": [8.25, 6, 8.5, 6.5], "texture": "#4"},
				"east": {"uv": [6.25, 8.25, 6.5, 8.75], "texture": "#4"},
				"south": {"uv": [6.5, 8.25, 6.75, 8.75], "texture": "#4"},
				"west": {"uv": [6.75, 8.25, 7, 8.75], "texture": "#4"},
				"up": {"uv": [5.25, 9.25, 5, 9], "texture": "#4"},
				"down": {"uv": [9.25, 5, 9, 5.25], "texture": "#4"}
			}
		},
		{
			"from": [8.78806, 17.0576, 7.49994],
			"to": [10.03806, 18.6576, 8.49994],
			"rotation": {"angle": 22.5, "axis": "z", "origin": [9.53806, 17.0576, 7.99994]},
			"faces": {
				"north": {"uv": [7, 8.25, 7.25, 8.75], "texture": "#4"},
				"east": {"uv": [7.25, 8.25, 7.5, 8.75], "texture": "#4"},
				"south": {"uv": [8.25, 7.5, 8.5, 8], "texture": "#4"},
				"west": {"uv": [8.25, 8, 8.5, 8.5], "texture": "#4"},
				"up": {"uv": [5.5, 9.25, 5.25, 9], "texture": "#4"},
				"down": {"uv": [9.25, 5.25, 9, 5.5], "texture": "#4"}
			}
		},
		{
			"from": [7.68721, 30.64188, 7.49994],
			"to": [8.52471, 31.46688, 8.49994],
			"rotation": {"angle": 45, "axis": "z", "origin": [8.02471, 30.22938, 7.99994]},
			"faces": {
				"north": {"uv": [5.5, 9, 5.75, 9.25], "texture": "#4"},
				"east": {"uv": [9, 5.5, 9.25, 5.75], "texture": "#4"},
				"south": {"uv": [5.75, 9, 6, 9.25], "texture": "#4"},
				"west": {"uv": [9, 5.75, 9.25, 6], "texture": "#4"},
				"up": {"uv": [6.25, 9.25, 6, 9], "texture": "#4"},
				"down": {"uv": [9.25, 6, 9, 6.25], "texture": "#4"}
			}
		},
		{
			"name": "filling",
			"from": [6.25, 5, 7.75],
			"to": [8.75, 29, 8.25],
			"rotation": {"angle": 0, "axis": "y", "origin": [7.5, 20, 8]},
			"faces": {
				"north": {"uv": [0, 0, 0.75, 6], "texture": "#4"},
				"east": {"uv": [1.5, 0, 1.75, 6], "texture": "#4"},
				"south": {"uv": [0.75, 0, 1.5, 6], "texture": "#4"},
				"west": {"uv": [1.75, 0, 2, 6], "texture": "#4"},
				"up": {"uv": [8.25, 6.25, 7.5, 6], "texture": "#4"},
				"down": {"uv": [8.25, 6.25, 7.5, 6.5], "texture": "#4"}
			}
		},
		{
			"from": [7, 5, 7.5],
			"to": [8, 16, 8.5],
			"rotation": {"angle": 0, "axis": "y", "origin": [16, 9, 16.5]},
			"faces": {
				"north": {"uv": [4, 0, 4.25, 2.75], "texture": "#4"},
				"east": {"uv": [2, 4, 2.25, 6.75], "texture": "#4"},
				"south": {"uv": [2.25, 4, 2.5, 6.75], "texture": "#4"},
				"west": {"uv": [2.5, 4, 2.75, 6.75], "texture": "#4"},
				"up": {"uv": [6.5, 9.25, 6.25, 9], "texture": "#4"},
				"down": {"uv": [9.25, 6.25, 9, 6.5], "texture": "#4"}
			}
		},
		{
			"from": [7.20711, 15.7875, 7.5],
			"to": [7.90711, 16.5, 8.5],
			"rotation": {"angle": 45, "axis": "z", "origin": [7.70711, 16, 8]},
			"faces": {
				"north": {"uv": [6.5, 9, 6.75, 9.25], "texture": "#4"},
				"east": {"uv": [9, 6.5, 9.25, 6.75], "texture": "#4"},
				"south": {"uv": [6.75, 9, 7, 9.25], "texture": "#4"},
				"west": {"uv": [9, 6.75, 9.25, 7], "texture": "#4"},
				"up": {"uv": [7.25, 9.25, 7, 9], "texture": "#4"},
				"down": {"uv": [9.25, 7, 9, 7.25], "texture": "#4"}
			}
		},
		{
			"from": [5.03176, 20.52933, 7.5005],
			"to": [5.73106, 21.24111, 8.4995],
			"rotation": {"angle": 45, "axis": "z", "origin": [7.50061, 23.00442, 8]},
			"faces": {
				"north": {"uv": [7.25, 9, 7.5, 9.25], "texture": "#4"},
				"east": {"uv": [9, 7.25, 9.25, 7.5], "texture": "#4"},
				"south": {"uv": [7.5, 9, 7.75, 9.25], "texture": "#4"},
				"west": {"uv": [9, 7.5, 9.25, 7.75], "texture": "#4"},
				"up": {"uv": [8, 9.25, 7.75, 9], "texture": "#4"},
				"down": {"uv": [9.25, 7.75, 9, 8], "texture": "#4"}
			}
		},
		{
			"from": [7, 20, 7.5],
			"to": [8, 26, 8.5],
			"rotation": {"angle": 0, "axis": "y", "origin": [16, 9, 16.5]},
			"faces": {
				"north": {"uv": [2.75, 4, 3, 5.5], "texture": "#4"},
				"east": {"uv": [1.5, 6, 1.75, 7.5], "texture": "#4"},
				"south": {"uv": [1.75, 6, 2, 7.5], "texture": "#4"},
				"west": {"uv": [4.25, 6, 4.5, 7.5], "texture": "#4"},
				"up": {"uv": [8.25, 9.25, 8, 9], "texture": "#4"},
				"down": {"uv": [9.25, 8, 9, 8.25], "texture": "#4"}
			}
		},
		{
			"from": [9.27015, 24.76772, 7.5005],
			"to": [9.96945, 25.47951, 8.4995],
			"rotation": {"angle": 45, "axis": "z", "origin": [7.50061, 23.00442, 8]},
			"faces": {
				"north": {"uv": [8.25, 9, 8.5, 9.25], "texture": "#4"},
				"east": {"uv": [9, 8.25, 9.25, 8.5], "texture": "#4"},
				"south": {"uv": [8.5, 9, 8.75, 9.25], "texture": "#4"},
				"west": {"uv": [9, 8.5, 9.25, 8.75], "texture": "#4"},
				"up": {"uv": [9, 9.25, 8.75, 9], "texture": "#4"},
				"down": {"uv": [9.25, 8.75, 9, 9], "texture": "#4"}
			}
		},
		{
			"from": [6.55632, -6.99226, 7.07648],
			"to": [8.40336, -5.1097, 8.92352],
			"rotation": {"angle": 0, "axis": "y", "origin": [7.49285, -6.6398, 8]},
			"faces": {
				"north": {"uv": [6.75, 5.5, 7.25, 6], "texture": "#4"},
				"east": {"uv": [6, 6.75, 6.5, 7.25], "texture": "#4"},
				"south": {"uv": [6.5, 6.75, 7, 7.25], "texture": "#4"},
				"west": {"uv": [7, 0.5, 7.5, 1], "texture": "#4"},
				"up": {"uv": [7.5, 3, 7, 2.5], "texture": "#4"},
				"down": {"uv": [7.5, 3, 7, 3.5], "texture": "#4"}
			}
		},
		{
			"from": [6.58479, -7.53733, 7.0774],
			"to": [7.88796, -6.21109, 8.9226],
			"rotation": {"angle": 45, "axis": "z", "origin": [7.49285, -6.6398, 8]},
			"faces": {
				"north": {"uv": [9, 9, 9.25, 9.25], "texture": "#4"},
				"east": {"uv": [0, 8.5, 0.5, 8.75], "texture": "#4"},
				"south": {"uv": [0, 9.25, 0.25, 9.5], "texture": "#4"},
				"west": {"uv": [8.5, 0, 9, 0.25], "texture": "#4"},
				"up": {"uv": [8.75, 0.75, 8.5, 0.25], "texture": "#4"},
				"down": {"uv": [0.75, 8.5, 0.5, 9], "texture": "#4"}
			}
		},
		{
			"from": [6.0822, -7.45415, 7.26118],
			"to": [7.55983, -5.5818, 8.73882],
			"rotation": {"angle": -22.5, "axis": "z", "origin": [7.49285, -6.6398, 8]},
			"faces": {
				"north": {"uv": [0.75, 8.5, 1, 9], "texture": "#4"},
				"east": {"uv": [8.5, 0.75, 8.75, 1.25], "texture": "#4"},
				"south": {"uv": [1, 8.5, 1.25, 9], "texture": "#4"},
				"west": {"uv": [1.25, 8.5, 1.5, 9], "texture": "#4"},
				"up": {"uv": [9.5, 0.25, 9.25, 0], "texture": "#4"},
				"down": {"uv": [0.5, 9.25, 0.25, 9.5], "texture": "#4"}
			}
		},
		{
			"from": [5.92226, -7.26658, 7.26192],
			"to": [6.96479, -6.20559, 8.73808],
			"rotation": {"angle": 22.5, "axis": "z", "origin": [7.49285, -6.6398, 8]},
			"faces": {
				"north": {"uv": [9.25, 0.25, 9.5, 0.5], "texture": "#4"},
				"east": {"uv": [0.5, 9.25, 0.75, 9.5], "texture": "#4"},
				"south": {"uv": [9.25, 0.5, 9.5, 0.75], "texture": "#4"},
				"west": {"uv": [0.75, 9.25, 1, 9.5], "texture": "#4"},
				"up": {"uv": [9.5, 1, 9.25, 0.75], "texture": "#4"},
				"down": {"uv": [1.25, 9.25, 1, 9.5], "texture": "#4"}
			}
		},
		{
			"from": [7.43908, -7.45963, 7.26118],
			"to": [8.91671, -5.58728, 8.73882],
			"rotation": {"angle": 22.5, "axis": "z", "origin": [7.49285, -6.6398, 8]},
			"faces": {
				"north": {"uv": [8.5, 1.25, 8.75, 1.75], "texture": "#4"},
				"east": {"uv": [1.5, 8.5, 1.75, 9], "texture": "#4"},
				"south": {"uv": [8.5, 1.75, 8.75, 2.25], "texture": "#4"},
				"west": {"uv": [2, 8.5, 2.25, 9], "texture": "#4"},
				"up": {"uv": [9.5, 1.25, 9.25, 1], "texture": "#4"},
				"down": {"uv": [1.5, 9.25, 1.25, 9.5], "texture": "#4"}
			}
		},
		{
			"from": [8.03412, -7.2611, 7.26192],
			"to": [9.07665, -6.20012, 8.73808],
			"rotation": {"angle": -22.5, "axis": "z", "origin": [7.49285, -6.6398, 8]},
			"faces": {
				"north": {"uv": [9.25, 1.25, 9.5, 1.5], "texture": "#4"},
				"east": {"uv": [1.5, 9.25, 1.75, 9.5], "texture": "#4"},
				"south": {"uv": [9.25, 1.5, 9.5, 1.75], "texture": "#4"},
				"west": {"uv": [1.75, 9.25, 2, 9.5], "texture": "#4"},
				"up": {"uv": [9.5, 2, 9.25, 1.75], "texture": "#4"},
				"down": {"uv": [2.25, 9.25, 2, 9.5], "texture": "#4"}
			}
		},
		{
			"name": "Bottom",
			"from": [6.25, -5.5, 6.75],
			"to": [8.75, -3, 9.25],
			"rotation": {"angle": 0, "axis": "y", "origin": [19.5, -4, 0]},
			"faces": {
				"north": {"uv": [4.25, 0.5, 5, 1.25], "texture": "#4"},
				"east": {"uv": [4.25, 1.25, 5, 2], "texture": "#4"},
				"south": {"uv": [4.25, 2, 5, 2.75], "texture": "#4"},
				"west": {"uv": [4, 4.25, 4.75, 5], "texture": "#4"},
				"up": {"uv": [5.5, 5, 4.75, 4.25], "texture": "#4"},
				"down": {"uv": [5.75, 0.5, 5, 1.25], "texture": "#4"}
			}
		},
		{
			"name": "Middle",
			"from": [6.75, -3.5, 7.25],
			"to": [8.25, 4.75, 8.75],
			"rotation": {"angle": 0, "axis": "y", "origin": [16, -3, -0.5]},
			"faces": {
				"north": {"uv": [2, 0, 2.5, 2], "texture": "#4"},
				"east": {"uv": [2, 2, 2.5, 4], "texture": "#4"},
				"south": {"uv": [2.5, 0, 3, 2], "texture": "#4"},
				"west": {"uv": [2.5, 2, 3, 4], "texture": "#4"},
				"up": {"uv": [4.25, 7.5, 3.75, 7], "texture": "#4"},
				"down": {"uv": [7.5, 6.5, 7, 7], "texture": "#4"}
			}
		},
		{
			"from": [6.5, -2.6, 7],
			"to": [8.5, -1.6, 9],
			"rotation": {"angle": 0, "axis": "y", "origin": [8, 7, 7.5]},
			"faces": {
				"north": {"uv": [2.25, 8.5, 2.75, 8.75], "texture": "#4"},
				"east": {"uv": [8.5, 2.25, 9, 2.5], "texture": "#4"},
				"south": {"uv": [8.5, 2.5, 9, 2.75], "texture": "#4"},
				"west": {"uv": [2.75, 8.5, 3.25, 8.75], "texture": "#4"},
				"up": {"uv": [7.5, 7.5, 7, 7], "texture": "#4"},
				"down": {"uv": [7.75, 1.75, 7.25, 2.25], "texture": "#4"}
			}
		},
		{
			"from": [6.5, -0.95, 7],
			"to": [8.5, 0.05, 9],
			"rotation": {"angle": 0, "axis": "y", "origin": [8, 7, 7.5]},
			"faces": {
				"north": {"uv": [8.5, 3, 9, 3.25], "texture": "#4"},
				"east": {"uv": [3.25, 8.5, 3.75, 8.75], "texture": "#4"},
				"south": {"uv": [8.5, 3.25, 9, 3.5], "texture": "#4"},
				"west": {"uv": [8.5, 3.5, 9, 3.75], "texture": "#4"},
				"up": {"uv": [2.5, 7.75, 2, 7.25], "texture": "#4"},
				"down": {"uv": [5, 7.25, 4.5, 7.75], "texture": "#4"}
			}
		},
		{
			"from": [6.5, 0.7, 7],
			"to": [8.5, 1.7, 9],
			"rotation": {"angle": 0, "axis": "y", "origin": [8, 7, 7.5]},
			"faces": {
				"north": {"uv": [3.75, 8.5, 4.25, 8.75], "texture": "#4"},
				"east": {"uv": [8.5, 3.75, 9, 4], "texture": "#4"},
				"south": {"uv": [8.5, 4, 9, 4.25], "texture": "#4"},
				"west": {"uv": [8.5, 4.25, 9, 4.5], "texture": "#4"},
				"up": {"uv": [5.5, 7.75, 5, 7.25], "texture": "#4"},
				"down": {"uv": [6, 7.25, 5.5, 7.75], "texture": "#4"}
			}
		},
		{
			"name": "Oculus",
			"from": [6.80396, 2.65, 7.11646],
			"to": [8.20396, 6.85, 7.70271],
			"rotation": {"angle": 0, "axis": "y", "origin": [-1.99604, 4.8, -1.54729]},
			"faces": {
				"north": {"uv": [2.5, 6.75, 2.75, 7.75], "texture": "#4"},
				"east": {"uv": [7.25, 5.5, 7.5, 6.5], "texture": "#4"},
				"south": {"uv": [6, 7.25, 6.25, 8.25], "texture": "#4"},
				"west": {"uv": [6.25, 7.25, 6.5, 8.25], "texture": "#4"},
				"up": {"uv": [9.5, 2.25, 9.25, 2], "texture": "#4"},
				"down": {"uv": [2.5, 9.25, 2.25, 9.5], "texture": "#4"}
			}
		},
		{
			"from": [-4.59101, 2.62502, 7.00271],
			"to": [-3.19101, 3.32502, 7.70271],
			"rotation": {"angle": 45, "axis": "z", "origin": [-2.65357, 17.64749, -5.39729]},
			"faces": {
				"north": {"uv": [9.25, 2.25, 9.5, 2.5], "texture": "#4"},
				"east": {"uv": [2.5, 9.25, 2.75, 9.5], "texture": "#4"},
				"south": {"uv": [9.25, 2.5, 9.5, 2.75], "texture": "#4"},
				"west": {"uv": [2.75, 9.25, 3, 9.5], "texture": "#4"},
				"up": {"uv": [9.5, 3, 9.25, 2.75], "texture": "#4"},
				"down": {"uv": [3.25, 9.25, 3, 9.5], "texture": "#4"}
			}
		},
		{
			"from": [-3.19101, 2.62502, 7.00271],
			"to": [-2.61351, 3.32502, 7.70271],
			"rotation": {"angle": 45, "axis": "z", "origin": [-2.65357, 17.64749, -5.39729]},
			"faces": {
				"north": {"uv": [9.25, 3, 9.5, 3.25], "texture": "#4"},
				"east": {"uv": [3.25, 9.25, 3.5, 9.5], "texture": "#4"},
				"south": {"uv": [9.25, 3.25, 9.5, 3.5], "texture": "#4"},
				"west": {"uv": [3.5, 9.25, 3.75, 9.5], "texture": "#4"},
				"up": {"uv": [9.5, 3.75, 9.25, 3.5], "texture": "#4"},
				"down": {"uv": [4, 9.25, 3.75, 9.5], "texture": "#4"}
			}
		},
		{
			"from": [12.63397, 16.06005, 7.00271],
			"to": [14.03397, 16.76005, 7.70271],
			"rotation": {"angle": -45, "axis": "z", "origin": [-1.3385, 17.64749, -5.39729]},
			"faces": {
				"north": {"uv": [9.25, 3.75, 9.5, 4], "texture": "#4"},
				"east": {"uv": [4, 9.25, 4.25, 9.5], "texture": "#4"},
				"south": {"uv": [9.25, 4, 9.5, 4.25], "texture": "#4"},
				"west": {"uv": [4.25, 9.25, 4.5, 9.5], "texture": "#4"},
				"up": {"uv": [9.5, 4.5, 9.25, 4.25], "texture": "#4"},
				"down": {"uv": [4.75, 9.25, 4.5, 9.5], "texture": "#4"}
			}
		},
		{
			"from": [11.31889, 12.76508, 7.00271],
			"to": [12.71889, 13.46508, 7.70271],
			"rotation": {"angle": -45, "axis": "z", "origin": [-2.65357, 14.35251, -5.39729]},
			"faces": {
				"north": {"uv": [9.25, 4.5, 9.5, 4.75], "texture": "#4"},
				"east": {"uv": [4.75, 9.25, 5, 9.5], "texture": "#4"},
				"south": {"uv": [9.25, 4.75, 9.5, 5], "texture": "#4"},
				"west": {"uv": [5, 9.25, 5.25, 9.5], "texture": "#4"},
				"up": {"uv": [9.5, 5.25, 9.25, 5], "texture": "#4"},
				"down": {"uv": [5.5, 9.25, 5.25, 9.5], "texture": "#4"}
			}
		},
		{
			"from": [12.71889, 12.76508, 7.00271],
			"to": [13.29639, 13.46508, 7.70271],
			"rotation": {"angle": -45, "axis": "z", "origin": [-2.65357, 14.35251, -5.39729]},
			"faces": {
				"north": {"uv": [9.25, 5.25, 9.5, 5.5], "texture": "#4"},
				"east": {"uv": [5.5, 9.25, 5.75, 9.5], "texture": "#4"},
				"south": {"uv": [9.25, 5.5, 9.5, 5.75], "texture": "#4"},
				"west": {"uv": [5.75, 9.25, 6, 9.5], "texture": "#4"},
				"up": {"uv": [9.5, 6, 9.25, 5.75], "texture": "#4"},
				"down": {"uv": [6.25, 9.25, 6, 9.5], "texture": "#4"}
			}
		},
		{
			"from": [-3.27594, -0.66995, 7.00271],
			"to": [-1.87594, 0.03005, 7.70271],
			"rotation": {"angle": 45, "axis": "z", "origin": [-1.3385, 14.35251, -5.39729]},
			"faces": {
				"north": {"uv": [9.25, 6, 9.5, 6.25], "texture": "#4"},
				"east": {"uv": [6.25, 9.25, 6.5, 9.5], "texture": "#4"},
				"south": {"uv": [9.25, 6.25, 9.5, 6.5], "texture": "#4"},
				"west": {"uv": [6.5, 9.25, 6.75, 9.5], "texture": "#4"},
				"up": {"uv": [9.5, 6.75, 9.25, 6.5], "texture": "#4"},
				"down": {"uv": [7, 9.25, 6.75, 9.5], "texture": "#4"}
			}
		},
		{
			"from": [6.10396, 3.35, 7.00271],
			"to": [6.80396, 6.15, 7.70271],
			"rotation": {"angle": 0, "axis": "y", "origin": [-1.99604, 4.8, -1.54729]},
			"faces": {
				"north": {"uv": [1.75, 7.5, 2, 8.25], "texture": "#4"},
				"east": {"uv": [7.5, 6.5, 7.75, 7.25], "texture": "#4"},
				"south": {"uv": [7, 7.5, 7.25, 8.25], "texture": "#4"},
				"west": {"uv": [7.25, 7.5, 7.5, 8.25], "texture": "#4"},
				"up": {"uv": [9.5, 7, 9.25, 6.75], "texture": "#4"},
				"down": {"uv": [7.25, 9.25, 7, 9.5], "texture": "#4"}
			}
		},
		{
			"from": [8.20396, 3.35, 7.00271],
			"to": [8.90396, 6.15, 7.70271],
			"rotation": {"angle": 0, "axis": "y", "origin": [-1.99604, 4.8, -1.54729]},
			"faces": {
				"north": {"uv": [7.5, 7.25, 7.75, 8], "texture": "#4"},
				"east": {"uv": [0, 7.75, 0.25, 8.5], "texture": "#4"},
				"south": {"uv": [7.75, 0, 8, 0.75], "texture": "#4"},
				"west": {"uv": [0.25, 7.75, 0.5, 8.5], "texture": "#4"},
				"up": {"uv": [9.5, 7.25, 9.25, 7], "texture": "#4"},
				"down": {"uv": [7.5, 9.25, 7.25, 9.5], "texture": "#4"}
			}
		},
		{
			"name": "Oculus",
			"from": [6.79604, 2.65, 8.29729],
			"to": [8.19604, 6.85, 8.88354],
			"rotation": {"angle": 0, "axis": "y", "origin": [17.99604, 11.2, 17.54729]},
			"faces": {
				"north": {"uv": [6.5, 7.25, 6.75, 8.25], "texture": "#4"},
				"east": {"uv": [6.75, 7.25, 7, 8.25], "texture": "#4"},
				"south": {"uv": [7.5, 0, 7.75, 1], "texture": "#4"},
				"west": {"uv": [1.5, 7.5, 1.75, 8.5], "texture": "#4"},
				"up": {"uv": [9.5, 7.5, 9.25, 7.25], "texture": "#4"},
				"down": {"uv": [7.75, 9.25, 7.5, 9.5], "texture": "#4"}
			}
		},
		{
			"from": [13.88771, 8.78589, 8.29729],
			"to": [15.28771, 9.48589, 8.99729],
			"rotation": {"angle": 45, "axis": "z", "origin": [18.65357, -1.64749, 21.39729]},
			"faces": {
				"north": {"uv": [9.25, 7.5, 9.5, 7.75], "texture": "#4"},
				"east": {"uv": [7.75, 9.25, 8, 9.5], "texture": "#4"},
				"south": {"uv": [9.25, 7.75, 9.5, 8], "texture": "#4"},
				"west": {"uv": [8, 9.25, 8.25, 9.5], "texture": "#4"},
				"up": {"uv": [9.5, 8.25, 9.25, 8], "texture": "#4"},
				"down": {"uv": [8.5, 9.25, 8.25, 9.5], "texture": "#4"}
			}
		},
		{
			"from": [13.31021, 8.78589, 8.29729],
			"to": [13.88771, 9.48589, 8.99729],
			"rotation": {"angle": 45, "axis": "z", "origin": [18.65357, -1.64749, 21.39729]},
			"faces": {
				"north": {"uv": [9.25, 8.25, 9.5, 8.5], "texture": "#4"},
				"east": {"uv": [8.5, 9.25, 8.75, 9.5], "texture": "#4"},
				"south": {"uv": [9.25, 8.5, 9.5, 8.75], "texture": "#4"},
				"west": {"uv": [8.75, 9.25, 9, 9.5], "texture": "#4"},
				"up": {"uv": [9.5, 9, 9.25, 8.75], "texture": "#4"},
				"down": {"uv": [9.25, 9.25, 9, 9.5], "texture": "#4"}
			}
		},
		{
			"from": [5.85512, -6.06335, 8.29729],
			"to": [7.25512, -5.36335, 8.99729],
			"rotation": {"angle": -45, "axis": "z", "origin": [17.3385, -1.64749, 21.39729]},
			"faces": {
				"north": {"uv": [9.25, 9, 9.5, 9.25], "texture": "#4"},
				"east": {"uv": [9.25, 9.25, 9.5, 9.5], "texture": "#4"},
				"south": {"uv": [0, 9.5, 0.25, 9.75], "texture": "#4"},
				"west": {"uv": [9.5, 0, 9.75, 0.25], "texture": "#4"},
				"up": {"uv": [0.5, 9.75, 0.25, 9.5], "texture": "#4"},
				"down": {"uv": [9.75, 0.25, 9.5, 0.5], "texture": "#4"}
			}
		},
		{
			"from": [7.1702, -2.76838, 8.29729],
			"to": [8.5702, -2.06838, 8.99729],
			"rotation": {"angle": -45, "axis": "z", "origin": [18.65357, 1.64749, 21.39729]},
			"faces": {
				"north": {"uv": [0.5, 9.5, 0.75, 9.75], "texture": "#4"},
				"east": {"uv": [9.5, 0.5, 9.75, 0.75], "texture": "#4"},
				"south": {"uv": [0.75, 9.5, 1, 9.75], "texture": "#4"},
				"west": {"uv": [9.5, 0.75, 9.75, 1], "texture": "#4"},
				"up": {"uv": [1.25, 9.75, 1, 9.5], "texture": "#4"},
				"down": {"uv": [9.75, 1, 9.5, 1.25], "texture": "#4"}
			}
		},
		{
			"from": [6.5927, -2.76838, 8.29729],
			"to": [7.1702, -2.06838, 8.99729],
			"rotation": {"angle": -45, "axis": "z", "origin": [18.65357, 1.64749, 21.39729]},
			"faces": {
				"north": {"uv": [1.25, 9.5, 1.5, 9.75], "texture": "#4"},
				"east": {"uv": [9.5, 1.25, 9.75, 1.5], "texture": "#4"},
				"south": {"uv": [1.5, 9.5, 1.75, 9.75], "texture": "#4"},
				"west": {"uv": [9.5, 1.5, 9.75, 1.75], "texture": "#4"},
				"up": {"uv": [2, 9.75, 1.75, 9.5], "texture": "#4"},
				"down": {"uv": [9.75, 1.75, 9.5, 2], "texture": "#4"}
			}
		},
		{
			"from": [12.57263, 12.08087, 8.29729],
			"to": [13.97263, 12.78087, 8.99729],
			"rotation": {"angle": 45, "axis": "z", "origin": [17.3385, 1.64749, 21.39729]},
			"faces": {
				"north": {"uv": [2, 9.5, 2.25, 9.75], "texture": "#4"},
				"east": {"uv": [9.5, 2, 9.75, 2.25], "texture": "#4"},
				"south": {"uv": [2.25, 9.5, 2.5, 9.75], "texture": "#4"},
				"west": {"uv": [9.5, 2.25, 9.75, 2.5], "texture": "#4"},
				"up": {"uv": [2.75, 9.75, 2.5, 9.5], "texture": "#4"},
				"down": {"uv": [9.75, 2.5, 9.5, 2.75], "texture": "#4"}
			}
		},
		{
			"from": [8.19604, 3.35, 8.29729],
			"to": [8.89604, 6.15, 8.99729],
			"rotation": {"angle": 0, "axis": "y", "origin": [17.99604, 11.2, 17.54729]},
			"faces": {
				"north": {"uv": [0.5, 7.75, 0.75, 8.5], "texture": "#4"},
				"east": {"uv": [0.75, 7.75, 1, 8.5], "texture": "#4"},
				"south": {"uv": [7.75, 0.75, 8, 1.5], "texture": "#4"},
				"west": {"uv": [1, 7.75, 1.25, 8.5], "texture": "#4"},
				"up": {"uv": [3, 9.75, 2.75, 9.5], "texture": "#4"},
				"down": {"uv": [9.75, 2.75, 9.5, 3], "texture": "#4"}
			}
		},
		{
			"from": [6.09604, 3.35, 8.29729],
			"to": [6.79604, 6.15, 8.99729],
			"rotation": {"angle": 0, "axis": "y", "origin": [17.99604, 11.2, 17.54729]},
			"faces": {
				"north": {"uv": [1.25, 7.75, 1.5, 8.5], "texture": "#4"},
				"east": {"uv": [7.75, 1.5, 8, 2.25], "texture": "#4"},
				"south": {"uv": [2, 7.75, 2.25, 8.5], "texture": "#4"},
				"west": {"uv": [2.25, 7.75, 2.5, 8.5], "texture": "#4"},
				"up": {"uv": [3.25, 9.75, 3, 9.5], "texture": "#4"},
				"down": {"uv": [9.75, 3, 9.5, 3.25], "texture": "#4"}
			}
		}
	],
	"display": {
		"thirdperson_righthand": {
			"rotation": [0, 90, 0],
			"translation": [0, 6.5, 2]
		},
		"thirdperson_lefthand": {
			"rotation": [0, 90, 0],
			"translation": [0, 6.5, 3]
		},
		"firstperson_righthand": {
			"rotation": [6, -93, 0],
			"translation": [3.75, 1.75, 0],
			"scale": [0.8, 0.8, 0.8]
		},
		"firstperson_lefthand": {
			"rotation": [6, -93, 0],
			"translation": [3, 1.75, -1.25],
			"scale": [0.8, 0.8, 0.8]
		},
		"ground": {
			"rotation": [0, 0, 30],
			"translation": [0, 2.75, 0],
			"scale": [0.8, 0.8, 0.8]
		},
		"gui": {
			"rotation": [0, 0, -45],
			"translation": [-0.75, -1.75, 0],
			"scale": [0.65, 0.65, 0.65]
		},
		"head": {
			"rotation": [-22.75, 0, 0],
			"translation": [0.5, 0, 0]
		},
		"fixed": {
			"rotation": [0, 0, 45],
			"translation": [2, -1.5, -0.75],
			"scale": [0.7, 0.7, 0.7]
		}
	},
	"groups": [
		{
			"name": "Sword",
			"origin": [8, 8, 8],
			"color": 0,
			"children": [
				{
					"name": "Guard",
					"origin": [8, 8, 8],
					"color": 0,
					"children": [
						{
							"name": "Guard",
							"origin": [8, 8, 8],
							"color": 7,
							"children": []
						},
						{
							"name": "Guard",
							"origin": [8, 8, 8],
							"color": 0,
							"children": [
								{
									"name": "Right Guard",
									"origin": [8, 8, 8],
									"color": 0,
									"children": [
										{
											"name": "Crystal",
											"origin": [9.5, 9.9138, 14.70163],
											"color": 0,
											"children": [0, 1, 2, 3, 4, 5]
										},
										{
											"name": "Crystal",
											"origin": [9.5, 9.9138, 14.70163],
											"color": 0,
											"children": [6, 7, 8, 9, 10, 11]
										},
										{
											"name": "Crystal",
											"origin": [9.5, 9.9138, 14.70163],
											"color": 0,
											"children": [12, 13, 14, 15, 16, 17]
										}
									]
								},
								{
									"name": "Left Guard",
									"origin": [8, 8, 8],
									"color": 0,
									"children": [
										{
											"name": "Crystal",
											"origin": [9.5, 9.9138, 14.70163],
											"color": 0,
											"children": [18, 19, 20, 21, 22, 23]
										},
										{
											"name": "Crystal",
											"origin": [9.5, 9.9138, 14.70163],
											"color": 0,
											"children": [24, 25, 26, 27, 28, 29]
										},
										{
											"name": "Crystal",
											"origin": [9.5, 9.9138, 14.70163],
											"color": 0,
											"children": [30, 31, 32, 33, 34, 35]
										}
									]
								}
							]
						}
					]
				},
				{
					"name": "Blade",
					"origin": [9.5, 26.97416, 10.02471],
					"color": 0,
					"children": [
						36,
						37,
						38,
						39,
						40,
						41,
						42,
						43,
						44,
						45,
						46,
						47,
						{
							"name": "Groove",
							"origin": [8.29168, 22.00884, 8.5],
							"color": 0,
							"children": [48, 49, 50, 51, 52]
						}
					]
				},
				{
					"name": "Handle",
					"origin": [8, 8, 8],
					"color": 0,
					"children": [
						{
							"name": "Bottom Piece",
							"origin": [8, 8, 8],
							"color": 0,
							"children": [
								53,
								54,
								{
									"name": "group",
									"origin": [8, 8, 8],
									"color": 0,
									"children": [55, 56]
								},
								{
									"name": "group",
									"origin": [8, 8, 8],
									"color": 0,
									"children": [57, 58]
								},
								59,
								60,
								{
									"name": "Bindings",
									"origin": [8, 3, 7.5],
									"color": 0,
									"children": [61, 62, 63]
								}
							]
						}
					]
				},
				{
					"name": "MainEye2",
					"origin": [-1.98679, 16, -5.39097],
					"rotation": [0, 0, 20],
					"color": 0,
					"children": [64, 65, 66, 67, 68, 69, 70, 71, 72]
				},
				{
					"name": "MainEye2",
					"origin": [-1.98679, 16, -5.39097],
					"rotation": [0, 0, 20],
					"color": 0,
					"children": [73, 74, 75, 76, 77, 78, 79, 80, 81]
				}
			]
		}
	]
}