{
	"credit": "Made with Blockbench, by EnderIzzy124",
	"texture_size": [32, 32],
	"textures": {
		"0": "item/pickaxes/bone_pickaxe",
		"particle": "item/pickaxes/bone_pickaxe"
	},
	"elements": [
		{
			"name": "bone_handle",
			"from": [7.325, 2.325, 7.325],
			"to": [8.675, 7.675, 8.675],
			"rotation": {"angle": 0, "axis": "y", "origin": [8, 5, 8]},
			"faces": {
				"north": {"uv": [15.5, 0, 16, 2.5], "texture": "#0"},
				"east": {"uv": [13.5, 0, 14, 2.5], "texture": "#0"},
				"south": {"uv": [14.5, 0, 15, 2.5], "texture": "#0"},
				"west": {"uv": [13.5, 0, 14, 2.5], "texture": "#0"}
			}
		},
		{
			"name": "bone_handle inverted",
			"from": [8.675, 7.675, 8.675],
			"to": [7.325, 2.325, 7.325],
			"rotation": {"angle": 0, "axis": "y", "origin": [8, 5, 8]},
			"faces": {
				"north": {"uv": [14.5, 2.5, 15, 0], "texture": "#0"},
				"east": {"uv": [13.5, 2.5, 14, 0], "texture": "#0"},
				"south": {"uv": [15.5, 2.5, 16, 0], "texture": "#0"},
				"west": {"uv": [13.5, 2.5, 14, 0], "texture": "#0"}
			}
		},
		{
			"name": "bone_bit_back",
			"from": [7.5, -0.5, 8.5],
			"to": [8.5, 0.5, 9.5],
			"rotation": {"angle": 0, "axis": "y", "origin": [8, 0, 9]},
			"faces": {
				"north": {"uv": [4, 11.5, 4.5, 12], "texture": "#0"},
				"east": {"uv": [11, 11, 11.5, 11.5], "texture": "#0"},
				"south": {"uv": [10, 11, 10.5, 11.5], "texture": "#0"},
				"west": {"uv": [11, 11, 11.5, 11.5], "texture": "#0"},
				"up": {"uv": [11, 9.5, 10.5, 9], "texture": "#0"},
				"down": {"uv": [8, 11, 7.5, 11.5], "texture": "#0"}
			}
		},
		{
			"name": "bone_bit_forward",
			"from": [7.5, -0.5, 6.5],
			"to": [8.5, 0.5, 7.5],
			"rotation": {"angle": 0, "axis": "y", "origin": [8, 0, 7]},
			"faces": {
				"north": {"uv": [3, 11.5, 3.5, 12], "texture": "#0"},
				"east": {"uv": [11.5, 1, 12, 1.5], "texture": "#0"},
				"south": {"uv": [11.5, 0, 12, 0.5], "texture": "#0"},
				"west": {"uv": [11.5, 1, 12, 1.5], "texture": "#0"},
				"up": {"uv": [12, 3.5, 11.5, 3], "texture": "#0"},
				"down": {"uv": [12, 2, 11.5, 2.5], "texture": "#0"}
			}
		},
		{
			"name": "bone_shaft",
			"from": [7.5, 0, 7.5],
			"to": [8.5, 12, 8.5],
			"rotation": {"angle": 0, "axis": "y", "origin": [8, 6, 8.5]},
			"faces": {
				"north": {"uv": [0, 0, 0.5, 6], "texture": "#0"},
				"east": {"uv": [2, 0, 2.5, 6], "texture": "#0"},
				"south": {"uv": [1, 0, 1.5, 6], "texture": "#0"},
				"west": {"uv": [2, 0, 2.5, 6], "texture": "#0"},
				"down": {"uv": [11, 8, 10.5, 8.5], "texture": "#0"}
			}
		},
		{
			"name": "spine_bone",
			"from": [7, 9, 7],
			"to": [9, 11, 9],
			"rotation": {"angle": 0, "axis": "y", "origin": [8, 10, 8]},
			"faces": {
				"north": {"uv": [3, 3, 4, 4], "texture": "#0"},
				"east": {"uv": [5.5, 3, 4.5, 4], "texture": "#0"},
				"south": {"uv": [3, 4.5, 4, 5.5], "texture": "#0"},
				"west": {"uv": [4.5, 3, 5.5, 4], "texture": "#0"},
				"up": {"uv": [5.5, 5.5, 4.5, 4.5], "texture": "#0"},
				"down": {"uv": [6.5, 0, 5.5, 1], "texture": "#0"}
			}
		},
		{
			"name": "spine_bone_layer",
			"from": [6.75, 8.75, 6.75],
			"to": [9.25, 11.25, 9.25],
			"rotation": {"angle": 0, "axis": "y", "origin": [8, 10, 8]},
			"faces": {
				"north": {"uv": [5.5, 1.5, 6.5, 2.5], "texture": "#0"},
				"east": {"uv": [7, 3, 6, 4], "texture": "#0"},
				"south": {"uv": [3, 6, 4, 7], "texture": "#0"},
				"west": {"uv": [6, 3, 7, 4], "texture": "#0"},
				"up": {"uv": [5.5, 7, 4.5, 6], "texture": "#0"},
				"down": {"uv": [7, 4.5, 6, 5.5], "texture": "#0"}
			}
		},
		{
			"name": "spine_bone_bit",
			"from": [7.5, 9.5, 9],
			"to": [8.5, 10.5, 10],
			"rotation": {"angle": 0, "axis": "y", "origin": [8, 10, 9.5]},
			"faces": {
				"east": {"uv": [11.5, 4, 12, 4.5], "texture": "#0"},
				"south": {"uv": [5, 11.5, 5.5, 12], "texture": "#0"},
				"west": {"uv": [11.5, 5, 12, 5.5], "texture": "#0"},
				"up": {"uv": [6.5, 12, 6, 11.5], "texture": "#0"},
				"down": {"uv": [12, 6, 11.5, 6.5], "texture": "#0"}
			}
		},
		{
			"name": "spine_bone_layer inverted",
			"from": [9.25, 11.25, 9.25],
			"to": [6.75, 8.75, 6.75],
			"rotation": {"angle": 0, "axis": "y", "origin": [8, 10, 8]},
			"faces": {
				"north": {"uv": [3, 7, 4, 6], "texture": "#0"},
				"east": {"uv": [6, 4, 7, 3], "texture": "#0"},
				"south": {"uv": [5.5, 2.5, 6.5, 1.5], "texture": "#0"},
				"west": {"uv": [7, 4, 6, 3], "texture": "#0"},
				"up": {"uv": [6, 4.5, 7, 5.5], "texture": "#0"},
				"down": {"uv": [4.5, 7, 5.5, 6], "texture": "#0"}
			}
		},
		{
			"name": "spine_front_piece",
			"from": [7, 12.75, 3.75],
			"to": [9, 13.75, 5.75],
			"rotation": {"angle": -45, "axis": "x", "origin": [8, 13.75, 4.75]},
			"faces": {
				"north": {"uv": [9, 7, 10, 7.5], "texture": "#0"},
				"east": {"uv": [10, 8, 9, 8.5], "texture": "#0"},
				"south": {"uv": [7.5, 9, 8.5, 9.5], "texture": "#0"},
				"west": {"uv": [9, 8, 10, 8.5], "texture": "#0"},
				"up": {"uv": [7, 7, 6, 6], "texture": "#0"},
				"down": {"uv": [1, 6.5, 0, 7.5], "texture": "#0"}
			}
		},
		{
			"name": "spine_front_layer",
			"from": [6.75, 12.5, 3.5],
			"to": [9.25, 14, 6],
			"rotation": {"angle": -45, "axis": "x", "origin": [8, 13.75, 4.75]},
			"faces": {
				"north": {"uv": [9, 9, 10, 9.5], "texture": "#0"},
				"east": {"uv": [2.5, 9.5, 1.5, 10], "texture": "#0"},
				"south": {"uv": [0, 9.5, 1, 10], "texture": "#0"},
				"west": {"uv": [1.5, 9.5, 2.5, 10], "texture": "#0"},
				"up": {"uv": [2.5, 7.5, 1.5, 6.5], "texture": "#0"},
				"down": {"uv": [8, 0, 7, 1], "texture": "#0"}
			}
		},
		{
			"name": "spine_front_bit",
			"from": [7.5, 13.75, 4.25],
			"to": [8.5, 14.75, 5.25],
			"rotation": {"angle": -45, "axis": "x", "origin": [8, 13.75, 4.75]},
			"faces": {
				"north": {"uv": [11.5, 7, 12, 7.5], "texture": "#0"},
				"east": {"uv": [11.5, 8, 12, 8.5], "texture": "#0"},
				"south": {"uv": [8.5, 11.5, 9, 12], "texture": "#0"},
				"west": {"uv": [11.5, 9, 12, 9.5], "texture": "#0"},
				"up": {"uv": [12, 10.5, 11.5, 10], "texture": "#0"}
			}
		},
		{
			"name": "spine_front_layer inverted",
			"from": [9.25, 14, 6],
			"to": [6.75, 12.5, 3.5],
			"rotation": {"angle": -45, "axis": "x", "origin": [8, 13.75, 4.75]},
			"faces": {
				"north": {"uv": [0, 10, 1, 9.5], "texture": "#0"},
				"east": {"uv": [1.5, 10, 2.5, 9.5], "texture": "#0"},
				"south": {"uv": [9, 9.5, 10, 9], "texture": "#0"},
				"west": {"uv": [2.5, 10, 1.5, 9.5], "texture": "#0"},
				"up": {"uv": [7, 0, 8, 1], "texture": "#0"},
				"down": {"uv": [1.5, 7.5, 2.5, 6.5], "texture": "#0"}
			}
		},
		{
			"name": "spine_back_piece",
			"from": [7, 12.75, 10.25],
			"to": [9, 13.75, 12.25],
			"rotation": {"angle": 45, "axis": "x", "origin": [8, 13.75, 11.25]},
			"faces": {
				"north": {"uv": [10, 0, 11, 0.5], "texture": "#0"},
				"east": {"uv": [11, 2, 10, 2.5], "texture": "#0"},
				"south": {"uv": [10, 1, 11, 1.5], "texture": "#0"},
				"west": {"uv": [10, 2, 11, 2.5], "texture": "#0"},
				"up": {"uv": [8, 2.5, 7, 1.5], "texture": "#0"},
				"down": {"uv": [4, 7.5, 3, 8.5], "texture": "#0"}
			}
		},
		{
			"name": "spine_back_layer",
			"from": [6.75, 12.5, 10],
			"to": [9.25, 14, 12.5],
			"rotation": {"angle": 45, "axis": "x", "origin": [8, 13.75, 11.25]},
			"faces": {
				"north": {"uv": [10, 4.5, 11, 5], "texture": "#0"},
				"east": {"uv": [8.5, 10, 7.5, 10.5], "texture": "#0"},
				"south": {"uv": [10, 5.5, 11, 6], "texture": "#0"},
				"west": {"uv": [7.5, 10, 8.5, 10.5], "texture": "#0"},
				"up": {"uv": [8.5, 4, 7.5, 3], "texture": "#0"},
				"down": {"uv": [5.5, 7.5, 4.5, 8.5], "texture": "#0"}
			}
		},
		{
			"name": "spine_back_bit",
			"from": [7.5, 13.75, 10.75],
			"to": [8.5, 14.75, 11.75],
			"rotation": {"angle": 45, "axis": "x", "origin": [8, 13.75, 11.25]},
			"faces": {
				"north": {"uv": [0, 12, 0.5, 12.5], "texture": "#0"},
				"east": {"uv": [1, 12, 1.5, 12.5], "texture": "#0"},
				"south": {"uv": [2, 12, 2.5, 12.5], "texture": "#0"},
				"west": {"uv": [7, 12, 7.5, 12.5], "texture": "#0"},
				"up": {"uv": [10, 12.5, 9.5, 12], "texture": "#0"}
			}
		},
		{
			"name": "spine_back_layer inverted",
			"from": [9.25, 14, 12.5],
			"to": [6.75, 12.5, 10],
			"rotation": {"angle": 45, "axis": "x", "origin": [8, 13.75, 11.25]},
			"faces": {
				"north": {"uv": [10, 6, 11, 5.5], "texture": "#0"},
				"east": {"uv": [7.5, 10.5, 8.5, 10], "texture": "#0"},
				"south": {"uv": [10, 5, 11, 4.5], "texture": "#0"},
				"west": {"uv": [8.5, 10.5, 7.5, 10], "texture": "#0"},
				"up": {"uv": [4.5, 7.5, 5.5, 8.5], "texture": "#0"},
				"down": {"uv": [7.5, 4, 8.5, 3], "texture": "#0"}
			}
		},
		{
			"name": "spine_center",
			"from": [7, 12, 7],
			"to": [9, 14, 9],
			"rotation": {"angle": 0, "axis": "y", "origin": [8, 13, 8]},
			"faces": {
				"north": {"uv": [7.5, 4.5, 8.5, 5.5], "texture": "#0"},
				"east": {"uv": [8.5, 6, 7.5, 7], "texture": "#0"},
				"south": {"uv": [6, 7.5, 7, 8.5], "texture": "#0"},
				"west": {"uv": [7.5, 6, 8.5, 7], "texture": "#0"},
				"up": {"uv": [8.5, 8.5, 7.5, 7.5], "texture": "#0"},
				"down": {"uv": [1, 8, 0, 9], "texture": "#0"}
			}
		},
		{
			"name": "spine_center_layer",
			"from": [6.75, 11.75, 6.75],
			"to": [9.25, 14.25, 9.25],
			"rotation": {"angle": 0, "axis": "y", "origin": [8, 13, 8]},
			"faces": {
				"north": {"uv": [1.5, 8, 2.5, 9], "texture": "#0"},
				"east": {"uv": [9.5, 1.5, 8.5, 2.5], "texture": "#0"},
				"south": {"uv": [8.5, 0, 9.5, 1], "texture": "#0"},
				"west": {"uv": [8.5, 1.5, 9.5, 2.5], "texture": "#0"},
				"up": {"uv": [4, 10, 3, 9], "texture": "#0"},
				"down": {"uv": [10, 3, 9, 4], "texture": "#0"}
			}
		},
		{
			"name": "spine_center_bit",
			"from": [7.5, 14, 7.5],
			"to": [8.5, 15, 8.5],
			"rotation": {"angle": 0, "axis": "y", "origin": [8, 14.5, 8]},
			"faces": {
				"north": {"uv": [10.5, 12, 11, 12.5], "texture": "#0"},
				"east": {"uv": [12, 11, 12.5, 11.5], "texture": "#0"},
				"south": {"uv": [11.5, 12, 12, 12.5], "texture": "#0"},
				"west": {"uv": [12.5, 0, 13, 0.5], "texture": "#0"},
				"up": {"uv": [13, 1.5, 12.5, 1], "texture": "#0"}
			}
		},
		{
			"name": "spine_center_layer inverted",
			"from": [9.25, 14.25, 9.25],
			"to": [6.75, 11.75, 6.75],
			"rotation": {"angle": 0, "axis": "y", "origin": [8, 13, 8]},
			"faces": {
				"north": {"uv": [8.5, 1, 9.5, 0], "texture": "#0"},
				"east": {"uv": [8.5, 2.5, 9.5, 1.5], "texture": "#0"},
				"south": {"uv": [1.5, 9, 2.5, 8], "texture": "#0"},
				"west": {"uv": [9.5, 2.5, 8.5, 1.5], "texture": "#0"},
				"up": {"uv": [9, 3, 10, 4], "texture": "#0"},
				"down": {"uv": [3, 10, 4, 9], "texture": "#0"}
			}
		},
		{
			"name": "head_support_front",
			"from": [7.49, 11.49, 3.49],
			"to": [8.51, 13.51, 7.51],
			"rotation": {"angle": -22.5, "axis": "x", "origin": [8, 12.5, 6]},
			"faces": {
				"north": {"uv": [9, 10, 9.5, 11], "texture": "#0"},
				"east": {"uv": [5, 0, 3, 1], "texture": "#0"},
				"west": {"uv": [3, 0, 5, 1], "texture": "#0"},
				"up": {"uv": [5, 11, 4.5, 9], "texture": "#0"},
				"down": {"uv": [9.5, 4.5, 9, 6.5], "texture": "#0"}
			}
		},
		{
			"name": "head_front",
			"from": [7.5, 10.61941, 2.07298],
			"to": [8.5, 11.61941, 4.07298],
			"rotation": {"angle": 0, "axis": "y", "origin": [8, 11.61941, 4.07298]},
			"faces": {
				"north": {"uv": [12.5, 2, 13, 2.5], "texture": "#0"},
				"east": {"uv": [11, 10, 10, 10.5], "texture": "#0"},
				"west": {"uv": [10, 10, 11, 10.5], "texture": "#0"},
				"up": {"uv": [0.5, 11.5, 0, 10.5], "texture": "#0"},
				"down": {"uv": [1.5, 10.5, 1, 11.5], "texture": "#0"}
			}
		},
		{
			"name": "head_support_back",
			"from": [7.49, 11.49, 8.49],
			"to": [8.51, 13.51, 12.51],
			"rotation": {"angle": 22.5, "axis": "x", "origin": [8, 12.5, 10]},
			"faces": {
				"east": {"uv": [5, 1.5, 3, 2.5], "texture": "#0"},
				"south": {"uv": [2, 10.5, 2.5, 11.5], "texture": "#0"},
				"west": {"uv": [3, 1.5, 5, 2.5], "texture": "#0"},
				"up": {"uv": [6, 11, 5.5, 9], "texture": "#0"},
				"down": {"uv": [7, 9, 6.5, 11], "texture": "#0"}
			}
		},
		{
			"name": "head_back",
			"from": [7.5, 10.61941, 11.92702],
			"to": [8.5, 11.61941, 13.92702],
			"rotation": {"angle": 0, "axis": "y", "origin": [8, 11.61941, 11.92702]},
			"faces": {
				"east": {"uv": [4, 10.5, 3, 11], "texture": "#0"},
				"south": {"uv": [3, 12.5, 3.5, 13], "texture": "#0"},
				"west": {"uv": [3, 10.5, 4, 11], "texture": "#0"},
				"up": {"uv": [11, 4, 10.5, 3], "texture": "#0"},
				"down": {"uv": [11, 6.5, 10.5, 7.5], "texture": "#0"}
			}
		}
	],
	"gui_light": "front",
	"display": {
		"thirdperson_righthand": {
			"translation": [0, 1.5, 1.25],
			"scale": [1.05, 1.05, 1.05]
		},
		"thirdperson_lefthand": {
			"translation": [0, 1.5, 1.25],
			"scale": [1.05, 1.05, 1.05]
		},
		"firstperson_righthand": {
			"rotation": [15, -6, 1],
			"translation": [3.5, 2.5, -1],
			"scale": [0.85, 0.85, 0.85]
		},
		"firstperson_lefthand": {
			"rotation": [15, -6, 1],
			"translation": [3.5, 2.5, -1],
			"scale": [0.85, 0.85, 0.85]
		},
		"ground": {
			"rotation": [45, 0, 0],
			"translation": [0, 2, 0],
			"scale": [0.5, 0.5, 0.5]
		},
		"gui": {
			"rotation": [-90, 135, 90],
			"translation": [-0.15, -0.15, -0.25]
		},
		"head": {
			"rotation": [90, -33.25, -90],
			"translation": [1.5, -16, 4.5],
			"scale": [1.6, 1.6, 1.6]
		},
		"fixed": {
			"rotation": [-90, -135, -90],
			"translation": [-0.25, 0.25, -0.75],
			"scale": [1.15, 1.15, 1.15]
		}
	},
	"groups": [
		{
			"name": "bone_pickaxe",
			"origin": [8, 8, 8],
			"color": 6,
			"nbt": "{}",
			"armAnimationEnabled": false,
			"children": [
				0,
				1,
				2,
				3,
				4,
				{
					"name": "spine_bone",
					"origin": [8, 10, 9.5],
					"color": 5,
					"nbt": "{}",
					"armAnimationEnabled": false,
					"children": [5, 6, 7, 8]
				},
				{
					"name": "head",
					"origin": [8, 8, 8],
					"color": 2,
					"nbt": "{}",
					"armAnimationEnabled": false,
					"children": [
						{
							"name": "spine_front",
							"origin": [8, 13.75, 5],
							"color": 3,
							"nbt": "{}",
							"armAnimationEnabled": false,
							"children": [9, 10, 11, 12]
						},
						{
							"name": "spine_back",
							"origin": [8, 13.75, 5],
							"color": 3,
							"nbt": "{}",
							"armAnimationEnabled": false,
							"children": [13, 14, 15, 16]
						},
						{
							"name": "spine_center",
							"origin": [8, 14.5, 8],
							"color": 3,
							"nbt": "{}",
							"armAnimationEnabled": false,
							"children": [17, 18, 19, 20]
						},
						21,
						22,
						23,
						24
					]
				}
			]
		}
	]
}