{
	"credit": "MadebyElo106",
	"texture_size": [32, 32],
	"textures": {
		"10": "item/pickaxes/exclusive_rebirth"
	},
	"elements": [
		{
			"from": [7, -5, 7],
			"to": [9, -3, 9],
			"rotation": {"angle": 0, "axis": "y", "origin": [8, 1, 8]},
			"faces": {
				"north": {"uv": [10, 8.5, 11, 9.5], "texture": "#10"},
				"east": {"uv": [7, 10.5, 8, 11.5], "texture": "#10"},
				"south": {"uv": [9, 10.5, 10, 11.5], "texture": "#10"},
				"west": {"uv": [10.5, 9.5, 11.5, 10.5], "texture": "#10"},
				"up": {"uv": [11, 11.5, 10, 10.5], "texture": "#10"},
				"down": {"uv": [1, 11, 0, 12], "texture": "#10"}
			}
		},
		{
			"from": [7, -7, 7],
			"to": [9, -6, 9],
			"rotation": {"angle": 0, "axis": "y", "origin": [8, 1, 8]},
			"faces": {
				"north": {"uv": [6.5, 2.5, 7.5, 3], "texture": "#10"},
				"east": {"uv": [8, 4, 9, 4.5], "texture": "#10"},
				"south": {"uv": [9, 7, 10, 7.5], "texture": "#10"},
				"west": {"uv": [12, 10.5, 13, 11], "texture": "#10"},
				"up": {"uv": [12, 5.5, 11, 4.5], "texture": "#10"},
				"down": {"uv": [12, 5.5, 11, 6.5], "texture": "#10"}
			}
		},
		{
			"from": [6, -8, 6],
			"to": [10, -7, 10],
			"rotation": {"angle": 0, "axis": "y", "origin": [8, 1, 8]},
			"faces": {
				"north": {"uv": [11, 6.5, 13, 7], "texture": "#10"},
				"east": {"uv": [11, 7, 13, 7.5], "texture": "#10"},
				"south": {"uv": [11, 7.5, 13, 8], "texture": "#10"},
				"west": {"uv": [11, 8, 13, 8.5], "texture": "#10"},
				"up": {"uv": [4, 2, 2, 0], "texture": "#10"},
				"down": {"uv": [4, 2, 2, 4], "texture": "#10"}
			}
		},
		{
			"from": [7.5, -5, 7.5],
			"to": [8.5, -4, 8.5],
			"rotation": {"angle": 0, "axis": "y", "origin": [8, -4.5, 8]},
			"faces": {
				"north": {"uv": [1, 11, 1.5, 11.5], "texture": "#10"},
				"east": {"uv": [11.5, 4, 12, 4.5], "texture": "#10"},
				"south": {"uv": [9.5, 12.5, 10, 13], "texture": "#10"},
				"west": {"uv": [12.5, 9.5, 13, 10], "texture": "#10"},
				"up": {"uv": [10.5, 13, 10, 12.5], "texture": "#10"},
				"down": {"uv": [13, 10, 12.5, 10.5], "texture": "#10"}
			}
		},
		{
			"from": [7.5, -6, 7.5],
			"to": [8.5, 12, 8.5],
			"rotation": {"angle": 45, "axis": "y", "origin": [8, 0.5, 8]},
			"faces": {
				"north": {"uv": [0, 0, 0.5, 9], "texture": "#10"},
				"east": {"uv": [0.5, 0, 1, 9], "texture": "#10"},
				"south": {"uv": [1, 0, 1.5, 9], "texture": "#10"},
				"west": {"uv": [1.5, 0, 2, 9], "texture": "#10"},
				"up": {"uv": [11, 13, 10.5, 12.5], "texture": "#10"},
				"down": {"uv": [11.5, 12.5, 11, 13], "texture": "#10"}
			}
		},
		{
			"from": [6.999, 6.999, 6.999],
			"to": [9.001, 9.001, 9.001],
			"rotation": {"angle": -45, "axis": "y", "origin": [8, 8, 8]},
			"faces": {
				"north": {"uv": [8, 11, 9, 12], "texture": "#10"},
				"east": {"uv": [11, 8.5, 12, 9.5], "texture": "#10"},
				"south": {"uv": [11, 10.5, 12, 11.5], "texture": "#10"},
				"west": {"uv": [11.5, 0, 12.5, 1], "texture": "#10"},
				"up": {"uv": [2, 12.5, 1, 11.5], "texture": "#10"},
				"down": {"uv": [12.5, 1, 11.5, 2], "texture": "#10"}
			}
		},
		{
			"from": [7.5, 7, 8],
			"to": [8.5, 9, 10],
			"rotation": {"angle": 0, "axis": "y", "origin": [8, 8.5, 10]},
			"faces": {
				"north": {"uv": [3.5, 5.5, 4, 6.5], "texture": "#10"},
				"east": {"uv": [2, 11.5, 3, 12.5], "texture": "#10"},
				"south": {"uv": [10, 3, 10.5, 4], "texture": "#10"},
				"west": {"uv": [11.5, 2, 12.5, 3], "texture": "#10"},
				"up": {"uv": [13, 1, 12.5, 0], "texture": "#10"},
				"down": {"uv": [1.5, 12.5, 1, 13.5], "texture": "#10"}
			}
		},
		{
			"from": [7.501, 7.65115, 8.7325],
			"to": [8.499, 12.64915, 9.7305],
			"rotation": {"angle": 22.5, "axis": "x", "origin": [8, 6.65015, 8.2315]},
			"faces": {
				"north": {"uv": [4.5, 10.5, 5, 13], "texture": "#10"},
				"east": {"uv": [10.5, 4.5, 11, 7], "texture": "#10"},
				"south": {"uv": [5, 10.5, 5.5, 13], "texture": "#10"},
				"west": {"uv": [6.5, 10.5, 7, 13], "texture": "#10"},
				"up": {"uv": [12, 13, 11.5, 12.5], "texture": "#10"},
				"down": {"uv": [13, 11.5, 12.5, 12], "texture": "#10"}
			}
		},
		{
			"from": [7, 12, 5],
			"to": [9, 15, 10],
			"rotation": {"angle": 0, "axis": "y", "origin": [8, -1, 8]},
			"faces": {
				"north": {"uv": [8, 6, 9, 7.5], "texture": "#10"},
				"east": {"uv": [4, 0, 6.5, 1.5], "texture": "#10"},
				"south": {"uv": [5.5, 8.5, 6.5, 10], "texture": "#10"},
				"west": {"uv": [4, 1.5, 6.5, 3], "texture": "#10"},
				"up": {"uv": [6.5, 8.5, 5.5, 6], "texture": "#10"},
				"down": {"uv": [7.5, 0, 6.5, 2.5], "texture": "#10"}
			}
		},
		{
			"from": [6.5, 13.92388, 7.38268],
			"to": [9.5, 15.92388, 10.38268],
			"rotation": {"angle": 0, "axis": "y", "origin": [8, -1.07612, 8.38268]},
			"faces": {
				"north": {"uv": [8.5, 7.5, 10, 8.5], "texture": "#10"},
				"east": {"uv": [8.5, 8.5, 10, 9.5], "texture": "#10"},
				"south": {"uv": [0, 9, 1.5, 10], "texture": "#10"},
				"west": {"uv": [9, 0, 10.5, 1], "texture": "#10"},
				"up": {"uv": [5, 8, 3.5, 6.5], "texture": "#10"},
				"down": {"uv": [8, 6, 6.5, 7.5], "texture": "#10"}
			}
		},
		{
			"from": [6.501, 13.51067, 6.38368],
			"to": [9.499, 15.50867, 8.38168],
			"rotation": {"angle": -45, "axis": "x", "origin": [8, 14.50967, 7.38268]},
			"faces": {
				"north": {"uv": [9, 1, 10.5, 2], "texture": "#10"},
				"east": {"uv": [3, 11.5, 4, 12.5], "texture": "#10"},
				"south": {"uv": [1.5, 9, 3, 10], "texture": "#10"},
				"west": {"uv": [11.5, 3, 12.5, 4], "texture": "#10"},
				"up": {"uv": [10.5, 3, 9, 2], "texture": "#10"},
				"down": {"uv": [4.5, 9, 3, 10], "texture": "#10"}
			}
		},
		{
			"from": [6.502, 12.56672, 14.49442],
			"to": [9.498, 14.56272, 16.49042],
			"rotation": {"angle": -45, "axis": "x", "origin": [8, 11.56472, 15.49242]},
			"faces": {
				"north": {"uv": [9, 4, 10.5, 5], "texture": "#10"},
				"east": {"uv": [5.5, 11.5, 6.5, 12.5], "texture": "#10"},
				"south": {"uv": [9, 5, 10.5, 6], "texture": "#10"},
				"west": {"uv": [7, 11.5, 8, 12.5], "texture": "#10"},
				"up": {"uv": [10.5, 7, 9, 6], "texture": "#10"},
				"down": {"uv": [8, 9.5, 6.5, 10.5], "texture": "#10"}
			}
		},
		{
			"from": [7.001, 11.34981, 9.27473],
			"to": [8.999, 14.34781, 13.27273],
			"rotation": {"angle": 22.5, "axis": "x", "origin": [8, 12.84881, 11.27373]},
			"faces": {
				"north": {"uv": [4.5, 9, 5.5, 10.5], "texture": "#10"},
				"east": {"uv": [2, 4, 4, 5.5], "texture": "#10"},
				"south": {"uv": [8, 9.5, 9, 11], "texture": "#10"},
				"west": {"uv": [4, 3, 6, 4.5], "texture": "#10"},
				"up": {"uv": [7.5, 9.5, 6.5, 7.5], "texture": "#10"},
				"down": {"uv": [8.5, 7.5, 7.5, 9.5], "texture": "#10"}
			}
		},
		{
			"from": [6.501, 13.34981, 9.27473],
			"to": [9.499, 15.34781, 13.27273],
			"rotation": {"angle": 22.5, "axis": "x", "origin": [8, 12.84881, 11.27373]},
			"faces": {
				"north": {"uv": [9, 9.5, 10.5, 10.5], "texture": "#10"},
				"east": {"uv": [8, 3, 10, 4], "texture": "#10"},
				"south": {"uv": [0, 10, 1.5, 11], "texture": "#10"},
				"west": {"uv": [3.5, 8, 5.5, 9], "texture": "#10"},
				"up": {"uv": [5.5, 6.5, 4, 4.5], "texture": "#10"},
				"down": {"uv": [3.5, 5.5, 2, 7.5], "texture": "#10"}
			}
		},
		{
			"from": [7.002, 9.49639, 12.05107],
			"to": [8.998, 12.49239, 15.04707],
			"rotation": {"angle": 45, "axis": "x", "origin": [8, 10.99439, 14.04907]},
			"faces": {
				"north": {"uv": [1.5, 10, 2.5, 11.5], "texture": "#10"},
				"east": {"uv": [7.5, 0, 9, 1.5], "texture": "#10"},
				"south": {"uv": [2.5, 10, 3.5, 11.5], "texture": "#10"},
				"west": {"uv": [7.5, 1.5, 9, 3], "texture": "#10"},
				"up": {"uv": [4.5, 11.5, 3.5, 10], "texture": "#10"},
				"down": {"uv": [6.5, 10, 5.5, 11.5], "texture": "#10"}
			}
		},
		{
			"from": [7.499, 11.34781, 1.72527],
			"to": [8.501, 14.34981, 5.72727],
			"rotation": {"angle": -22.5, "axis": "x", "origin": [8, 12.84881, 3.72627]},
			"faces": {
				"north": {"uv": [5, 6.5, 5.5, 8], "texture": "#10"},
				"east": {"uv": [5.5, 4.5, 7.5, 6], "texture": "#10"},
				"south": {"uv": [0, 12, 0.5, 13.5], "texture": "#10"},
				"west": {"uv": [6, 3, 8, 4.5], "texture": "#10"},
				"up": {"uv": [4.5, 13.5, 4, 11.5], "texture": "#10"},
				"down": {"uv": [9.5, 11.5, 9, 13.5], "texture": "#10"}
			}
		},
		{
			"from": [7.5, 11.61571, -0.92775],
			"to": [8.5, 14.61571, 2.07225],
			"rotation": {"angle": -45, "axis": "x", "origin": [8, 13.11571, 3.07225]},
			"faces": {
				"north": {"uv": [0.5, 12, 1, 13.5], "texture": "#10"},
				"east": {"uv": [2, 7.5, 3.5, 9], "texture": "#10"},
				"south": {"uv": [12, 4, 12.5, 5.5], "texture": "#10"},
				"west": {"uv": [7.5, 4.5, 9, 6], "texture": "#10"},
				"up": {"uv": [8.5, 13.5, 8, 12], "texture": "#10"},
				"down": {"uv": [9, 12, 8.5, 13.5], "texture": "#10"}
			}
		},
		{
			"from": [7, -3, 6],
			"to": [9, -2, 9],
			"faces": {
				"north": {"uv": [12, 11, 13, 11.5], "texture": "#10"},
				"east": {"uv": [12, 5.5, 13.5, 6], "texture": "#10"},
				"south": {"uv": [12.5, 1, 13.5, 1.5], "texture": "#10"},
				"west": {"uv": [12, 6, 13.5, 6.5], "texture": "#10"},
				"up": {"uv": [11, 8.5, 10, 7], "texture": "#10"},
				"down": {"uv": [11.5, 0, 10.5, 1.5], "texture": "#10"}
			}
		},
		{
			"from": [7, 2, 6],
			"to": [9, 3, 9],
			"faces": {
				"north": {"uv": [1.5, 12.5, 2.5, 13], "texture": "#10"},
				"east": {"uv": [12, 8.5, 13.5, 9], "texture": "#10"},
				"south": {"uv": [12.5, 1.5, 13.5, 2], "texture": "#10"},
				"west": {"uv": [12, 9, 13.5, 9.5], "texture": "#10"},
				"up": {"uv": [11.5, 3, 10.5, 1.5], "texture": "#10"},
				"down": {"uv": [11.5, 3, 10.5, 4.5], "texture": "#10"}
			}
		},
		{
			"from": [7.001, 0.94034, 5.14745],
			"to": [8.999, 2.93834, 6.14545],
			"rotation": {"angle": 45, "axis": "x", "origin": [8, 1.93934, 5.64645]},
			"faces": {
				"north": {"uv": [9.5, 11.5, 10.5, 12.5], "texture": "#10"},
				"east": {"uv": [12.5, 2, 13, 3], "texture": "#10"},
				"south": {"uv": [11.5, 9.5, 12.5, 10.5], "texture": "#10"},
				"west": {"uv": [2.5, 12.5, 3, 13.5], "texture": "#10"},
				"up": {"uv": [4, 13, 3, 12.5], "texture": "#10"},
				"down": {"uv": [13.5, 3, 12.5, 3.5], "texture": "#10"}
			}
		},
		{
			"from": [7.001, 3.2038, -4.02413],
			"to": [8.999, 5.2018, -3.02613],
			"rotation": {"angle": -45, "axis": "x", "origin": [8, 12.2028, 8.47487]},
			"faces": {
				"north": {"uv": [10.5, 11.5, 11.5, 12.5], "texture": "#10"},
				"east": {"uv": [12.5, 3.5, 13, 4.5], "texture": "#10"},
				"south": {"uv": [11.5, 11.5, 12.5, 12.5], "texture": "#10"},
				"west": {"uv": [12.5, 4.5, 13, 5.5], "texture": "#10"},
				"up": {"uv": [6.5, 13, 5.5, 12.5], "texture": "#10"},
				"down": {"uv": [8, 12.5, 7, 13], "texture": "#10"}
			}
		}
	],
	"gui_light": "front",
	"display": {
		"thirdperson_righthand": {
			"translation": [0, 6, 0.75]
		},
		"thirdperson_lefthand": {
			"translation": [0, 6, 0.75]
		},
		"firstperson_righthand": {
			"translation": [0.75, 5.25, -0.25],
			"scale": [0.5, 0.5, 0.5]
		},
		"firstperson_lefthand": {
			"rotation": [-28, 6, -28],
			"translation": [2.5, 5.25, 1.25],
			"scale": [0.5, 0.5, 0.5]
		},
		"ground": {
			"rotation": [-45, 0, 180],
			"scale": [0.5, 0.5, 0.5]
		},
		"gui": {
			"rotation": [-90, -45, -90],
			"translation": [1.5, 1.5, 0],
			"scale": [0.72, 0.72, 0.72]
		},
		"fixed": {
			"rotation": [90, 135, -90],
			"translation": [-1, 1, 0]
		}
	},
	"groups": [
		{
			"name": "pickaxe2",
			"origin": [7.94495, 4.09738, 8],
			"color": 0,
			"children": [0, 1, 2, 3, 4, 5, 6, 7, 8, 9, 10, 11, 12, 13, 14, 15, 16, 17, 18, 19, 20]
		}
	]
}