{
	"credit": "MadebyElo106",
	"texture_size": [32, 32],
	"textures": {
		"11": "item/pickaxes/sinister_pickaxe",
		"particle": "item/pickaxes/sinister_pickaxe"
	},
	"elements": [
		{
			"from": [7, -5, 7],
			"to": [9, -4, 9],
			"rotation": {"angle": 0, "axis": "y", "origin": [8, -4.5, 8]},
			"faces": {
				"north": {"uv": [10.5, 12, 11.5, 12.5], "texture": "#11"},
				"east": {"uv": [11.5, 12, 12.5, 12.5], "texture": "#11"},
				"south": {"uv": [0, 12.5, 1, 13], "texture": "#11"},
				"west": {"uv": [1, 12.5, 2, 13], "texture": "#11"},
				"up": {"uv": [11.5, 8, 10.5, 7], "texture": "#11"},
				"down": {"uv": [11.5, 8, 10.5, 9], "texture": "#11"}
			}
		},
		{
			"from": [8, -13, 4],
			"to": [8, -5, 12],
			"rotation": {"angle": 0, "axis": "y", "origin": [8, -4.5, 8]},
			"faces": {
				"north": {"uv": [0, 0, 0, 4], "texture": "#11"},
				"east": {"uv": [0, 0, 4, 4], "texture": "#11"},
				"south": {"uv": [0, 0, 0, 4], "texture": "#11"},
				"west": {"uv": [0, 4, 4, 8], "texture": "#11"},
				"up": {"uv": [0, 4, 0, 0], "texture": "#11"},
				"down": {"uv": [0, 0, 0, 4], "texture": "#11"}
			}
		},
		{
			"from": [8, 4, 4],
			"to": [8, 12, 12],
			"rotation": {"angle": 0, "axis": "y", "origin": [8, -4.5, 8]},
			"faces": {
				"north": {"uv": [0, 0, 0, 4], "texture": "#11"},
				"east": {"uv": [4, 0, 8, 4], "texture": "#11"},
				"south": {"uv": [0, 0, 0, 4], "texture": "#11"},
				"west": {"uv": [4, 4, 8, 8], "texture": "#11"},
				"up": {"uv": [0, 4, 0, 0], "texture": "#11"},
				"down": {"uv": [0, 0, 0, 4], "texture": "#11"}
			}
		},
		{
			"from": [7.5, -6.5, 7],
			"to": [8.5, -4.5, 9],
			"rotation": {"angle": 45, "axis": "x", "origin": [8, -5.5, 8]},
			"faces": {
				"north": {"uv": [8, 12, 8.5, 13], "texture": "#11"},
				"east": {"uv": [10.5, 9, 11.5, 10], "texture": "#11"},
				"south": {"uv": [12.5, 1, 13, 2], "texture": "#11"},
				"west": {"uv": [10.5, 10, 11.5, 11], "texture": "#11"},
				"up": {"uv": [2.5, 13.5, 2, 12.5], "texture": "#11"},
				"down": {"uv": [13, 2, 12.5, 3], "texture": "#11"}
			}
		},
		{
			"from": [7, 7, 7],
			"to": [9, 8, 9],
			"rotation": {"angle": 45, "axis": "y", "origin": [8, -6, 8]},
			"faces": {
				"north": {"uv": [2.5, 12.5, 3.5, 13], "texture": "#11"},
				"east": {"uv": [3.5, 12.5, 4.5, 13], "texture": "#11"},
				"south": {"uv": [12.5, 7, 13.5, 7.5], "texture": "#11"},
				"west": {"uv": [12.5, 7.5, 13.5, 8], "texture": "#11"},
				"up": {"uv": [11.5, 12, 10.5, 11], "texture": "#11"},
				"down": {"uv": [1, 11.5, 0, 12.5], "texture": "#11"}
			}
		},
		{
			"from": [7, 9, 7],
			"to": [9, 10, 9],
			"rotation": {"angle": 45, "axis": "y", "origin": [8, -6, 8]},
			"faces": {
				"north": {"uv": [12.5, 8, 13.5, 8.5], "texture": "#11"},
				"east": {"uv": [8.5, 12.5, 9.5, 13], "texture": "#11"},
				"south": {"uv": [12.5, 8.5, 13.5, 9], "texture": "#11"},
				"west": {"uv": [12.5, 9, 13.5, 9.5], "texture": "#11"},
				"up": {"uv": [2, 12.5, 1, 11.5], "texture": "#11"},
				"down": {"uv": [12.5, 1, 11.5, 2], "texture": "#11"}
			}
		},
		{
			"from": [7, 6, 7],
			"to": [9, 7, 9],
			"rotation": {"angle": 0, "axis": "y", "origin": [8, -6, 8]},
			"faces": {
				"north": {"uv": [12.5, 9.5, 13.5, 10], "texture": "#11"},
				"east": {"uv": [12.5, 10, 13.5, 10.5], "texture": "#11"},
				"south": {"uv": [10.5, 12.5, 11.5, 13], "texture": "#11"},
				"west": {"uv": [12.5, 10.5, 13.5, 11], "texture": "#11"},
				"up": {"uv": [3, 12.5, 2, 11.5], "texture": "#11"},
				"down": {"uv": [12.5, 2, 11.5, 3], "texture": "#11"}
			}
		},
		{
			"from": [7, 8, 7],
			"to": [9, 9, 9],
			"rotation": {"angle": 0, "axis": "y", "origin": [8, -6, 8]},
			"faces": {
				"north": {"uv": [12.5, 11, 13.5, 11.5], "texture": "#11"},
				"east": {"uv": [11.5, 12.5, 12.5, 13], "texture": "#11"},
				"south": {"uv": [12.5, 11.5, 13.5, 12], "texture": "#11"},
				"west": {"uv": [12.5, 12, 13.5, 12.5], "texture": "#11"},
				"up": {"uv": [4, 12.5, 3, 11.5], "texture": "#11"},
				"down": {"uv": [5, 11.5, 4, 12.5], "texture": "#11"}
			}
		},
		{
			"from": [7, 10, 7],
			"to": [9, 11, 9],
			"rotation": {"angle": 0, "axis": "y", "origin": [8, -6, 8]},
			"faces": {
				"north": {"uv": [12.5, 12.5, 13.5, 13], "texture": "#11"},
				"east": {"uv": [0, 13, 1, 13.5], "texture": "#11"},
				"south": {"uv": [1, 13, 2, 13.5], "texture": "#11"},
				"west": {"uv": [13, 1, 14, 1.5], "texture": "#11"},
				"up": {"uv": [12.5, 8, 11.5, 7], "texture": "#11"},
				"down": {"uv": [12.5, 8, 11.5, 9], "texture": "#11"}
			}
		},
		{
			"from": [7.5, -4, 7.5],
			"to": [8.5, 6, 8.5],
			"rotation": {"angle": 45, "axis": "y", "origin": [8, 1, 8]},
			"faces": {
				"north": {"uv": [6, 8, 6.5, 13], "texture": "#11"},
				"east": {"uv": [6.5, 8, 7, 13], "texture": "#11"},
				"south": {"uv": [7, 8, 7.5, 13], "texture": "#11"},
				"west": {"uv": [7.5, 8, 8, 13], "texture": "#11"},
				"up": {"uv": [13.5, 7, 13, 6.5], "texture": "#11"},
				"down": {"uv": [8.5, 13, 8, 13.5], "texture": "#11"}
			}
		},
		{
			"from": [6.999, 10.999, 5.499],
			"to": [9.001, 15.001, 10.501],
			"rotation": {"angle": 0, "axis": "y", "origin": [8, 13.5, 7.5]},
			"faces": {
				"north": {"uv": [9.5, 10, 10.5, 12], "texture": "#11"},
				"east": {"uv": [8, 1, 10.5, 3], "texture": "#11"},
				"south": {"uv": [10.5, 1, 11.5, 3], "texture": "#11"},
				"west": {"uv": [8, 3, 10.5, 5], "texture": "#11"},
				"up": {"uv": [9.5, 7.5, 8.5, 5], "texture": "#11"},
				"down": {"uv": [9.5, 7.5, 8.5, 10], "texture": "#11"}
			}
		},
		{
			"from": [7, 11.57507, 4.39105],
			"to": [9, 16.57507, 6.39105],
			"rotation": {"angle": -22.5, "axis": "x", "origin": [8, 14.07507, 6.39105]},
			"faces": {
				"north": {"uv": [0, 9, 1, 11.5], "texture": "#11"},
				"east": {"uv": [1, 9, 2, 11.5], "texture": "#11"},
				"south": {"uv": [2, 9, 3, 11.5], "texture": "#11"},
				"west": {"uv": [3, 9, 4, 11.5], "texture": "#11"},
				"up": {"uv": [12.5, 10, 11.5, 9], "texture": "#11"},
				"down": {"uv": [12.5, 10, 11.5, 11], "texture": "#11"}
			}
		},
		{
			"from": [7, 11.57507, 9.60895],
			"to": [9, 16.57507, 11.60895],
			"rotation": {"angle": 22.5, "axis": "x", "origin": [8, 14.07507, 9.60895]},
			"faces": {
				"north": {"uv": [4, 9, 5, 11.5], "texture": "#11"},
				"east": {"uv": [9.5, 5, 10.5, 7.5], "texture": "#11"},
				"south": {"uv": [9.5, 7.5, 10.5, 10], "texture": "#11"},
				"west": {"uv": [8.5, 10, 9.5, 12.5], "texture": "#11"},
				"up": {"uv": [12.5, 12, 11.5, 11], "texture": "#11"},
				"down": {"uv": [13, 3, 12, 4], "texture": "#11"}
			}
		},
		{
			"from": [7.5, 12.5, 2.5],
			"to": [8.5, 14.5, 13.5],
			"rotation": {"angle": 0, "axis": "y", "origin": [8, 13.5, 7.5]},
			"faces": {
				"north": {"uv": [4.5, 12.5, 5, 13.5], "texture": "#11"},
				"east": {"uv": [0, 8, 5.5, 9], "texture": "#11"},
				"south": {"uv": [13, 1.5, 13.5, 2.5], "texture": "#11"},
				"west": {"uv": [8, 0, 13.5, 1], "texture": "#11"},
				"up": {"uv": [8.5, 10.5, 8, 5], "texture": "#11"},
				"down": {"uv": [6, 8, 5.5, 13.5], "texture": "#11"}
			}
		},
		{
			"from": [7.501, 14.91128, -0.3817],
			"to": [8.499, 16.90928, 2.6163],
			"rotation": {"angle": -22.5, "axis": "x", "origin": [8, 15.41028, 8.6173]},
			"faces": {
				"north": {"uv": [2.5, 13, 3, 14], "texture": "#11"},
				"east": {"uv": [10.5, 3, 12, 4], "texture": "#11"},
				"south": {"uv": [13, 2.5, 13.5, 3.5], "texture": "#11"},
				"west": {"uv": [10.5, 4, 12, 5], "texture": "#11"},
				"up": {"uv": [5.5, 10.5, 5, 9], "texture": "#11"},
				"down": {"uv": [5.5, 10.5, 5, 12], "texture": "#11"}
			}
		},
		{
			"from": [7.502, 18.86436, -4.13791],
			"to": [8.498, 20.86036, -2.14191],
			"rotation": {"angle": -45, "axis": "x", "origin": [8, 19.36236, 7.86009]},
			"faces": {
				"north": {"uv": [3, 13, 3.5, 14], "texture": "#11"},
				"east": {"uv": [12, 4, 13, 5], "texture": "#11"},
				"south": {"uv": [3.5, 13, 4, 14], "texture": "#11"},
				"west": {"uv": [12, 5, 13, 6], "texture": "#11"},
				"up": {"uv": [13.5, 4.5, 13, 3.5], "texture": "#11"},
				"down": {"uv": [4.5, 13, 4, 14], "texture": "#11"}
			}
		},
		{
			"from": [7.502, 18.86436, 18.14191],
			"to": [8.498, 20.86036, 20.13791],
			"rotation": {"angle": 45, "axis": "x", "origin": [8, 19.36236, 8.13991]},
			"faces": {
				"north": {"uv": [13, 4.5, 13.5, 5.5], "texture": "#11"},
				"east": {"uv": [12, 6, 13, 7], "texture": "#11"},
				"south": {"uv": [13, 5.5, 13.5, 6.5], "texture": "#11"},
				"west": {"uv": [9.5, 12, 10.5, 13], "texture": "#11"},
				"up": {"uv": [6.5, 14, 6, 13], "texture": "#11"},
				"down": {"uv": [7, 13, 6.5, 14], "texture": "#11"}
			}
		},
		{
			"from": [7.501, 14.91128, 13.3837],
			"to": [8.499, 16.90928, 16.3817],
			"rotation": {"angle": 22.5, "axis": "x", "origin": [8, 15.41028, 7.3827]},
			"faces": {
				"north": {"uv": [7, 13, 7.5, 14], "texture": "#11"},
				"east": {"uv": [10.5, 5, 12, 6], "texture": "#11"},
				"south": {"uv": [7.5, 13, 8, 14], "texture": "#11"},
				"west": {"uv": [10.5, 6, 12, 7], "texture": "#11"},
				"up": {"uv": [8.5, 12, 8, 10.5], "texture": "#11"},
				"down": {"uv": [5.5, 12, 5, 13.5], "texture": "#11"}
			}
		}
	],
	"gui_light": "front",
	"display": {
		"thirdperson_righthand": {
			"translation": [0, 4.75, 0.75],
			"scale": [0.75, 0.75, 0.75]
		},
		"thirdperson_lefthand": {
			"translation": [0, 6, 0.75]
		},
		"firstperson_righthand": {
			"translation": [-1.25, 5.25, 0.75],
			"scale": [0.5, 0.5, 0.5]
		},
		"firstperson_lefthand": {
			"rotation": [-28, 6, -28],
			"translation": [2.5, 5.25, 1.25],
			"scale": [0.5, 0.5, 0.5]
		},
		"ground": {
			"rotation": [-45, 0, 180],
			"scale": [0.5, 0.5, 0.5]
		},
		"gui": {
			"rotation": [-90, -45, -90],
			"translation": [1.25, 1.25, 0],
			"scale": [0.68, 0.68, 0.68]
		},
		"fixed": {
			"rotation": [90, 135, -90],
			"translation": [-1, 1, 0]
		}
	},
	"groups": [
		{
			"name": "pickaxe4",
			"origin": [7.94495, 4.09738, 8],
			"color": 0,
			"children": [0, 1, 2, 3, 4, 5, 6, 7, 8, 9, 10, 11, 12, 13, 14, 15, 16, 17]
		}
	]
}