{
	"credit": "Made with Blockbench",
	"texture_size": [32, 32],
	"textures": {
		"0": "item/pickaxes/butterfly_staff"
	},
	"elements": [
		{
			"from": [6.9, 0.9, 7.9],
			"to": [8.1, 4.1, 9.1],
			"faces": {
				"north": {"uv": [2, 11.5, 2.5, 13], "texture": "#0"},
				"east": {"uv": [2.5, 11.5, 3, 13], "texture": "#0"},
				"south": {"uv": [3, 11.5, 3.5, 13], "texture": "#0"},
				"west": {"uv": [3.5, 11.5, 4, 13], "texture": "#0"},
				"up": {"uv": [13, 3.5, 12.5, 3], "texture": "#0"},
				"down": {"uv": [13, 3.5, 12.5, 4], "texture": "#0"}
			}
		},
		{
			"from": [7.1, 4.6, 8.1],
			"to": [7.9, 7.4, 8.9],
			"rotation": {"angle": -45, "axis": "y", "origin": [7.5, 12.15, 8.5]},
			"faces": {
				"north": {"uv": [4, 11.5, 4.5, 13], "texture": "#0"},
				"east": {"uv": [4.5, 11.5, 5, 13], "texture": "#0"},
				"south": {"uv": [5, 11.5, 5.5, 13], "texture": "#0"},
				"west": {"uv": [5.5, 11.5, 6, 13], "texture": "#0"},
				"up": {"uv": [13, 4.5, 12.5, 4], "texture": "#0"},
				"down": {"uv": [13, 4.5, 12.5, 5], "texture": "#0"}
			}
		},
		{
			"from": [7, 7.7, 8],
			"to": [8, 9.7, 9],
			"faces": {
				"north": {"uv": [10, 11.5, 10.5, 12.5], "texture": "#0"},
				"east": {"uv": [10.5, 11.5, 11, 12.5], "texture": "#0"},
				"south": {"uv": [11, 11.5, 11.5, 12.5], "texture": "#0"},
				"west": {"uv": [11.5, 11.5, 12, 12.5], "texture": "#0"},
				"up": {"uv": [13, 5.5, 12.5, 5], "texture": "#0"},
				"down": {"uv": [13, 5.5, 12.5, 6], "texture": "#0"}
			}
		},
		{
			"from": [7.1, 9.8, 8.1],
			"to": [7.9, 12.6, 8.9],
			"rotation": {"angle": -45, "axis": "y", "origin": [7.5, 12.15, 8.5]},
			"faces": {
				"north": {"uv": [6, 11.5, 6.5, 13], "texture": "#0"},
				"east": {"uv": [6.5, 11.5, 7, 13], "texture": "#0"},
				"south": {"uv": [7, 11.5, 7.5, 13], "texture": "#0"},
				"west": {"uv": [7.5, 11.5, 8, 13], "texture": "#0"},
				"up": {"uv": [13, 6.5, 12.5, 6], "texture": "#0"},
				"down": {"uv": [13, 6.5, 12.5, 7], "texture": "#0"}
			}
		},
		{
			"from": [7.1, 12.8, 8.1],
			"to": [7.9, 14.6, 8.9],
			"faces": {
				"north": {"uv": [12, 0, 12.5, 1], "texture": "#0"},
				"east": {"uv": [12, 1, 12.5, 2], "texture": "#0"},
				"south": {"uv": [12, 2, 12.5, 3], "texture": "#0"},
				"west": {"uv": [12, 3, 12.5, 4], "texture": "#0"},
				"up": {"uv": [13, 7.5, 12.5, 7], "texture": "#0"},
				"down": {"uv": [13, 7.5, 12.5, 8], "texture": "#0"}
			}
		},
		{
			"from": [7, 14.75, 8],
			"to": [8, 16.75, 9],
			"faces": {
				"north": {"uv": [12, 4, 12.5, 5], "texture": "#0"},
				"east": {"uv": [12, 5, 12.5, 6], "texture": "#0"},
				"south": {"uv": [12, 6, 12.5, 7], "texture": "#0"},
				"west": {"uv": [12, 7, 12.5, 8], "texture": "#0"},
				"up": {"uv": [13, 8.5, 12.5, 8], "texture": "#0"},
				"down": {"uv": [13, 8.5, 12.5, 9], "texture": "#0"}
			}
		},
		{
			"from": [7.1, 16.9, 8.1],
			"to": [7.9, 19.7, 8.9],
			"rotation": {"angle": -45, "axis": "y", "origin": [7.5, 12.15, 8.5]},
			"faces": {
				"north": {"uv": [8, 11.5, 8.5, 13], "texture": "#0"},
				"east": {"uv": [8.5, 11.5, 9, 13], "texture": "#0"},
				"south": {"uv": [9, 11.5, 9.5, 13], "texture": "#0"},
				"west": {"uv": [9.5, 11.5, 10, 13], "texture": "#0"},
				"up": {"uv": [13, 9.5, 12.5, 9], "texture": "#0"},
				"down": {"uv": [13, 9.5, 12.5, 10], "texture": "#0"}
			}
		},
		{
			"from": [7, 21.85, 8],
			"to": [8, 23.85, 9],
			"faces": {
				"north": {"uv": [12, 8, 12.5, 9], "texture": "#0"},
				"east": {"uv": [12, 9, 12.5, 10], "texture": "#0"},
				"south": {"uv": [12, 10, 12.5, 11], "texture": "#0"},
				"west": {"uv": [12, 11, 12.5, 12], "texture": "#0"},
				"up": {"uv": [10.5, 13, 10, 12.5], "texture": "#0"},
				"down": {"uv": [13, 10, 12.5, 10.5], "texture": "#0"}
			}
		},
		{
			"from": [7.1, 19.9, 8.1],
			"to": [7.9, 21.7, 8.9],
			"faces": {
				"north": {"uv": [12, 12, 12.5, 13], "texture": "#0"},
				"east": {"uv": [12.5, 0, 13, 1], "texture": "#0"},
				"south": {"uv": [12.5, 1, 13, 2], "texture": "#0"},
				"west": {"uv": [12.5, 2, 13, 3], "texture": "#0"},
				"up": {"uv": [11, 13, 10.5, 12.5], "texture": "#0"},
				"down": {"uv": [13, 10.5, 12.5, 11], "texture": "#0"}
			}
		},
		{
			"from": [6.9, 24.05, 7.9],
			"to": [8.1, 28.6, 9.1],
			"faces": {
				"north": {"uv": [0, 11.5, 0.5, 13.625], "texture": "#0"},
				"east": {"uv": [0.5, 11.5, 1, 13.625], "texture": "#0"},
				"south": {"uv": [1, 11.5, 1.5, 13.625], "texture": "#0"},
				"west": {"uv": [1.5, 11.5, 2, 13.625], "texture": "#0"},
				"up": {"uv": [11.5, 13, 11, 12.5], "texture": "#0"},
				"down": {"uv": [13, 11, 12.5, 11.5], "texture": "#0"}
			}
		},
		{
			"from": [6.8, 28.85, 7.8],
			"to": [8.2, 30.25, 9.2],
			"faces": {
				"north": {"uv": [11.5, 12.5, 12, 13], "texture": "#0"},
				"east": {"uv": [12.5, 11.5, 13, 12], "texture": "#0"},
				"south": {"uv": [12.5, 12, 13, 12.5], "texture": "#0"},
				"west": {"uv": [12.5, 12.5, 13, 13], "texture": "#0"},
				"up": {"uv": [13.5, 0.5, 13, 0], "texture": "#0"},
				"down": {"uv": [13.5, 0.5, 13, 1], "texture": "#0"}
			}
		},
		{
			"from": [6.9, 22, 1.8],
			"to": [6.9, 32, 7.8],
			"rotation": {"angle": 22.5, "axis": "y", "origin": [6.9, 26.5, 7.9]},
			"faces": {
				"north": {"uv": [0, 0, 0, 5], "texture": "#0"},
				"east": {"uv": [0, 0, 3, 5], "texture": "#0"},
				"south": {"uv": [0, 0, 0, 5], "texture": "#0"},
				"west": {"uv": [3, 0, 6, 5], "texture": "#0"},
				"up": {"uv": [0, 3, 0, 0], "texture": "#0"},
				"down": {"uv": [0, 0, 0, 3], "texture": "#0"}
			}
		},
		{
			"from": [8.1, 22, 1.8],
			"to": [8.1, 32, 7.8],
			"rotation": {"angle": -22.5, "axis": "y", "origin": [8.1, 26.5, 7.9]},
			"faces": {
				"north": {"uv": [0, 0, 0, 5], "texture": "#0"},
				"east": {"uv": [0, 5, 3, 10], "texture": "#0"},
				"south": {"uv": [0, 0, 0, 5], "texture": "#0"},
				"west": {"uv": [3, 5, 6, 10], "texture": "#0"},
				"up": {"uv": [0, 3, 0, 0], "texture": "#0"},
				"down": {"uv": [0, 0, 0, 3], "texture": "#0"}
			}
		},
		{
			"from": [8.1, 22, 9.2],
			"to": [8.1, 32, 15.2],
			"rotation": {"angle": 22.5, "axis": "y", "origin": [8.1, 26.5, 9.1]},
			"faces": {
				"north": {"uv": [0, 0, 0, 5], "texture": "#0"},
				"east": {"uv": [6, 0, 9, 5], "texture": "#0"},
				"south": {"uv": [0, 0, 0, 5], "texture": "#0"},
				"west": {"uv": [6, 5, 9, 10], "texture": "#0"},
				"up": {"uv": [0, 3, 0, 0], "texture": "#0"},
				"down": {"uv": [0, 0, 0, 3], "texture": "#0"}
			}
		},
		{
			"from": [6.9, 22, 9.2],
			"to": [6.9, 32, 15.2],
			"rotation": {"angle": -22.5, "axis": "y", "origin": [6.9, 26.5, 9.1]},
			"faces": {
				"north": {"uv": [0, 0, 0, 5], "texture": "#0"},
				"east": {"uv": [9, 0, 12, 5], "texture": "#0"},
				"south": {"uv": [0, 0, 0, 5], "texture": "#0"},
				"west": {"uv": [9, 5, 12, 10], "texture": "#0"},
				"up": {"uv": [0, 3, 0, 0], "texture": "#0"},
				"down": {"uv": [0, 0, 0, 3], "texture": "#0"}
			}
		},
		{
			"from": [6.9, 1, 4.9],
			"to": [6.9, 4, 7.9],
			"rotation": {"angle": 22.5, "axis": "y", "origin": [6.9, 2.5, 7.9]},
			"faces": {
				"north": {"uv": [0, 0, 0, 1.5], "texture": "#0"},
				"east": {"uv": [0, 10, 1.5, 11.5], "texture": "#0"},
				"south": {"uv": [0, 0, 0, 1.5], "texture": "#0"},
				"west": {"uv": [1.5, 10, 3, 11.5], "texture": "#0"},
				"up": {"uv": [0, 1.5, 0, 0], "texture": "#0"},
				"down": {"uv": [0, 0, 0, 1.5], "texture": "#0"}
			}
		},
		{
			"from": [8.1, 1, 4.9],
			"to": [8.1, 4, 7.9],
			"rotation": {"angle": -22.5, "axis": "y", "origin": [8.1, 2.5, 7.9]},
			"faces": {
				"north": {"uv": [0, 0, 0, 1.5], "texture": "#0"},
				"east": {"uv": [3, 10, 4.5, 11.5], "texture": "#0"},
				"south": {"uv": [0, 0, 0, 1.5], "texture": "#0"},
				"west": {"uv": [4.5, 10, 6, 11.5], "texture": "#0"},
				"up": {"uv": [0, 1.5, 0, 0], "texture": "#0"},
				"down": {"uv": [0, 0, 0, 1.5], "texture": "#0"}
			}
		},
		{
			"from": [8.1, 1, 9.1],
			"to": [8.1, 4, 12.1],
			"rotation": {"angle": 22.5, "axis": "y", "origin": [8.1, 2.5, 9.1]},
			"faces": {
				"north": {"uv": [0, 0, 0, 1.5], "texture": "#0"},
				"east": {"uv": [6, 10, 7.5, 11.5], "texture": "#0"},
				"south": {"uv": [0, 0, 0, 1.5], "texture": "#0"},
				"west": {"uv": [7.5, 10, 9, 11.5], "texture": "#0"},
				"up": {"uv": [0, 1.5, 0, 0], "texture": "#0"},
				"down": {"uv": [0, 0, 0, 1.5], "texture": "#0"}
			}
		},
		{
			"from": [6.9, 1, 9.1],
			"to": [6.9, 4, 12.1],
			"rotation": {"angle": -22.5, "axis": "y", "origin": [6.9, 2.5, 9.1]},
			"faces": {
				"north": {"uv": [0, 0, 0, 1.5], "texture": "#0"},
				"east": {"uv": [9, 10, 10.5, 11.5], "texture": "#0"},
				"south": {"uv": [0, 0, 0, 1.5], "texture": "#0"},
				"west": {"uv": [10.5, 10, 12, 11.5], "texture": "#0"},
				"up": {"uv": [0, 1.5, 0, 0], "texture": "#0"},
				"down": {"uv": [0, 0, 0, 1.5], "texture": "#0"}
			}
		}
	],
	"display": {
		"thirdperson_righthand": {
			"translation": [1.25, -1.5, -0.25],
			"scale": [0.8, 0.8, 0.8]
		},
		"thirdperson_lefthand": {
			"translation": [0.25, -1.5, -0.25],
			"scale": [0.8, 0.8, 0.8]
		},
		"firstperson_righthand": {
			"rotation": [-8, -180, 6],
			"translation": [1.5, -6.25, 0],
			"scale": [0.95, 0.95, 0.95]
		},
		"firstperson_lefthand": {
			"rotation": [-8, -180, 6],
			"translation": [1.5, -6.25, 0],
			"scale": [0.95, 0.95, 0.95]
		},
		"ground": {
			"rotation": [-45, 40, 0],
			"translation": [0, 6.5, 0],
			"scale": [0.5, 0.5, 0.5]
		},
		"gui": {
			"rotation": [-66, 51, 70],
			"translation": [3, -4, 0],
			"scale": [0.55, 0.55, 0.55]
		},
		"fixed": {
			"rotation": [-90, -45, -90],
			"translation": [-4.25, -5, 0],
			"scale": [0.7, 0.7, 0.7]
		}
	},
	"groups": [
		{
			"name": "group",
			"origin": [0, 0, 0],
			"color": 0,
			"children": [
				{
					"name": "Staff",
					"origin": [0, 0, 0],
					"color": 0,
					"children": [0, 1, 2, 3, 4, 5, 6, 7, 8, 9, 10]
				},
				{
					"name": "DecorationTop",
					"origin": [6.9, 2.5, 9.1],
					"color": 0,
					"children": [11, 12, 13, 14]
				},
				{
					"name": "DecorationBot",
					"origin": [6.9, 2.5, 9.1],
					"color": 0,
					"children": [15, 16, 17, 18]
				}
			]
		}
	]
}