{
	"credit": "This model was made for a paying customer, you are not allowed to use it without a license. By Ligua using Block Bench",
	"texture_size": [32, 32],
	"textures": {
		"0": "item/pickaxes/solar_pickaxe",
		"particle": "item/pickaxe/solar_pickaxe"
	},
	"elements": [
		{
			"from": [7, -9.05427, 5.30631],
			"to": [9, -6.05427, 8.30631],
			"rotation": {"angle": 45, "axis": "x", "origin": [8, -7.55427, 6.80631]},
			"faces": {
				"north": {"uv": [8, 7.5, 10, 8.5], "rotation": 270, "texture": "#0"},
				"east": {"uv": [6, 8.5, 8, 10.5], "rotation": 90, "texture": "#0"},
				"south": {"uv": [8, 6.5, 10, 7.5], "rotation": 270, "texture": "#0"},
				"west": {"uv": [6, 6.5, 8, 8.5], "rotation": 90, "texture": "#0"},
				"up": {"uv": [6, 10.5, 8, 11.5], "rotation": 90, "texture": "#0"},
				"down": {"uv": [6, 11.5, 8, 12.5], "rotation": 270, "texture": "#0"}
			}
		},
		{
			"from": [7, -6.80427, 5.8063],
			"to": [9, 12.19573, 7.8063],
			"rotation": {"angle": 0, "axis": "y", "origin": [8.00113, 3.80266, 6.81901]},
			"faces": {
				"north": {"uv": [4.5, 0, 6, 13.5], "texture": "#0"},
				"east": {"uv": [3, 0, 4.5, 13.5], "texture": "#0"},
				"south": {"uv": [1.5, 0, 3, 13.5], "texture": "#0"},
				"west": {"uv": [0, 0, 1.5, 13.5], "texture": "#0"},
				"up": {"uv": [1.5, 15.5, 0, 14], "rotation": 270, "texture": "#0"},
				"down": {"uv": [3, 15.5, 1.5, 14], "rotation": 90, "texture": "#0"}
			}
		},
		{
			"from": [6.8, -7.00427, 5.6063],
			"to": [9.2, -4.60427, 8.0063],
			"rotation": {"angle": 0, "axis": "y", "origin": [8.00113, 3.80266, 6.81901]},
			"faces": {
				"north": {"uv": [13.5, 0, 15, 1.5], "texture": "#0"},
				"east": {"uv": [12, 0, 13.5, 1.5], "texture": "#0"},
				"south": {"uv": [12, 1.5, 13.5, 3], "texture": "#0"},
				"west": {"uv": [13.5, 1.5, 15, 3], "texture": "#0"},
				"up": {"uv": [13.5, 3, 15, 4.5], "rotation": 270, "texture": "#0"},
				"down": {"uv": [12, 3, 13.5, 4.5], "rotation": 90, "texture": "#0"}
			}
		},
		{
			"from": [7.51358, -14.80427, 5.309],
			"to": [8.51358, -7.80427, 8.309],
			"rotation": {"angle": -22.5, "axis": "y", "origin": [8.01358, -11.30427, 6.809]},
			"faces": {
				"north": {"uv": [14, 12, 14.5, 16], "texture": "#0"},
				"east": {"uv": [12, 12, 14, 16], "texture": "#0"},
				"south": {"uv": [15.5, 12, 16, 16], "texture": "#0"},
				"west": {"uv": [16, 12, 14, 16], "texture": "#0"},
				"up": {"uv": [0, 0, 0, 0], "rotation": 270, "texture": "#0"},
				"down": {"uv": [14, 11.5, 16, 12], "rotation": 90, "texture": "#0"}
			}
		},
		{
			"from": [8, 13.69573, 4.3063],
			"to": [8, 23.69573, 9.3063],
			"rotation": {"angle": 22.5, "axis": "y", "origin": [8, 18.69573, 6.8063]},
			"faces": {
				"north": {"uv": [0, 0, 0, 0], "texture": "#0"},
				"east": {"uv": [0, 1.5, 2.5, 6.5], "texture": "#0"},
				"south": {"uv": [0, 0, 0, 0], "texture": "#0"},
				"west": {"uv": [2.5, 1.5, 0, 6.5], "texture": "#0"},
				"up": {"uv": [0, 0, 0, 0], "rotation": 270, "texture": "#0"},
				"down": {"uv": [0, 0, 0, 0], "rotation": 90, "texture": "#0"}
			}
		},
		{
			"from": [8, -15.80427, 4.3063],
			"to": [8, -5.80427, 9.3063],
			"rotation": {"angle": -22.5, "axis": "y", "origin": [8, -10.80427, 6.8063]},
			"faces": {
				"north": {"uv": [0, 0, 0, 0], "texture": "#0"},
				"east": {"uv": [0, 1.5, 2.5, 6.5], "texture": "#0"},
				"south": {"uv": [0, 0, 0, 0], "texture": "#0"},
				"west": {"uv": [2.5, 1.5, 0, 6.5], "texture": "#0"},
				"up": {"uv": [0, 0, 0, 0], "rotation": 270, "texture": "#0"},
				"down": {"uv": [0, 0, 0, 0], "rotation": 90, "texture": "#0"}
			}
		},
		{
			"from": [2, 4.44573, 0.8063],
			"to": [14, 4.44573, 12.8063],
			"rotation": {"angle": 45, "axis": "z", "origin": [8, 4.44573, 6.8063]},
			"faces": {
				"north": {"uv": [0, 0, 0, 0], "rotation": 270, "texture": "#0"},
				"east": {"uv": [0, 0, 0, 0], "texture": "#0"},
				"south": {"uv": [0, 0, 0, 0], "rotation": 90, "texture": "#0"},
				"west": {"uv": [0, 0, 0, 0], "rotation": 180, "texture": "#0"},
				"up": {"uv": [16, 5, 10, 11], "rotation": 90, "texture": "#0"},
				"down": {"uv": [10, 5, 16, 11], "rotation": 90, "texture": "#0"}
			}
		},
		{
			"from": [2, -5.55427, 0.8063],
			"to": [14, -5.55427, 12.8063],
			"rotation": {"angle": 45, "axis": "z", "origin": [8, -5.55427, 6.8063]},
			"faces": {
				"north": {"uv": [0, 0, 0, 0], "rotation": 270, "texture": "#0"},
				"east": {"uv": [0, 0, 0, 0], "texture": "#0"},
				"south": {"uv": [0, 0, 0, 0], "rotation": 90, "texture": "#0"},
				"west": {"uv": [0, 0, 0, 0], "rotation": 180, "texture": "#0"},
				"up": {"uv": [16, 5, 10, 11], "rotation": 90, "texture": "#0"},
				"down": {"uv": [10, 5, 16, 11], "rotation": 90, "texture": "#0"}
			}
		},
		{
			"from": [8, 12.19573, 9.8063],
			"to": [8, 17.19573, 19.8063],
			"rotation": {"angle": 22.5, "axis": "x", "origin": [8, 14.69573, 14.8063]},
			"faces": {
				"north": {"uv": [0, 0, 0, 0], "rotation": 270, "texture": "#0"},
				"east": {"uv": [2.5, 1.5, 5, 6.5], "rotation": 270, "texture": "#0"},
				"south": {"uv": [0, 0, 0, 0], "rotation": 270, "texture": "#0"},
				"west": {"uv": [2.5, 6.5, 5, 1.5], "rotation": 270, "texture": "#0"},
				"up": {"uv": [0, 0, 0, 0], "rotation": 180, "texture": "#0"},
				"down": {"uv": [0, 0, 0, 0], "texture": "#0"}
			}
		},
		{
			"from": [8, 12.19573, -6.0563],
			"to": [8, 17.19573, 3.9437],
			"rotation": {"angle": -22.5, "axis": "x", "origin": [8, 14.69573, -1.0563]},
			"faces": {
				"north": {"uv": [0, 0, 0, 0], "rotation": 270, "texture": "#0"},
				"east": {"uv": [2.5, 6.5, 5, 1.5], "rotation": 270, "texture": "#0"},
				"south": {"uv": [0, 0, 0, 0], "rotation": 270, "texture": "#0"},
				"west": {"uv": [2.5, 1.5, 5, 6.5], "rotation": 270, "texture": "#0"},
				"up": {"uv": [0, 0, 0, 0], "rotation": 180, "texture": "#0"},
				"down": {"uv": [0, 0, 0, 0], "texture": "#0"}
			}
		},
		{
			"from": [6.9, 3.09573, 5.7063],
			"to": [9.1, 11.29573, 7.9063],
			"rotation": {"angle": 0, "axis": "y", "origin": [8.00113, 3.80266, 6.81901]},
			"faces": {
				"north": {"uv": [10.5, 0, 12, 5], "texture": "#0"},
				"east": {"uv": [9, 0, 10.5, 5], "texture": "#0"},
				"south": {"uv": [7.5, 0, 9, 5], "texture": "#0"},
				"west": {"uv": [6, 0, 7.5, 5], "texture": "#0"},
				"up": {"uv": [7.5, 6.5, 6, 5], "rotation": 270, "texture": "#0"},
				"down": {"uv": [9, 6.5, 7.5, 5], "rotation": 90, "texture": "#0"}
			}
		},
		{
			"from": [6.8, 9.63729, 3.68775],
			"to": [9.2, 14.03729, 6.08775],
			"rotation": {"angle": -22.5, "axis": "x", "origin": [8, 11.83729, 4.88775]},
			"faces": {
				"north": {"uv": [7.5, 12.5, 9, 15], "texture": "#0"},
				"east": {"uv": [6, 12.5, 7.5, 15], "texture": "#0"},
				"south": {"uv": [10.5, 12.5, 12, 15], "texture": "#0"},
				"west": {"uv": [9, 12.5, 10.5, 15], "texture": "#0"},
				"up": {"uv": [10.5, 12.5, 9, 11], "rotation": 270, "texture": "#0"},
				"down": {"uv": [12, 12.5, 10.5, 11], "rotation": 90, "texture": "#0"}
			}
		},
		{
			"from": [6.8, 9.63729, 7.53725],
			"to": [9.2, 14.03729, 9.93725],
			"rotation": {"angle": 22.5, "axis": "x", "origin": [8, 11.83729, 8.73725]},
			"faces": {
				"north": {"uv": [12, 12.5, 10.5, 15], "texture": "#0"},
				"east": {"uv": [7.5, 12.5, 6, 15], "texture": "#0"},
				"south": {"uv": [9, 12.5, 7.5, 15], "texture": "#0"},
				"west": {"uv": [10.5, 12.5, 9, 15], "texture": "#0"},
				"up": {"uv": [9, 12.5, 10.5, 11], "rotation": 270, "texture": "#0"},
				"down": {"uv": [10.5, 12.5, 12, 11], "rotation": 90, "texture": "#0"}
			}
		}
	],
	"gui_light": "front",
	"display": {
		"thirdperson_righthand": {
			"translation": [0, 3.75, 1],
			"scale": [0.7, 0.7, 0.7]
		},
		"thirdperson_lefthand": {
			"translation": [0, 3.75, 1],
			"scale": [0.7, 0.7, 0.7]
		},
		"firstperson_righthand": {
			"rotation": [-11.5, 16, 0],
			"translation": [0, 6.75, 1.25],
			"scale": [0.5, 0.5, 0.5]
		},
		"firstperson_lefthand": {
			"rotation": [-11.5, 16, 0],
			"translation": [0, 6.75, 1.25],
			"scale": [0.5, 0.5, 0.5]
		},
		"ground": {
			"rotation": [-90, 145, 90],
			"scale": [0.5, 0.5, 0.5]
		},
		"gui": {
			"rotation": [-90, -128.25, -90],
			"translation": [-2.75, 1.75, -3],
			"scale": [0.7, 0.7, 0.7]
		},
		"head": {
			"rotation": [-90, 145, 90],
			"translation": [6, 0, -3]
		},
		"fixed": {
			"rotation": [-90, 145, 90],
			"translation": [4.75, 0, -3]
		}
	}
}