{
	"credit": "Made By Geastre [Slime Studio] ",
	"texture_size": [32, 32],
	"textures": {
		"0": "item/pickaxes/flying_wand",
		"particle": "item/pickaxes/flying_wand"
	},
	"elements": [
		{
			"from": [7.077, -0.071, 7.29],
			"to": [8.923, 0.71, 8.71],
			"rotation": {"angle": 0, "axis": "y", "origin": [2.32, 0, 2.32]},
			"faces": {
				"north": {"uv": [8.5, 2.5, 9.5, 3], "texture": "#0"},
				"east": {"uv": [8.5, 8.5, 9.25, 9], "texture": "#0"},
				"south": {"uv": [8.5, 3, 9.5, 3.5], "texture": "#0"},
				"west": {"uv": [0, 9, 0.75, 9.5], "texture": "#0"},
				"up": {"uv": [8.5, 6.75, 7.5, 6], "texture": "#0"},
				"down": {"uv": [1, 8, 0, 8.75], "texture": "#0"}
			}
		},
		{
			"from": [7.0415, 0.355, 7.3965],
			"to": [8.852, 2.1655, 8.6035],
			"rotation": {"angle": 45, "axis": "z", "origin": [8, 1.3135, 8]},
			"faces": {
				"north": {"uv": [7.5, 1, 8.5, 2], "texture": "#0"},
				"east": {"uv": [8.5, 3.5, 9, 4.5], "texture": "#0"},
				"south": {"uv": [7.5, 2, 8.5, 3], "texture": "#0"},
				"west": {"uv": [8.5, 4.5, 9, 5.5], "texture": "#0"},
				"up": {"uv": [9.5, 6, 8.5, 5.5], "texture": "#0"},
				"down": {"uv": [7, 8.5, 6, 9], "texture": "#0"}
			}
		},
		{
			"from": [7.2758, 0.62642, 7.5172],
			"to": [8.7242, 7.37852, 8.4828],
			"rotation": {"angle": 0, "axis": "y", "origin": [8, 4.30067, 8]},
			"faces": {
				"north": {"uv": [4, 6, 4.75, 9.5], "texture": "#0"},
				"east": {"uv": [7, 0, 7.5, 3.5], "texture": "#0"},
				"south": {"uv": [6, 4, 6.75, 7.5], "texture": "#0"},
				"west": {"uv": [7, 3.5, 7.5, 7], "texture": "#0"}
			}
		},
		{
			"from": [5.793, 17.33, 6.006],
			"to": [10.207, 21.111, 9.994],
			"rotation": {"angle": 0, "axis": "y", "origin": [2.32, -0.019, 2.32]},
			"faces": {
				"north": {"uv": [0, 0, 2.25, 2], "texture": "#0"},
				"east": {"uv": [0, 4, 2, 6], "texture": "#0"},
				"south": {"uv": [0, 2, 2.25, 4], "texture": "#0"},
				"west": {"uv": [2, 4, 4, 6], "texture": "#0"},
				"up": {"uv": [4.75, 2, 2.5, 0], "texture": "#0"},
				"down": {"uv": [4.75, 2, 2.5, 4], "texture": "#0"}
			}
		},
		{
			"from": [10.193, 18.33625, 7.106],
			"to": [10.807, 20.11725, 8.894],
			"rotation": {"angle": 0, "axis": "y", "origin": [2.32, -0.11275, 2.32]},
			"faces": {
				"north": {"uv": [1.5, 9, 1.75, 10], "texture": "#0"},
				"east": {"uv": [7.5, 5, 8.5, 6], "texture": "#0"},
				"south": {"uv": [9, 4.5, 9.25, 5.5], "texture": "#0"},
				"up": {"uv": [6.25, 10, 6, 9], "texture": "#0"},
				"down": {"uv": [9.25, 6, 9, 7], "texture": "#0"}
			}
		},
		{
			"from": [10.193, 17.23625, 7.994],
			"to": [13.607, 21.01725, 7.994],
			"rotation": {"angle": 22.5, "axis": "z", "origin": [12.4, 19.12675, 7.994]},
			"faces": {
				"north": {"uv": [4, 4, 5.75, 6], "texture": "#0"},
				"south": {"uv": [5, 0, 6.75, 2], "texture": "#0"}
			}
		},
		{
			"from": [12.21833, 18.67887, 8.0065],
			"to": [15.99933, 22.09287, 8.0065],
			"rotation": {"angle": -45, "axis": "z", "origin": [14.10883, 20.38587, 8.0065]},
			"faces": {
				"north": {"uv": [5, 2, 7, 3.75], "texture": "#0"},
				"south": {"uv": [0, 6, 2, 7.75], "texture": "#0"}
			}
		},
		{
			"from": [2.393, 17.23625, 7.994],
			"to": [5.807, 21.01725, 7.994],
			"rotation": {"angle": -22.5, "axis": "z", "origin": [3.6, 19.12675, 7.994]},
			"faces": {
				"north": {"uv": [5.75, 4, 4, 6], "texture": "#0"},
				"south": {"uv": [6.75, 0, 5, 2], "texture": "#0"}
			}
		},
		{
			"from": [5.193, 18.33625, 7.106],
			"to": [5.807, 20.11725, 8.894],
			"rotation": {"angle": 0, "axis": "y", "origin": [13.68, -0.11275, 2.32]},
			"faces": {
				"north": {"uv": [1.75, 9, 1.5, 10], "texture": "#0"},
				"south": {"uv": [9.25, 4.5, 9, 5.5], "texture": "#0"},
				"west": {"uv": [8.5, 5, 7.5, 6], "texture": "#0"},
				"up": {"uv": [6, 10, 6.25, 9], "texture": "#0"},
				"down": {"uv": [9, 6, 9.25, 7], "texture": "#0"}
			}
		},
		{
			"from": [0.00067, 18.67887, 8.0065],
			"to": [3.78167, 22.09287, 8.0065],
			"rotation": {"angle": 45, "axis": "z", "origin": [1.89117, 20.38587, 8.0065]},
			"faces": {
				"north": {"uv": [7, 2, 5, 3.75], "texture": "#0"},
				"south": {"uv": [2, 6, 0, 7.75], "texture": "#0"}
			}
		},
		{
			"from": [11.621, 4.9345, 7.3965],
			"to": [13.4315, 6.745, 8.6035],
			"rotation": {"angle": 45, "axis": "z", "origin": [8, 1.3135, 8]},
			"faces": {
				"north": {"uv": [7.5, 3, 8.5, 4], "texture": "#0"},
				"east": {"uv": [8.5, 6, 9, 7], "texture": "#0"},
				"south": {"uv": [7.5, 4, 8.5, 5], "texture": "#0"},
				"west": {"uv": [7, 8.5, 7.5, 9.5], "texture": "#0"},
				"up": {"uv": [9.5, 7.5, 8.5, 7], "texture": "#0"},
				"down": {"uv": [8.5, 8.5, 7.5, 9], "texture": "#0"}
			}
		},
		{
			"from": [7.2758, 8.22342, 7.5172],
			"to": [8.7242, 15.82752, 8.4828],
			"rotation": {"angle": 0, "axis": "y", "origin": [8, 4.30067, 8]},
			"faces": {
				"north": {"uv": [2, 6, 2.75, 9.75], "texture": "#0"},
				"east": {"uv": [5, 6, 5.5, 9.75], "texture": "#0"},
				"south": {"uv": [3, 6, 3.75, 9.75], "texture": "#0"},
				"west": {"uv": [5.5, 6, 6, 9.75], "texture": "#0"}
			}
		},
		{
			"from": [17.301, 10.6145, 7.3965],
			"to": [18.8275, 12.141, 8.6035],
			"rotation": {"angle": 45, "axis": "z", "origin": [8, 1.3135, 8]},
			"faces": {
				"north": {"uv": [1, 8, 1.75, 8.75], "texture": "#0"},
				"east": {"uv": [9, 0, 9.5, 0.75], "texture": "#0"},
				"south": {"uv": [8.5, 1.5, 9.25, 2.25], "texture": "#0"},
				"west": {"uv": [1, 9, 1.5, 9.75], "texture": "#0"},
				"up": {"uv": [9.75, 4, 9, 3.5], "texture": "#0"},
				"down": {"uv": [9.75, 4, 9, 4.5], "texture": "#0"}
			}
		},
		{
			"from": [6.793, 15.549, 7.006],
			"to": [9.207, 16.73, 8.994],
			"rotation": {"angle": 0, "axis": "y", "origin": [2.32, 0, 2.32]},
			"faces": {
				"north": {"uv": [7, 8, 8.25, 8.5], "texture": "#0"},
				"east": {"uv": [8.5, 7.5, 9.5, 8], "texture": "#0"},
				"south": {"uv": [8.5, 1, 9.75, 1.5], "texture": "#0"},
				"west": {"uv": [8.5, 8, 9.5, 8.5], "texture": "#0"},
				"up": {"uv": [8.25, 8, 7, 7], "texture": "#0"},
				"down": {"uv": [8.75, 0, 7.5, 1], "texture": "#0"}
			}
		}
	],
	"gui_light": "front",
	"display": {
		"thirdperson_righthand": {
			"rotation": [0, 90, 0],
			"translation": [0, 1.5, 1.5]
		},
		"thirdperson_lefthand": {
			"rotation": [0, 90, 0],
			"translation": [0, 1.5, 1.5]
		},
		"firstperson_righthand": {
			"rotation": [0, 100, 0],
			"translation": [0, 1, 0]
		},
		"firstperson_lefthand": {
			"rotation": [0, 100, 0],
			"translation": [0, 1, 0]
		},
		"gui": {
			"rotation": [-12, 164, 45],
			"translation": [-3, -3, 0],
			"scale": [0.75, 0.75, 0.75]
		},
		"fixed": {
			"translation": [0, -3.25, -0.75]
		}
	}
}