{
	"credit": "Made with Blockbench",
	"texture_size": [64, 64],
	"textures": {
		"0": "custom/pets/baby_yeti"
	},
	"elements": [
		{
			"from": [10, 3.25, 7],
			"to": [12, 7.25, 9],
			"rotation": {"angle": 0, "axis": "y", "origin": [10.25, 6.5, 8]},
			"faces": {
				"north": {"uv": [1.5, 5.5, 2, 6.5], "texture": "#0"},
				"east": {"uv": [5.5, 3, 6, 4], "texture": "#0"},
				"south": {"uv": [7, 2.5, 7.5, 3.5], "texture": "#0"},
				"west": {"uv": [0, 7.25, 0.5, 8.25], "texture": "#0"},
				"up": {"uv": [1.75, 8, 1.25, 7.5], "texture": "#0"},
				"down": {"uv": [2.25, 7.5, 1.75, 8], "texture": "#0"}
			}
		},
		{
			"from": [10, 2, 6],
			"to": [12, 4, 8],
			"rotation": {"angle": 0, "axis": "y", "origin": [10.25, 5.25, 9]},
			"faces": {
				"north": {"uv": [9.5, 0, 10, 0.5], "texture": "#0"},
				"east": {"uv": [9, 0.5, 9.5, 1], "texture": "#0"},
				"south": {"uv": [9.5, 0.5, 10, 1], "texture": "#0"},
				"west": {"uv": [9, 1, 9.5, 1.5], "texture": "#0"},
				"up": {"uv": [9.5, 1, 10, 1.5], "texture": "#0"},
				"down": {"uv": [9, 0, 9.5, 0.5], "texture": "#0"}
			}
		},
		{
			"from": [9.75, 3, 6.75],
			"to": [12.25, 4.5, 9.25],
			"rotation": {"angle": 0, "axis": "y", "origin": [10.25, 6.5, 8]},
			"faces": {
				"north": {"uv": [7.5, 7, 8, 7.25], "texture": "#0"},
				"east": {"uv": [7.75, 1, 8.25, 1.25], "texture": "#0"},
				"south": {"uv": [7.75, 1.25, 8.25, 1.5], "texture": "#0"},
				"west": {"uv": [7.75, 3.5, 8.25, 3.75], "texture": "#0"},
				"up": {"uv": [2.75, 8, 2.25, 7.5], "texture": "#0"},
				"down": {"uv": [8, 2.5, 7.5, 3], "texture": "#0"}
			}
		},
		{
			"from": [4, 3.25, 7],
			"to": [6, 7.25, 9],
			"rotation": {"angle": 0, "axis": "y", "origin": [5.75, 6.5, 8]},
			"faces": {
				"north": {"uv": [2, 5.5, 1.5, 6.5], "texture": "#0"},
				"east": {"uv": [0.5, 7.25, 0, 8.25], "texture": "#0"},
				"south": {"uv": [7.5, 2.5, 7, 3.5], "texture": "#0"},
				"west": {"uv": [6, 3, 5.5, 4], "texture": "#0"},
				"up": {"uv": [1.25, 8, 1.75, 7.5], "texture": "#0"},
				"down": {"uv": [1.75, 7.5, 2.25, 8], "texture": "#0"}
			}
		},
		{
			"from": [3.75, 3, 6.75],
			"to": [6.25, 4.5, 9.25],
			"rotation": {"angle": 0, "axis": "y", "origin": [5.75, 6.5, 8]},
			"faces": {
				"north": {"uv": [8, 7, 7.5, 7.25], "texture": "#0"},
				"east": {"uv": [8.25, 3.5, 7.75, 3.75], "texture": "#0"},
				"south": {"uv": [8.25, 1.25, 7.75, 1.5], "texture": "#0"},
				"west": {"uv": [8.25, 1, 7.75, 1.25], "texture": "#0"},
				"up": {"uv": [2.25, 8, 2.75, 7.5], "texture": "#0"},
				"down": {"uv": [7.5, 2.5, 8, 3], "texture": "#0"}
			}
		},
		{
			"from": [8.75, 10.5, 5.65],
			"to": [11.75, 13.5, 5.65],
			"rotation": {"angle": -45, "axis": "z", "origin": [10, 12, 5.65]},
			"faces": {
				"north": {"uv": [9.75, 4.75, 9, 5.5], "texture": "#0"},
				"east": {"uv": [2, 3, 3.5, 4.75], "texture": "#0"},
				"south": {"uv": [9, 4.75, 9.75, 5.5], "texture": "#0"},
				"west": {"uv": [0, 3.5, 1.5, 5.25], "texture": "#0"},
				"up": {"uv": [4, 1.5, 2, 0], "texture": "#0"},
				"down": {"uv": [4, 1.5, 2, 3], "texture": "#0"}
			}
		},
		{
			"from": [4.25, 10.5, 5.65],
			"to": [7.25, 13.5, 5.65],
			"rotation": {"angle": 45, "axis": "z", "origin": [6, 12, 5.65]},
			"faces": {
				"north": {"uv": [9, 4.75, 9.75, 5.5], "texture": "#0"},
				"east": {"uv": [1.5, 3.5, 0, 5.25], "texture": "#0"},
				"south": {"uv": [9.75, 4.75, 9, 5.5], "texture": "#0"},
				"west": {"uv": [3.5, 3, 2, 4.75], "texture": "#0"},
				"up": {"uv": [2, 1.5, 4, 0], "texture": "#0"},
				"down": {"uv": [2, 1.5, 4, 3], "texture": "#0"}
			}
		},
		{
			"from": [4, 8, 5],
			"to": [12, 15, 11],
			"faces": {
				"north": {"uv": [2, 0, 4, 1.75], "texture": "#0"},
				"east": {"uv": [0, 5.5, 1.5, 7.25], "texture": "#0"},
				"south": {"uv": [2, 1.75, 4, 3.5], "texture": "#0"},
				"west": {"uv": [5.5, 0, 7, 1.75], "texture": "#0"},
				"up": {"uv": [4, 5, 2, 3.5], "texture": "#0"},
				"down": {"uv": [2, 4, 0, 5.5], "texture": "#0"}
			}
		},
		{
			"from": [10, 14, 3],
			"to": [10, 16, 6],
			"rotation": {"angle": -45, "axis": "x", "origin": [10, 15, 5]},
			"faces": {
				"north": {"uv": [0, 0, 0, 0.5], "texture": "#0"},
				"east": {"uv": [7, 3.5, 7.75, 4], "texture": "#0"},
				"south": {"uv": [0, 0, 0, 0.5], "texture": "#0"},
				"west": {"uv": [7.75, 3.5, 7, 4], "texture": "#0"},
				"up": {"uv": [0, 0.75, 0, 0], "texture": "#0"},
				"down": {"uv": [0, 0, 0, 0.75], "texture": "#0"}
			}
		},
		{
			"from": [9, 14, 4],
			"to": [9, 16, 6],
			"rotation": {"angle": -22.5, "axis": "x", "origin": [10, 15, 5]},
			"faces": {
				"north": {"uv": [0, 0, 0, 0.5], "texture": "#0"},
				"east": {"uv": [4.25, 7.5, 3.75, 8], "texture": "#0"},
				"south": {"uv": [0, 0, 0, 0.5], "texture": "#0"},
				"west": {"uv": [3.75, 7.5, 4.25, 8], "texture": "#0"},
				"up": {"uv": [0, 0.5, 0, 0], "texture": "#0"},
				"down": {"uv": [0, 0, 0, 0.5], "texture": "#0"}
			}
		},
		{
			"from": [5, 14, 4],
			"to": [5, 16, 6],
			"rotation": {"angle": -22.5, "axis": "x", "origin": [10, 15, 5]},
			"faces": {
				"north": {"uv": [0, 0, 0, 0.5], "texture": "#0"},
				"east": {"uv": [5.25, 7.5, 4.75, 8], "texture": "#0"},
				"south": {"uv": [0, 0, 0, 0.5], "texture": "#0"},
				"west": {"uv": [4.75, 7.5, 5.25, 8], "texture": "#0"},
				"up": {"uv": [0, 0.5, 0, 0], "texture": "#0"},
				"down": {"uv": [0, 0, 0, 0.5], "texture": "#0"}
			}
		},
		{
			"from": [7, 9.75, 4.5],
			"to": [9, 10.75, 5.5],
			"faces": {
				"north": {"uv": [5.25, 7.5, 5.75, 7.75], "texture": "#0"},
				"east": {"uv": [6.75, 2.5, 7, 2.75], "texture": "#0"},
				"south": {"uv": [7.5, 5.25, 8, 5.5], "texture": "#0"},
				"west": {"uv": [6, 6.75, 6.25, 7], "texture": "#0"},
				"up": {"uv": [8.25, 4, 7.75, 3.75], "texture": "#0"},
				"down": {"uv": [8.25, 4, 7.75, 4.25], "texture": "#0"}
			}
		},
		{
			"from": [6.25, 12, 4.85],
			"to": [7, 12.75, 4.85],
			"rotation": {"angle": 0, "axis": "y", "origin": [0, 0.25, 0]},
			"faces": {
				"north": {"uv": [6, 5.25, 6.25, 5.5], "texture": "#0"},
				"east": {"uv": [0, 0, 0, 0.25], "texture": "#0"},
				"south": {"uv": [7, 4, 7.25, 4.25], "texture": "#0"},
				"west": {"uv": [0, 0, 0, 0.25], "texture": "#0"},
				"up": {"uv": [0.25, 0, 0, 0], "texture": "#0"},
				"down": {"uv": [0.25, 0, 0, 0], "texture": "#0"}
			}
		},
		{
			"from": [5.25, 11, 4.875],
			"to": [6.75, 12.5, 4.875],
			"rotation": {"angle": 0, "axis": "y", "origin": [0, 0.25, 0]},
			"faces": {
				"north": {"uv": [1.25, 7.25, 1.5, 7.5], "texture": "#0"},
				"east": {"uv": [0, 0, 0, 0.25], "texture": "#0"},
				"south": {"uv": [3.75, 7.25, 4, 7.5], "texture": "#0"},
				"west": {"uv": [0, 0, 0, 0.25], "texture": "#0"},
				"up": {"uv": [0.25, 0, 0, 0], "texture": "#0"},
				"down": {"uv": [0.25, 0, 0, 0], "texture": "#0"}
			}
		},
		{
			"from": [4.75, 10.5, 4.9],
			"to": [7.25, 13, 4.9],
			"rotation": {"angle": 0, "axis": "y", "origin": [0, 0.25, 0]},
			"faces": {
				"north": {"uv": [7.5, 5.75, 8, 6.25], "texture": "#0"},
				"east": {"uv": [0, 0, 0, 0.5], "texture": "#0"},
				"south": {"uv": [7.5, 6.25, 8, 6.75], "texture": "#0"},
				"west": {"uv": [0, 0, 0, 0.5], "texture": "#0"},
				"up": {"uv": [0.5, 0, 0, 0], "texture": "#0"},
				"down": {"uv": [0.5, 0, 0, 0], "texture": "#0"}
			}
		},
		{
			"from": [10.25, 12, 4.85],
			"to": [11, 12.75, 4.85],
			"rotation": {"angle": 0, "axis": "y", "origin": [4, 0.25, 0]},
			"faces": {
				"north": {"uv": [6, 5.25, 6.25, 5.5], "texture": "#0"},
				"east": {"uv": [0, 0, 0, 0.25], "texture": "#0"},
				"south": {"uv": [7, 4, 7.25, 4.25], "texture": "#0"},
				"west": {"uv": [0, 0, 0, 0.25], "texture": "#0"},
				"up": {"uv": [0.25, 0, 0, 0], "texture": "#0"},
				"down": {"uv": [0.25, 0, 0, 0], "texture": "#0"}
			}
		},
		{
			"from": [9.25, 11, 4.875],
			"to": [10.75, 12.5, 4.875],
			"rotation": {"angle": 0, "axis": "y", "origin": [4, 0.25, 0]},
			"faces": {
				"north": {"uv": [1.25, 7.25, 1.5, 7.5], "texture": "#0"},
				"east": {"uv": [0, 0, 0, 0.25], "texture": "#0"},
				"south": {"uv": [3.75, 7.25, 4, 7.5], "texture": "#0"},
				"west": {"uv": [0, 0, 0, 0.25], "texture": "#0"},
				"up": {"uv": [0.25, 0, 0, 0], "texture": "#0"},
				"down": {"uv": [0.25, 0, 0, 0], "texture": "#0"}
			}
		},
		{
			"from": [8.75, 10.5, 4.9],
			"to": [11.25, 13, 4.9],
			"rotation": {"angle": 0, "axis": "y", "origin": [4, 0.25, 0]},
			"faces": {
				"north": {"uv": [7.5, 5.75, 8, 6.25], "texture": "#0"},
				"east": {"uv": [0, 0, 0, 0.5], "texture": "#0"},
				"south": {"uv": [7.5, 6.25, 8, 6.75], "texture": "#0"},
				"west": {"uv": [0, 0, 0, 0.5], "texture": "#0"},
				"up": {"uv": [0.5, 0, 0, 0], "texture": "#0"},
				"down": {"uv": [0.5, 0, 0, 0], "texture": "#0"}
			}
		},
		{
			"from": [3.75, 6.75, 4.75],
			"to": [12.25, 15.25, 11.25],
			"faces": {
				"north": {"uv": [0, 0, 2, 2], "texture": "#0"},
				"east": {"uv": [4, 0, 5.5, 2], "texture": "#0"},
				"south": {"uv": [0, 2, 2, 4], "texture": "#0"},
				"west": {"uv": [4, 2, 5.5, 4], "texture": "#0"},
				"up": {"uv": [6, 5.5, 4, 4], "texture": "#0"},
				"down": {"uv": [4, 5, 2, 6.5], "texture": "#0"}
			}
		},
		{
			"from": [1.5, 10, 6.9],
			"to": [4.5, 13, 6.9],
			"rotation": {"angle": -22.5, "axis": "z", "origin": [4, 10, 7]},
			"faces": {
				"north": {"uv": [7, 0, 7.75, 0.75], "texture": "#0"},
				"east": {"uv": [0, 0, 0, 0.75], "texture": "#0"},
				"south": {"uv": [7, 0.75, 7.75, 1.5], "texture": "#0"},
				"west": {"uv": [0, 0, 0, 0.75], "texture": "#0"},
				"up": {"uv": [0.75, 0, 0, 0], "texture": "#0"},
				"down": {"uv": [0.75, 0, 0, 0], "texture": "#0"}
			}
		},
		{
			"from": [11.5, 10, 6.9],
			"to": [14.5, 13, 6.9],
			"rotation": {"angle": 22.5, "axis": "z", "origin": [12, 10, 7]},
			"faces": {
				"north": {"uv": [7.75, 0, 7, 0.75], "texture": "#0"},
				"east": {"uv": [0, 0, 0, 0.75], "texture": "#0"},
				"south": {"uv": [7.75, 0.75, 7, 1.5], "texture": "#0"},
				"west": {"uv": [0, 0, 0, 0.75], "texture": "#0"},
				"up": {"uv": [0, 0, 0.75, 0], "texture": "#0"},
				"down": {"uv": [0, 0, 0.75, 0], "texture": "#0"}
			}
		},
		{
			"from": [5.5, 3, 6],
			"to": [10.5, 8, 10],
			"faces": {
				"north": {"uv": [5.5, 1.75, 6.75, 3], "texture": "#0"},
				"east": {"uv": [5.25, 5.5, 6.25, 6.75], "texture": "#0"},
				"south": {"uv": [4, 5.5, 5.25, 6.75], "texture": "#0"},
				"west": {"uv": [6, 3, 7, 4.25], "texture": "#0"},
				"up": {"uv": [7.25, 5.25, 6, 4.25], "texture": "#0"},
				"down": {"uv": [7.5, 5.25, 6.25, 6.25], "texture": "#0"}
			}
		},
		{
			"from": [5.5, 2, 6],
			"to": [10.5, 3, 6],
			"faces": {
				"north": {"uv": [7, 1.5, 8.25, 1.75], "texture": "#0"},
				"east": {"uv": [0, 0, 0, 0.25], "texture": "#0"},
				"south": {"uv": [8.25, 1.5, 7, 1.75], "texture": "#0"},
				"west": {"uv": [0, 0, 0, 0.25], "texture": "#0"},
				"up": {"uv": [1.25, 0, 0, 0], "texture": "#0"},
				"down": {"uv": [1.25, 0, 0, 0], "texture": "#0"}
			}
		},
		{
			"from": [5.5, 2, 10],
			"to": [10.5, 3, 10],
			"faces": {
				"north": {"uv": [7.75, 7.25, 6.5, 7.5], "texture": "#0"},
				"east": {"uv": [0, 0, 0, 0.25], "texture": "#0"},
				"south": {"uv": [6.5, 7.25, 7.75, 7.5], "texture": "#0"},
				"west": {"uv": [0, 0, 0, 0.25], "texture": "#0"},
				"up": {"uv": [1.25, 0, 0, 0], "texture": "#0"},
				"down": {"uv": [1.25, 0, 0, 0], "texture": "#0"}
			}
		},
		{
			"from": [5.5, 2, 6],
			"to": [5.5, 3, 10],
			"faces": {
				"north": {"uv": [0, 0, 0, 0.25], "texture": "#0"},
				"east": {"uv": [8.5, 6.75, 7.5, 7], "texture": "#0"},
				"south": {"uv": [0, 0, 0, 0.25], "texture": "#0"},
				"west": {"uv": [7.5, 6.75, 8.5, 7], "texture": "#0"},
				"up": {"uv": [0, 1, 0, 0], "texture": "#0"},
				"down": {"uv": [0, 0, 0, 1], "texture": "#0"}
			}
		},
		{
			"from": [10.5, 2, 6],
			"to": [10.5, 3, 10],
			"rotation": {"angle": 0, "axis": "y", "origin": [16, 0, 0]},
			"faces": {
				"north": {"uv": [0, 0, 0, 0.25], "texture": "#0"},
				"east": {"uv": [8.5, 6.75, 7.5, 7], "texture": "#0"},
				"south": {"uv": [0, 0, 0, 0.25], "texture": "#0"},
				"west": {"uv": [7.5, 6.75, 8.5, 7], "texture": "#0"},
				"up": {"uv": [0, 1, 0, 0], "texture": "#0"},
				"down": {"uv": [0, 0, 0, 1], "texture": "#0"}
			}
		},
		{
			"from": [5.25, 4.75, 5.75],
			"to": [10.75, 8.25, 10.25],
			"faces": {
				"north": {"uv": [2.75, 6.5, 4, 7.25], "texture": "#0"},
				"east": {"uv": [4, 6.75, 5, 7.5], "texture": "#0"},
				"south": {"uv": [6.75, 1.75, 8, 2.5], "texture": "#0"},
				"west": {"uv": [5, 6.75, 6, 7.5], "texture": "#0"},
				"up": {"uv": [7.5, 7.25, 6.25, 6.25], "texture": "#0"},
				"down": {"uv": [2.75, 6.5, 1.5, 7.5], "texture": "#0"}
			}
		},
		{
			"from": [8.51, 0.01, 7.01],
			"to": [10.49, 2.99, 8.99],
			"rotation": {"angle": 0, "axis": "y", "origin": [16, 0, 0]},
			"faces": {
				"north": {"uv": [2.75, 7.25, 3.25, 8], "texture": "#0"},
				"east": {"uv": [3.25, 7.25, 3.75, 8], "texture": "#0"},
				"south": {"uv": [7.25, 4, 7.75, 4.75], "texture": "#0"},
				"west": {"uv": [6, 7.25, 6.5, 8], "texture": "#0"},
				"up": {"uv": [8, 8, 7.5, 7.5], "texture": "#0"},
				"down": {"uv": [8.25, 0, 7.75, 0.5], "texture": "#0"}
			}
		},
		{
			"from": [8.25, -0.25, 6.75],
			"to": [10.75, 1.25, 9.25],
			"rotation": {"angle": 0, "axis": "y", "origin": [16, 0, 0]},
			"faces": {
				"north": {"uv": [7.75, 4.25, 8.25, 4.5], "texture": "#0"},
				"east": {"uv": [7.75, 4.5, 8.25, 4.75], "texture": "#0"},
				"south": {"uv": [6.5, 7.75, 7, 8], "texture": "#0"},
				"west": {"uv": [7, 7.75, 7.5, 8], "texture": "#0"},
				"up": {"uv": [1, 8.25, 0.5, 7.75], "texture": "#0"},
				"down": {"uv": [8.25, 0.5, 7.75, 1], "texture": "#0"}
			}
		},
		{
			"from": [5.51, 0.01, 7.01],
			"to": [7.49, 2.99, 8.99],
			"faces": {
				"north": {"uv": [3.25, 7.25, 2.75, 8], "texture": "#0"},
				"east": {"uv": [6.5, 7.25, 6, 8], "texture": "#0"},
				"south": {"uv": [7.75, 4, 7.25, 4.75], "texture": "#0"},
				"west": {"uv": [3.75, 7.25, 3.25, 8], "texture": "#0"},
				"up": {"uv": [7.5, 8, 8, 7.5], "texture": "#0"},
				"down": {"uv": [7.75, 0, 8.25, 0.5], "texture": "#0"}
			}
		},
		{
			"from": [5.25, -0.25, 6.75],
			"to": [7.75, 1.25, 9.25],
			"faces": {
				"north": {"uv": [8.25, 4.25, 7.75, 4.5], "texture": "#0"},
				"east": {"uv": [7.5, 7.75, 7, 8], "texture": "#0"},
				"south": {"uv": [7, 7.75, 6.5, 8], "texture": "#0"},
				"west": {"uv": [8.25, 4.5, 7.75, 4.75], "texture": "#0"},
				"up": {"uv": [0.5, 8.25, 1, 7.75], "texture": "#0"},
				"down": {"uv": [7.75, 0.5, 8.25, 1], "texture": "#0"}
			}
		}
	],
	"display": {
		"thirdperson_righthand": {
			"rotation": [0, 180, 0],
			"translation": [0, 1.5, 0],
			"scale": [0.75, 0.75, 0.75]
		},
		"firstperson_righthand": {
			"rotation": [0, 150, 0],
			"translation": [-1.5, 3.5, 0],
			"scale": [0.75, 0.75, 0.75]
		},
		"gui": {
			"rotation": [0, 180, 0]
		}
	},
	"groups": [
		{
			"name": "baby_yeti",
			"origin": [8, 0, 8],
			"color": 0,
			"children": [
				{
					"name": "body",
					"origin": [8, 3, 8],
					"color": 0,
					"children": [
						{
							"name": "torso",
							"origin": [8, 3, 8],
							"color": 0,
							"children": [
								{
									"name": "right_arm",
									"origin": [10.25, 6.5, 8],
									"color": 0,
									"children": [
										0,
										{
											"name": "snowball",
											"origin": [11, 3, 7],
											"color": 0,
											"children": [1]
										},
										2
									]
								},
								{
									"name": "left_arm",
									"origin": [5.75, 6.5, 8],
									"color": 0,
									"children": [3, 4]
								},
								{
									"name": "h_head",
									"origin": [8, 8, 8],
									"color": 0,
									"children": [
										{
											"name": "h_death",
											"origin": [10, 12, 5.65],
											"color": 0,
											"children": [5, 6]
										},
										7,
										8,
										9,
										10,
										11,
										{
											"name": "h_left_eye",
											"origin": [6, 11.75, 5],
											"color": 0,
											"children": [12, 13, 14]
										},
										{
											"name": "h_right_eye",
											"origin": [10, 11.75, 5],
											"color": 0,
											"children": [15, 16, 17]
										},
										18,
										{
											"name": "h_left_ear",
											"origin": [4, 11.5, 7],
											"color": 0,
											"children": [19]
										},
										{
											"name": "h_right_ear",
											"origin": [12, 11.5, 7],
											"color": 0,
											"children": [20]
										}
									]
								},
								21,
								22,
								23,
								24,
								25,
								26
							]
						},
						{
							"name": "right_leg",
							"origin": [9.5, 3, 8],
							"color": 0,
							"children": [27, 28]
						},
						{
							"name": "left_leg",
							"origin": [6.5, 3, 8],
							"color": 0,
							"children": [29, 30]
						}
					]
				}
			]
		}
	]
}