{
	"credit": "Made with Blockbench",
	"texture_size": [32, 32],
	"textures": {
		"0": "custom/pets/creeper_pet"
	},
	"elements": [
		{
			"name": "left_foot_front",
			"from": [4.75, 0, 3],
			"to": [7.75, 4, 6],
			"rotation": {"angle": 0, "axis": "y", "origin": [-1.75, 1.5, -3.5]},
			"faces": {
				"north": {"uv": [10.516, 9.516, 11.984, 11.484], "texture": "#0"},
				"east": {"uv": [7.016, 11.516, 8.484, 13.484], "texture": "#0"},
				"south": {"uv": [9.016, 12.016, 10.484, 13.984], "texture": "#0"},
				"west": {"uv": [11.016, 12.016, 12.484, 13.984], "texture": "#0"},
				"up": {"uv": [13.984, 6.484, 12.516, 5.016], "texture": "#0"},
				"down": {"uv": [14.484, 12.016, 13.016, 13.484], "texture": "#0"}
			}
		},
		{
			"name": "right_foot_front",
			"from": [8.25, 0, 3],
			"to": [11.25, 4, 6],
			"rotation": {"angle": 0, "axis": "y", "origin": [1.75, 1.5, -3.5]},
			"faces": {
				"north": {"uv": [11.984, 9.516, 10.516, 11.484], "texture": "#0"},
				"east": {"uv": [12.484, 12.016, 11.016, 13.984], "texture": "#0"},
				"south": {"uv": [10.484, 12.016, 9.016, 13.984], "texture": "#0"},
				"west": {"uv": [8.484, 11.516, 7.016, 13.484], "texture": "#0"},
				"up": {"uv": [12.516, 6.484, 13.984, 5.016], "texture": "#0"},
				"down": {"uv": [13.016, 12.016, 14.484, 13.484], "texture": "#0"}
			}
		},
		{
			"name": "left_foot_back",
			"from": [4.75, 0, 10],
			"to": [7.75, 4, 13],
			"rotation": {"angle": 0, "axis": "y", "origin": [-1.75, 3, 2]},
			"faces": {
				"north": {"uv": [12.516, 0.016, 13.984, 1.984], "texture": "#0"},
				"east": {"uv": [12.516, 2.516, 13.984, 4.484], "texture": "#0"},
				"south": {"uv": [4.516, 12.516, 5.984, 14.484], "texture": "#0"},
				"west": {"uv": [12.516, 9.516, 13.984, 11.484], "texture": "#0"},
				"up": {"uv": [1.484, 14.984, 0.016, 13.516], "texture": "#0"},
				"down": {"uv": [3.484, 13.516, 2.016, 14.984], "texture": "#0"}
			}
		},
		{
			"name": "right_foot_back",
			"from": [8.25, 0, 10],
			"to": [11.25, 4, 13],
			"rotation": {"angle": 0, "axis": "y", "origin": [1.75, 3, 2]},
			"faces": {
				"north": {"uv": [13.984, 0.016, 12.516, 1.984], "texture": "#0"},
				"east": {"uv": [13.984, 9.516, 12.516, 11.484], "texture": "#0"},
				"south": {"uv": [5.984, 12.516, 4.516, 14.484], "texture": "#0"},
				"west": {"uv": [13.984, 2.516, 12.516, 4.484], "texture": "#0"},
				"up": {"uv": [0.016, 14.984, 1.484, 13.516], "texture": "#0"},
				"down": {"uv": [2.016, 13.516, 3.484, 14.984], "texture": "#0"}
			}
		},
		{
			"name": "torso",
			"from": [5, 3, 6],
			"to": [11, 9, 10],
			"rotation": {"angle": 0, "axis": "y", "origin": [0, 3, 0]},
			"faces": {
				"north": {"uv": [9.016, 0.016, 11.984, 2.984], "texture": "#0"},
				"east": {"uv": [6.484, 9.016, 4.516, 11.984], "texture": "#0"},
				"south": {"uv": [9.016, 3.516, 11.984, 6.484], "texture": "#0"},
				"west": {"uv": [4.516, 9.016, 6.484, 11.984], "texture": "#0"},
				"up": {"uv": [9.984, 10.984, 7.016, 9.016], "texture": "#0"},
				"down": {"uv": [13.484, 7.016, 10.516, 8.984], "texture": "#0"}
			}
		},
		{
			"name": "head",
			"from": [4, 9, 4],
			"to": [12, 17, 12],
			"rotation": {"angle": 0, "axis": "y", "origin": [0.875, 9, 0]},
			"faces": {
				"north": {"uv": [0.016, 0.016, 3.984, 3.984], "texture": "#0"},
				"east": {"uv": [8.484, 0.016, 4.516, 3.984], "texture": "#0"},
				"south": {"uv": [0.016, 4.516, 3.984, 8.484], "texture": "#0"},
				"west": {"uv": [4.516, 0.016, 8.484, 3.984], "texture": "#0"},
				"up": {"uv": [8.484, 8.484, 4.516, 4.516], "texture": "#0"},
				"down": {"uv": [3.984, 9.016, 0.016, 12.984], "texture": "#0"}
			}
		}
	],
	"display": {
		"thirdperson_righthand": {
			"rotation": [27, 180, 0],
			"scale": [0.5, 0.5, 0.5]
		},
		"firstperson_righthand": {
			"rotation": [-10, 145, 9],
			"translation": [0, 1, 0],
			"scale": [0.5, 0.5, 0.5]
		},
		"ground": {
			"translation": [0, 1.5, 0]
		},
		"gui": {
			"rotation": [0, 180, 0],
			"translation": [0, -0.25, 0],
			"scale": [0.9, 0.9, 0.9]
		},
		"head": {
			"translation": [0, -23, 0],
			"scale": [1.5, 1.5, 1.5]
		}
	},
	"groups": [
		{
			"name": "creeper_pet",
			"origin": [0, 0, 0],
			"color": 6,
			"children": [
				{
					"name": "left_foot_front",
					"origin": [-1.75, 3, -2],
					"color": 5,
					"children": [0]
				},
				{
					"name": "right_foot_front",
					"origin": [1.75, 3, -2],
					"color": 5,
					"children": [1]
				},
				{
					"name": "left_foot_back",
					"origin": [-1.75, 3, 2],
					"color": 4,
					"children": [2]
				},
				{
					"name": "right_foot_back",
					"origin": [1.75, 3, 2],
					"color": 4,
					"children": [3]
				},
				{
					"name": "torso",
					"origin": [0, 3, 0],
					"color": 6,
					"children": [
						4,
						{
							"name": "h_head",
							"origin": [0, 9, 0],
							"color": 6,
							"children": [5]
						}
					]
				},
				{
					"name": "hitbox",
					"origin": [0, 14, 0],
					"color": 0,
					"children": [6]
				}
			]
		}
	]
}