{
	"credit": "Made with Blockbench",
	"texture_size": [32, 32],
	"textures": {
		"0": "custom/pets/micro_ghast_texture",
		"particle": "custom/pets/micro_ghast_texture"
	},
	"elements": [
		{
			"name": "head",
			"from": [4, 9, 4],
			"to": [12, 17, 12],
			"rotation": {"angle": 0, "axis": "y", "origin": [0, 17, 0]},
			"faces": {
				"north": {"uv": [0.016, 0.016, 3.984, 3.984], "texture": "#0"},
				"east": {"uv": [8.484, 0.016, 4.516, 3.984], "texture": "#0"},
				"south": {"uv": [0.016, 4.516, 3.984, 8.484], "texture": "#0"},
				"west": {"uv": [4.516, 0.016, 8.484, 3.984], "texture": "#0"},
				"up": {"uv": [8.484, 8.468, 4.516, 4.5], "texture": "#0"},
				"down": {"uv": [3.984, 9, 0.016, 12.968], "texture": "#0"}
			}
		},
		{
			"name": "head_layer",
			"from": [3.65, 8.65, 3.65],
			"to": [12.35, 17.35, 12.35],
			"rotation": {"angle": 0, "axis": "y", "origin": [0, 17, 0]},
			"faces": {
				"east": {"uv": [16, 6.016, 12.032, 9.984], "texture": "#0"},
				"west": {"uv": [12.032, 6.016, 16, 9.984], "texture": "#0"},
				"up": {"uv": [16, 14.468, 12.032, 10.5], "texture": "#0"}
			}
		},
		{
			"name": "f_mid_tentacle",
			"from": [7.35, 3.35, 4.85],
			"to": [8.65, 10.65, 6.15],
			"rotation": {"angle": 0, "axis": "y", "origin": [0, 13.5, -2.5]},
			"faces": {
				"north": {"uv": [9.016, 0.016, 9.484, 3.484], "texture": "#0"},
				"east": {"uv": [9.016, 4.016, 9.484, 7.484], "texture": "#0"},
				"south": {"uv": [4.516, 9.016, 4.984, 12.484], "texture": "#0"},
				"west": {"uv": [5.516, 9.016, 5.984, 12.484], "texture": "#0"},
				"up": {"uv": [13.484, 0.468, 13.016, 0], "texture": "#0"},
				"down": {"uv": [13.984, 1, 13.516, 1.468], "texture": "#0"}
			}
		},
		{
			"name": "b_mid_tentacle",
			"from": [7.35, 3.35, 9.85],
			"to": [8.65, 10.65, 11.15],
			"rotation": {"angle": 0, "axis": "y", "origin": [0, 13.5, 2.5]},
			"faces": {
				"north": {"uv": [4.984, 9.016, 4.516, 12.484], "texture": "#0"},
				"east": {"uv": [9.484, 4.016, 9.016, 7.484], "texture": "#0"},
				"south": {"uv": [9.484, 0.016, 9.016, 3.484], "texture": "#0"},
				"west": {"uv": [5.984, 9.016, 5.516, 12.484], "texture": "#0"},
				"up": {"uv": [13.484, 0, 13.016, 0.468], "texture": "#0"},
				"down": {"uv": [13.984, 1.468, 13.516, 1], "texture": "#0"}
			}
		},
		{
			"name": "m_left_tentacle",
			"from": [5.1, 3.35, 7.35],
			"to": [6.4, 10.65, 8.65],
			"rotation": {"angle": 0, "axis": "y", "origin": [-2.25, 13, 0]},
			"faces": {
				"north": {"uv": [6.516, 9.016, 6.984, 12.484], "texture": "#0"},
				"east": {"uv": [7.516, 9.016, 7.984, 12.484], "texture": "#0"},
				"south": {"uv": [9.016, 8.016, 9.484, 11.484], "texture": "#0"},
				"west": {"uv": [10.016, 0.016, 10.484, 3.484], "texture": "#0"},
				"up": {"uv": [8.984, 12.468, 8.516, 12], "texture": "#0"},
				"down": {"uv": [13.484, 2, 13.016, 2.468], "texture": "#0"}
			}
		},
		{
			"name": "m_right_tentacle",
			"from": [9.6, 3.35, 7.35],
			"to": [10.9, 10.65, 8.65],
			"rotation": {"angle": 0, "axis": "y", "origin": [2.25, 13, 0]},
			"faces": {
				"north": {"uv": [6.984, 9.016, 6.516, 12.484], "texture": "#0"},
				"east": {"uv": [10.484, 0.016, 10.016, 3.484], "texture": "#0"},
				"south": {"uv": [9.484, 8.016, 9.016, 11.484], "texture": "#0"},
				"west": {"uv": [7.984, 9.016, 7.516, 12.484], "texture": "#0"},
				"up": {"uv": [8.516, 12.468, 8.984, 12], "texture": "#0"},
				"down": {"uv": [13.016, 2, 13.484, 2.468], "texture": "#0"}
			}
		},
		{
			"name": "m_mid_tentacle",
			"from": [7.25, 2.75, 7.25],
			"to": [8.75, 10.25, 8.75],
			"rotation": {"angle": 0, "axis": "y", "origin": [0, 13, 0]},
			"faces": {
				"north": {"uv": [10.016, 4.016, 10.484, 7.484], "texture": "#0"},
				"east": {"uv": [10.016, 8.016, 10.484, 11.484], "texture": "#0"},
				"south": {"uv": [11.016, 0.016, 11.484, 3.484], "texture": "#0"},
				"west": {"uv": [11.016, 4.016, 11.484, 7.484], "texture": "#0"},
				"up": {"uv": [9.984, 12.468, 9.516, 12], "texture": "#0"},
				"down": {"uv": [13.484, 3, 13.016, 3.468], "texture": "#0"}
			}
		},
		{
			"name": "f_left_tentacle",
			"from": [5.5, 4, 5],
			"to": [6.5, 10, 6],
			"rotation": {"angle": 0, "axis": "y", "origin": [-2, 13.5, -2.5]},
			"faces": {
				"north": {"uv": [11.016, 8.016, 11.484, 10.984], "texture": "#0"},
				"east": {"uv": [14.532, 0, 15, 2.968], "texture": "#0"},
				"south": {"uv": [12.016, 0.016, 12.484, 2.984], "texture": "#0"},
				"west": {"uv": [15.516, 0, 15.984, 2.968], "texture": "#0"},
				"up": {"uv": [13.484, 4.468, 13.016, 4], "texture": "#0"},
				"down": {"uv": [13.484, 5, 13.016, 5.468], "texture": "#0"}
			}
		},
		{
			"name": "b_left_tentacle",
			"from": [5.5, 4, 10],
			"to": [6.5, 10, 11],
			"rotation": {"angle": 0, "axis": "y", "origin": [-2, 13.5, 2.5]},
			"faces": {
				"north": {"uv": [12.484, 0.016, 12.016, 2.984], "texture": "#0"},
				"east": {"uv": [15, 0, 14.532, 2.968], "texture": "#0"},
				"south": {"uv": [11.484, 8.016, 11.016, 10.984], "texture": "#0"},
				"west": {"uv": [15.984, 0, 15.516, 2.968], "texture": "#0"},
				"up": {"uv": [13.484, 4, 13.016, 4.468], "texture": "#0"},
				"down": {"uv": [13.484, 5.468, 13.016, 5], "texture": "#0"}
			}
		},
		{
			"name": "f_right_tentacle",
			"from": [9.5, 4, 5],
			"to": [10.5, 10, 6],
			"rotation": {"angle": 0, "axis": "y", "origin": [2, 13, -2.5]},
			"faces": {
				"north": {"uv": [11.484, 8.016, 11.016, 10.984], "texture": "#0"},
				"east": {"uv": [16, 0, 15.532, 2.968], "texture": "#0"},
				"south": {"uv": [12.484, 0.016, 12.016, 2.984], "texture": "#0"},
				"west": {"uv": [14.984, 0, 14.516, 2.968], "texture": "#0"},
				"up": {"uv": [13.016, 4.468, 13.484, 4], "texture": "#0"},
				"down": {"uv": [13.016, 5, 13.484, 5.468], "texture": "#0"}
			}
		},
		{
			"name": "b_right_tentacle",
			"from": [9.5, 4, 10],
			"to": [10.5, 10, 11],
			"rotation": {"angle": 0, "axis": "y", "origin": [2, 13, 2.5]},
			"faces": {
				"north": {"uv": [12.016, 0.016, 12.484, 2.984], "texture": "#0"},
				"east": {"uv": [15.532, 0, 16, 2.968], "texture": "#0"},
				"south": {"uv": [11.016, 8.016, 11.484, 10.984], "texture": "#0"},
				"west": {"uv": [14.516, 0, 14.984, 2.968], "texture": "#0"},
				"up": {"uv": [13.016, 4, 13.484, 4.468], "texture": "#0"},
				"down": {"uv": [13.016, 5.468, 13.484, 5], "texture": "#0"}
			}
		}
	],
	"display": {
		"thirdperson_righthand": {
			"rotation": [36, 180, 0],
			"translation": [0, 1, 0],
			"scale": [0.5, 0.5, 0.5]
		},
		"firstperson_righthand": {
			"rotation": [-7, 141, -7],
			"translation": [1.75, 1.25, 0],
			"scale": [0.5, 0.5, 0.5]
		},
		"ground": {
			"scale": [0.75, 0.75, 0.75]
		},
		"gui": {
			"rotation": [0, 180, 0],
			"translation": [0, -2, 0]
		},
		"head": {
			"translation": [0, -26, 0],
			"scale": [1.75, 1.75, 1.75]
		},
		"fixed": {
			"translation": [0, -2, 0]
		}
	},
	"groups": [
		{
			"name": "micro_ghast",
			"origin": [0, 17, 0],
			"color": 1,
			"children": [
				{
					"name": "h_head",
					"origin": [0, 17, 0],
					"color": 0,
					"children": [0, 1]
				},
				{
					"name": "f_mid_tentacle",
					"origin": [0, 13.5, -2.5],
					"color": 2,
					"children": [2]
				},
				{
					"name": "b_mid_tentacle",
					"origin": [0, 13.5, 2.5],
					"color": 2,
					"children": [3]
				},
				{
					"name": "m_left_tentacle",
					"origin": [-2.25, 13.5, 0],
					"color": 6,
					"children": [4]
				},
				{
					"name": "m_right_tentacle",
					"origin": [2.25, 13.5, 0],
					"color": 6,
					"children": [5]
				},
				{
					"name": "m_mid_tentacle",
					"origin": [0, 13.5, 0],
					"color": 5,
					"children": [6]
				},
				{
					"name": "f_left_tentacle",
					"origin": [-2, 13.5, -2.5],
					"color": 3,
					"children": [7]
				},
				{
					"name": "b_left_tentacle",
					"origin": [-2, 13.5, 2.5],
					"color": 3,
					"children": [8]
				},
				{
					"name": "f_right_tentacle",
					"origin": [2, 13.5, -2.5],
					"color": 3,
					"children": [9]
				},
				{
					"name": "b_right_tentacle",
					"origin": [2, 13.5, 2.5],
					"color": 3,
					"children": [10]
				},
				{
					"name": "hitbox",
					"origin": [0, 17, 0],
					"color": 0,
					"children": [11]
				}
			]
		}
	]
}