{
	"credit": "Made with Blockbench",
	"texture_size": [64, 64],
	"textures": {
		"1": "custom/pets/ice_knight"
	},
	"elements": [
		{
			"from": [10, 3.25, 7],
			"to": [12, 7.25, 9],
			"rotation": {"angle": 0, "axis": "y", "origin": [10.25, 6.5, 8]},
			"faces": {
				"north": {"uv": [1.5, 6.25, 2, 7.25], "texture": "#1"},
				"east": {"uv": [6.25, 1.5, 6.75, 2.5], "texture": "#1"},
				"south": {"uv": [2, 6.25, 2.5, 7.25], "texture": "#1"},
				"west": {"uv": [2.5, 6.5, 3, 7.5], "texture": "#1"},
				"up": {"uv": [7.25, 2, 6.75, 1.5], "texture": "#1"},
				"down": {"uv": [7.25, 2, 6.75, 2.5], "texture": "#1"}
			}
		},
		{
			"from": [9.75, 3, 6.75],
			"to": [12.25, 5.5, 9.25],
			"rotation": {"angle": 0, "axis": "y", "origin": [10.25, 6.5, 8]},
			"faces": {
				"north": {"uv": [6.75, 3, 7.25, 3.5], "texture": "#1"},
				"east": {"uv": [6.75, 3.5, 7.25, 4], "texture": "#1"},
				"south": {"uv": [6.75, 4, 7.25, 4.5], "texture": "#1"},
				"west": {"uv": [3.5, 7, 4, 7.5], "texture": "#1"},
				"up": {"uv": [4.5, 7.5, 4, 7], "texture": "#1"},
				"down": {"uv": [5, 7, 4.5, 7.5], "texture": "#1"}
			}
		},
		{
			"from": [4, 3.25, 7],
			"to": [6, 7.25, 9],
			"rotation": {"angle": 0, "axis": "y", "origin": [5.75, 6.5, 8]},
			"faces": {
				"north": {"uv": [2, 6.25, 1.5, 7.25], "texture": "#1"},
				"east": {"uv": [3, 6.5, 2.5, 7.5], "texture": "#1"},
				"south": {"uv": [2.5, 6.25, 2, 7.25], "texture": "#1"},
				"west": {"uv": [6.75, 1.5, 6.25, 2.5], "texture": "#1"},
				"up": {"uv": [6.75, 2, 7.25, 1.5], "texture": "#1"},
				"down": {"uv": [6.75, 2, 7.25, 2.5], "texture": "#1"}
			}
		},
		{
			"from": [3.75, 3, 6.75],
			"to": [6.25, 5.5, 9.25],
			"rotation": {"angle": 0, "axis": "y", "origin": [5.75, 6.5, 8]},
			"faces": {
				"north": {"uv": [7.25, 3, 6.75, 3.5], "texture": "#1"},
				"east": {"uv": [4, 7, 3.5, 7.5], "texture": "#1"},
				"south": {"uv": [7.25, 4, 6.75, 4.5], "texture": "#1"},
				"west": {"uv": [7.25, 3.5, 6.75, 4], "texture": "#1"},
				"up": {"uv": [4, 7.5, 4.5, 7], "texture": "#1"},
				"down": {"uv": [4.5, 7, 5, 7.5], "texture": "#1"}
			}
		},
		{
			"from": [8.75, 9.5, 5.4],
			"to": [11.75, 12.5, 5.4],
			"rotation": {"angle": -45, "axis": "z", "origin": [10, 11, 5.4]},
			"faces": {
				"north": {"uv": [9.75, 4.75, 9, 5.5], "texture": "#1"},
				"east": {"uv": [2, 3, 3.5, 4.75], "texture": "#1"},
				"south": {"uv": [9, 4.75, 9.75, 5.5], "texture": "#1"},
				"west": {"uv": [0, 3.5, 1.5, 5.25], "texture": "#1"},
				"up": {"uv": [4, 1.5, 2, 0], "texture": "#1"},
				"down": {"uv": [4, 1.5, 2, 3], "texture": "#1"}
			}
		},
		{
			"from": [4.25, 9.5, 5.4],
			"to": [7.25, 12.5, 5.4],
			"rotation": {"angle": 45, "axis": "z", "origin": [6, 11, 5.4]},
			"faces": {
				"north": {"uv": [9, 4.75, 9.75, 5.5], "texture": "#1"},
				"east": {"uv": [1.5, 3.5, 0, 5.25], "texture": "#1"},
				"south": {"uv": [9.75, 4.75, 9, 5.5], "texture": "#1"},
				"west": {"uv": [3.5, 3, 2, 4.75], "texture": "#1"},
				"up": {"uv": [2, 1.5, 4, 0], "texture": "#1"},
				"down": {"uv": [2, 1.5, 4, 3], "texture": "#1"}
			}
		},
		{
			"from": [4, 8, 4.5],
			"to": [12, 15, 11.5],
			"faces": {
				"north": {"uv": [0, 0, 2, 1.75], "texture": "#1"},
				"east": {"uv": [0, 3.5, 1.75, 5.25], "texture": "#1"},
				"south": {"uv": [0, 1.75, 2, 3.5], "texture": "#1"},
				"west": {"uv": [1.75, 3.5, 3.5, 5.25], "texture": "#1"},
				"up": {"uv": [4, 1.75, 2, 0], "texture": "#1"},
				"down": {"uv": [4, 1.75, 2, 3.5], "texture": "#1"}
			}
		},
		{
			"from": [3.5, 7.5, 4],
			"to": [12.5, 15.5, 12],
			"faces": {
				"north": {"uv": [12, 0, 14, 1.75], "texture": "#1"},
				"east": {"uv": [12, 3.5, 13.75, 5.25], "texture": "#1"},
				"south": {"uv": [12, 1.75, 14, 3.5], "texture": "#1"},
				"west": {"uv": [13.75, 3.5, 15.5, 5.25], "texture": "#1"},
				"up": {"uv": [16, 1.75, 14, 0], "texture": "#1"},
				"down": {"uv": [16, 1.75, 14, 3.5], "texture": "#1"}
			}
		},
		{
			"from": [8, 15.25, 6],
			"to": [8, 17.25, 8],
			"faces": {
				"north": {"uv": [0, 0, 2, 1.75], "texture": "#1"},
				"east": {"uv": [8, 5.75, 7.5, 6.25], "texture": "#1"},
				"south": {"uv": [0, 1.75, 2, 3.5], "texture": "#1"},
				"west": {"uv": [7.5, 5.75, 8, 6.25], "texture": "#1"},
				"up": {"uv": [4, 1.75, 2, 0], "texture": "#1"},
				"down": {"uv": [4, 1.75, 2, 3.5], "texture": "#1"}
			}
		},
		{
			"from": [3, 9.25, 3.25],
			"to": [13, 14.25, 9.25],
			"rotation": {"angle": 0, "axis": "y", "origin": [8, 10.75, 7.25]},
			"faces": {
				"north": {"uv": [4, 1.25, 6.25, 2.25], "texture": "#1"},
				"east": {"uv": [0, 5.25, 1.25, 6.25], "texture": "#1"},
				"south": {"uv": [4, 2.25, 6.25, 3.25], "texture": "#1"},
				"west": {"uv": [1.25, 5.25, 2.5, 6.25], "texture": "#1"},
				"up": {"uv": [5.75, 4.75, 3.5, 3.5], "texture": "#1"},
				"down": {"uv": [6.25, 0, 4, 1.25], "texture": "#1"}
			}
		},
		{
			"from": [5.5, 3, 6],
			"to": [10.5, 8, 10],
			"faces": {
				"north": {"uv": [3.5, 4.75, 4.75, 6], "texture": "#1"},
				"east": {"uv": [2.5, 5.25, 3.5, 6.5], "texture": "#1"},
				"south": {"uv": [4.75, 4.75, 6, 6], "texture": "#1"},
				"west": {"uv": [5.75, 3.25, 6.75, 4.5], "texture": "#1"},
				"up": {"uv": [4.75, 7, 3.5, 6], "texture": "#1"},
				"down": {"uv": [7.25, 4.5, 6, 5.5], "texture": "#1"}
			}
		},
		{
			"from": [5.25, 5.75, 5.75],
			"to": [10.75, 8.25, 10.25],
			"rotation": {"angle": 0, "axis": "y", "origin": [8, 7, 8]},
			"faces": {
				"north": {"uv": [6.25, 0.5, 7.5, 1], "texture": "#1"},
				"east": {"uv": [6.25, 2.5, 7.25, 3], "texture": "#1"},
				"south": {"uv": [6.25, 1, 7.5, 1.5], "texture": "#1"},
				"west": {"uv": [6, 6.5, 7, 7], "texture": "#1"},
				"up": {"uv": [6, 7, 4.75, 6], "texture": "#1"},
				"down": {"uv": [7.25, 5.5, 6, 6.5], "texture": "#1"}
			}
		},
		{
			"from": [8.51, 0.01, 7.01],
			"to": [10.49, 2.99, 8.99],
			"rotation": {"angle": 0, "axis": "y", "origin": [16, 0, 0]},
			"faces": {
				"north": {"uv": [3, 6.5, 3.5, 7.25], "texture": "#1"},
				"east": {"uv": [0, 6.75, 0.5, 7.5], "texture": "#1"},
				"south": {"uv": [0.5, 6.75, 1, 7.5], "texture": "#1"},
				"west": {"uv": [1, 6.75, 1.5, 7.5], "texture": "#1"},
				"up": {"uv": [7, 7.5, 6.5, 7], "texture": "#1"},
				"down": {"uv": [7.5, 6.5, 7, 7], "texture": "#1"}
			}
		},
		{
			"from": [5.51, 0.01, 7.01],
			"to": [7.49, 2.99, 8.99],
			"faces": {
				"north": {"uv": [3.5, 6.5, 3, 7.25], "texture": "#1"},
				"east": {"uv": [1.5, 6.75, 1, 7.5], "texture": "#1"},
				"south": {"uv": [1, 6.75, 0.5, 7.5], "texture": "#1"},
				"west": {"uv": [0.5, 6.75, 0, 7.5], "texture": "#1"},
				"up": {"uv": [6.5, 7.5, 7, 7], "texture": "#1"},
				"down": {"uv": [7, 6.5, 7.5, 7], "texture": "#1"}
			}
		}
	],
	"display": {
		"thirdperson_righthand": {
			"rotation": [0, 180, 0],
			"translation": [0, 1.25, 0],
			"scale": [0.7, 0.7, 0.7]
		},
		"firstperson_righthand": {
			"rotation": [0, 150, 0],
			"translation": [-1.5, 3.75, 0],
			"scale": [0.7, 0.7, 0.7]
		},
		"gui": {
			"rotation": [0, 180, 0]
		}
	},
	"groups": [
		{
			"name": "ice_knight",
			"origin": [8, 0, 8],
			"color": 0,
			"children": [
				{
					"name": "body",
					"origin": [8, 3, 8],
					"color": 0,
					"children": [
						{
							"name": "torso",
							"origin": [8, 3, 8],
							"color": 0,
							"children": [
								{
									"name": "right_arm",
									"origin": [10.25, 6.5, 8],
									"color": 0,
									"children": [0, 1]
								},
								{
									"name": "left_arm",
									"origin": [5.75, 6.5, 8],
									"color": 0,
									"children": [2, 3]
								},
								{
									"name": "h_head",
									"origin": [8, 8, 8],
									"color": 0,
									"children": [
										{
											"name": "h_death",
											"origin": [10, 11, 5.4],
											"color": 0,
											"children": [4, 5]
										},
										6,
										7,
										8,
										{
											"name": "h_mask",
											"origin": [8, 11.75, 8.25],
											"color": 0,
											"children": [9]
										}
									]
								},
								10,
								11
							]
						},
						{
							"name": "right_leg",
							"origin": [9.5, 3, 8],
							"color": 0,
							"children": [12]
						},
						{
							"name": "left_leg",
							"origin": [6.5, 3, 8],
							"color": 0,
							"children": [13]
						}
					]
				}
			]
		}
	]
}