{
	"credit": "Made with Blockbench",
	"texture_size": [64, 64],
	"textures": {
		"2": "custom/pets/cute_villager"
	},
	"elements": [
		{
			"name": "leg1",
			"from": [4.75, 0, 6.325],
			"to": [7.675, 4.2, 9.725],
			"faces": {
				"north": {"uv": [5.25, 8.75, 6, 10], "texture": "#2"},
				"east": {"uv": [3, 5, 4, 6.25], "texture": "#2"},
				"south": {"uv": [9.25, 0, 10, 1.25], "texture": "#2"},
				"west": {"uv": [8.75, 2, 9.75, 3.25], "texture": "#2"},
				"up": {"uv": [8.25, 10.5, 7.5, 9.5], "texture": "#2"},
				"down": {"uv": [10.25, 9, 9.5, 10], "texture": "#2"}
			}
		},
		{
			"name": "leg2",
			"from": [8.325, 0, 6.325],
			"to": [11.25, 4.2, 9.725],
			"faces": {
				"north": {"uv": [6, 8.75, 5.25, 10], "texture": "#2"},
				"east": {"uv": [9.75, 2, 8.75, 3.25], "texture": "#2"},
				"south": {"uv": [10, 0, 9.25, 1.25], "texture": "#2"},
				"west": {"uv": [4, 5, 3, 6.25], "texture": "#2"},
				"up": {"uv": [7.5, 10.5, 8.25, 9.5], "texture": "#2"},
				"down": {"uv": [9.5, 9, 10.25, 10], "texture": "#2"}
			}
		},
		{
			"name": "arms",
			"from": [4.95, 3.45838, 6.73656],
			"to": [11.15, 7.05838, 9.93656],
			"rotation": {"angle": 0, "axis": "y", "origin": [0, -4.21544, -8.08962]},
			"faces": {
				"north": {"uv": [6, 8.25, 7.5, 9.25], "texture": "#2"},
				"east": {"uv": [4.25, 8.75, 5.25, 9.75], "texture": "#2"},
				"south": {"uv": [8.5, 4, 10, 5], "texture": "#2"},
				"west": {"uv": [8.5, 9, 9.5, 10], "texture": "#2"},
				"up": {"uv": [10, 6, 8.5, 5], "texture": "#2"},
				"down": {"uv": [10, 6, 8.5, 7], "texture": "#2"}
			}
		},
		{
			"name": "arms",
			"from": [2.7, 3.45838, 6.73656],
			"to": [4.95, 11.05838, 9.93656],
			"rotation": {"angle": 0, "axis": "y", "origin": [1.2, -4.21544, -8.08962]},
			"faces": {
				"north": {"uv": [8.5, 7, 9.25, 9], "texture": "#2"},
				"east": {"uv": [7.5, 5.5, 8.5, 7.5], "texture": "#2"},
				"south": {"uv": [0, 8.75, 0.75, 10.75], "texture": "#2"},
				"west": {"uv": [7.5, 7.5, 8.5, 9.5], "texture": "#2"},
				"up": {"uv": [10, 8, 9.25, 7], "texture": "#2"},
				"down": {"uv": [10, 8, 9.25, 9], "texture": "#2"}
			}
		},
		{
			"name": "arms",
			"from": [11.05, 3.45838, 6.73656],
			"to": [13.3, 11.05838, 9.93656],
			"rotation": {"angle": 0, "axis": "y", "origin": [-1.2, -4.21544, -8.08962]},
			"faces": {
				"north": {"uv": [9.25, 7, 8.5, 9], "texture": "#2"},
				"east": {"uv": [8.5, 7.5, 7.5, 9.5], "texture": "#2"},
				"south": {"uv": [0.75, 8.75, 0, 10.75], "texture": "#2"},
				"west": {"uv": [8.5, 5.5, 7.5, 7.5], "texture": "#2"},
				"up": {"uv": [9.25, 8, 10, 7], "texture": "#2"},
				"down": {"uv": [9.25, 8, 10, 9], "texture": "#2"}
			}
		},
		{
			"name": "body",
			"from": [5.125, 3.7, 5],
			"to": [11, 12, 11],
			"faces": {
				"north": {"uv": [4, 4.5, 5.5, 6.75], "texture": "#2"},
				"east": {"uv": [0, 5, 1.5, 7.25], "texture": "#2"},
				"south": {"uv": [1.5, 5, 3, 7.25], "texture": "#2"},
				"west": {"uv": [5.5, 4.5, 7, 6.75], "texture": "#2"},
				"up": {"uv": [7.5, 8.25, 6, 6.75], "texture": "#2"},
				"down": {"uv": [8.5, 4, 7, 5.5], "texture": "#2"}
			}
		},
		{
			"name": "body",
			"from": [4.625, 3.7, 4.5],
			"to": [11.5, 12.5, 11.5],
			"faces": {
				"north": {"uv": [6.25, 2, 7.75, 4], "texture": "#2"},
				"east": {"uv": [6.75, 0, 8.25, 2], "texture": "#2"},
				"south": {"uv": [3, 6.75, 4.5, 8.75], "texture": "#2"},
				"west": {"uv": [4.5, 6.75, 6, 8.75], "texture": "#2"},
				"up": {"uv": [1.5, 8.75, 0, 7.25], "texture": "#2"},
				"down": {"uv": [3, 7.25, 1.5, 8.75], "texture": "#2"}
			}
		},
		{
			"name": "head",
			"from": [3.8, 11.6, 4],
			"to": [12.3, 21.6, 12],
			"rotation": {"angle": 0, "axis": "y", "origin": [0, -12.4, 0]},
			"faces": {
				"north": {"uv": [0, 0, 2.25, 2.5], "texture": "#2"},
				"east": {"uv": [0, 2.5, 2, 5], "texture": "#2"},
				"south": {"uv": [2.25, 0, 4.5, 2.5], "texture": "#2"},
				"west": {"uv": [2, 2.5, 4, 5], "texture": "#2"},
				"up": {"uv": [6.25, 4.5, 4, 2.5], "texture": "#2"},
				"down": {"uv": [6.75, 0, 4.5, 2], "texture": "#2"}
			}
		},
		{
			"name": "head",
			"from": [3.8, 14.6, 4.1],
			"to": [12.3, 17.6, 4.1],
			"rotation": {"angle": 0, "axis": "y", "origin": [0, -12.4, 0.1]},
			"faces": {
				"north": {"uv": [0, 11.75, 2.25, 12.5], "texture": "#2"},
				"east": {"uv": [0, 2.5, 2, 5], "texture": "#2"},
				"south": {"uv": [2.25, 0, 4.5, 2.5], "texture": "#2"},
				"west": {"uv": [2, 2.5, 4, 5], "texture": "#2"},
				"up": {"uv": [6.25, 4.5, 4, 2.5], "texture": "#2"},
				"down": {"uv": [6.75, 0, 4.5, 2], "texture": "#2"}
			}
		},
		{
			"name": "nose",
			"from": [6.8, 11.85, 2],
			"to": [9.3, 14.6, 4],
			"rotation": {"angle": 0, "axis": "y", "origin": [0, -12.4, 0]},
			"faces": {
				"north": {"uv": [8.75, 3.25, 9.5, 4], "texture": "#2"},
				"east": {"uv": [7, 5.5, 7.5, 6.25], "texture": "#2"},
				"south": {"uv": [9.5, 3.25, 10.25, 4], "texture": "#2"},
				"west": {"uv": [9.25, 1.25, 9.75, 2], "texture": "#2"},
				"up": {"uv": [5.25, 2.5, 4.5, 2], "texture": "#2"},
				"down": {"uv": [6, 2, 5.25, 2.5], "texture": "#2"}
			}
		}
	],
	"display": {
		"thirdperson_righthand": {
			"rotation": [0, 180, 0],
			"scale": [0.5, 0.5, 0.5]
		},
		"firstperson_righthand": {
			"rotation": [0, 136, 0],
			"translation": [0, 2.75, 0],
			"scale": [0.3, 0.3, 0.3]
		},
		"ground": {
			"translation": [0, 3.25, 0]
		},
		"gui": {
			"rotation": [0, 180, 0],
			"translation": [0, -2.25, 0],
			"scale": [0.8, 0.8, 0.8]
		},
		"head": {
			"translation": [0, -30, 0],
			"scale": [1.5, 1.5, 1.5]
		},
		"fixed": {
			"translation": [0, -3.25, 0]
		}
	},
	"groups": [
		{
			"name": "all",
			"origin": [0, 0, 0],
			"color": 0,
			"children": [
				{
					"name": "LeftLeg",
					"origin": [-1.7875, 2.1, 0.025],
					"color": 0,
					"children": [0]
				},
				{
					"name": "RightLeg",
					"origin": [1.7875, 2.1, 0.025],
					"color": 0,
					"children": [1]
				},
				{
					"name": "arms",
					"origin": [0.01667, 10.12725, 1.04367],
					"color": 0,
					"children": [2, 3, 4]
				},
				{
					"name": "body",
					"origin": [0, 0, 0],
					"color": 0,
					"children": [5, 6]
				},
				{
					"name": "head",
					"origin": [0.05, 11.85, 0],
					"color": 0,
					"children": [
						7,
						{
							"name": "eyes",
							"origin": [0.05, 16.6, -3.9],
							"color": 0,
							"children": [8]
						},
						{
							"name": "nose",
							"origin": [0, 26, 0],
							"color": 0,
							"children": [9]
						}
					]
				}
			]
		}
	]
}