{
	"credit": "Made with Blockbench",
	"texture_size": [64, 64],
	"textures": {
		"0": "item/unique/pets/gangster_snowman"
	},
	"elements": [
		{
			"from": [8.75, 10.5, 5.4],
			"to": [11.75, 13.5, 5.4],
			"rotation": {"angle": -45, "axis": "z", "origin": [10, 12, 5.4]},
			"faces": {
				"north": {"uv": [13.5, 5.5, 14.25, 6.25], "texture": "#0"},
				"east": {"uv": [2, 3, 3.5, 4.75], "texture": "#0"},
				"south": {"uv": [14.25, 5.5, 13.5, 6.25], "texture": "#0"},
				"west": {"uv": [0, 3.5, 1.5, 5.25], "texture": "#0"},
				"up": {"uv": [4, 1.5, 2, 0], "texture": "#0"},
				"down": {"uv": [4, 1.5, 2, 3], "texture": "#0"}
			}
		},
		{
			"from": [4.25, 10.5, 5.4],
			"to": [7.25, 13.5, 5.4],
			"rotation": {"angle": 45, "axis": "z", "origin": [6, 12, 5.4]},
			"faces": {
				"north": {"uv": [14.25, 5.5, 13.5, 6.25], "texture": "#0"},
				"east": {"uv": [1.5, 3.5, 0, 5.25], "texture": "#0"},
				"south": {"uv": [13.5, 5.5, 14.25, 6.25], "texture": "#0"},
				"west": {"uv": [3.5, 3, 2, 4.75], "texture": "#0"},
				"up": {"uv": [2, 1.5, 4, 0], "texture": "#0"},
				"down": {"uv": [2, 1.5, 4, 3], "texture": "#0"}
			}
		},
		{
			"from": [4, 8, 4.5],
			"to": [12, 13, 11.5],
			"faces": {
				"north": {"uv": [4.5, 0, 6.5, 1.25], "texture": "#0"},
				"east": {"uv": [4.5, 2.5, 6.25, 3.75], "texture": "#0"},
				"south": {"uv": [4.5, 1.25, 6.5, 2.5], "texture": "#0"},
				"west": {"uv": [4.5, 3.75, 6.25, 5], "texture": "#0"},
				"up": {"uv": [4.5, 1.75, 2.5, 0], "texture": "#0"},
				"down": {"uv": [4.5, 1.75, 2.5, 3.5], "texture": "#0"}
			}
		},
		{
			"from": [3, 13, 3.5],
			"to": [13, 15, 12.5],
			"faces": {
				"north": {"uv": [1.25, 7, 3.75, 7.5], "texture": "#0"},
				"east": {"uv": [3.75, 7.25, 6, 7.75], "texture": "#0"},
				"south": {"uv": [6.5, 7, 9, 7.5], "texture": "#0"},
				"west": {"uv": [7.5, 0, 9.75, 0.5], "texture": "#0"},
				"up": {"uv": [2.5, 2.25, 0, 0], "texture": "#0"},
				"down": {"uv": [2.5, 2.25, 0, 4.5], "texture": "#0"}
			}
		},
		{
			"from": [4, 15, 4.5],
			"to": [12, 18, 11.5],
			"faces": {
				"north": {"uv": [0, 6.25, 2, 7], "texture": "#0"},
				"east": {"uv": [6.25, 2.5, 8, 3.25], "texture": "#0"},
				"south": {"uv": [2, 6.25, 4, 7], "texture": "#0"},
				"west": {"uv": [6.25, 3.25, 8, 4], "texture": "#0"},
				"up": {"uv": [4.5, 5.25, 2.5, 3.5], "texture": "#0"},
				"down": {"uv": [2, 4.5, 0, 6.25], "texture": "#0"}
			}
		},
		{
			"from": [3.75, 10, 4.25],
			"to": [12.25, 12.5, 8.75],
			"faces": {
				"north": {"uv": [7.5, 0.5, 9.5, 1], "texture": "#0"},
				"east": {"uv": [3.5, 7.75, 4.5, 8.25], "texture": "#0"},
				"south": {"uv": [7.5, 1, 9.5, 1.5], "texture": "#0"},
				"west": {"uv": [4.5, 7.75, 5.5, 8.25], "texture": "#0"},
				"up": {"uv": [6.5, 6, 4.5, 5], "texture": "#0"},
				"down": {"uv": [4, 5.25, 2, 6.25], "texture": "#0"}
			}
		},
		{
			"from": [7.5, 10, 2.5],
			"to": [8.5, 11, 4.5],
			"faces": {
				"north": {"uv": [7.5, 4.75, 7.75, 5], "texture": "#0"},
				"east": {"uv": [2, 5, 2.5, 5.25], "texture": "#0"},
				"south": {"uv": [2, 8.25, 2.25, 8.5], "texture": "#0"},
				"west": {"uv": [4, 5.75, 4.5, 6], "texture": "#0"},
				"up": {"uv": [8.25, 8.5, 8, 8], "texture": "#0"},
				"down": {"uv": [1.5, 8.25, 1.25, 8.75], "texture": "#0"}
			}
		},
		{
			"from": [5.5, 3, 6],
			"to": [10.5, 8, 10],
			"faces": {
				"north": {"uv": [4, 6, 5.25, 7.25], "texture": "#0"},
				"east": {"uv": [6.5, 0, 7.5, 1.25], "texture": "#0"},
				"south": {"uv": [5.25, 6, 6.5, 7.25], "texture": "#0"},
				"west": {"uv": [6.5, 1.25, 7.5, 2.5], "texture": "#0"},
				"up": {"uv": [7.5, 5, 6.25, 4], "texture": "#0"},
				"down": {"uv": [7.75, 5, 6.5, 6], "texture": "#0"}
			}
		},
		{
			"from": [7.5, 6, 5.9],
			"to": [8.5, 7, 5.9],
			"faces": {
				"north": {"uv": [2.25, 8.25, 2.5, 8.5], "texture": "#0"},
				"east": {"uv": [0, 0, 0, 0.25], "texture": "#0"},
				"south": {"uv": [2.5, 8.25, 2.75, 8.5], "texture": "#0"},
				"west": {"uv": [0, 0, 0, 0.25], "texture": "#0"},
				"up": {"uv": [0.25, 0, 0, 0], "texture": "#0"},
				"down": {"uv": [0.25, 0, 0, 0], "texture": "#0"}
			}
		},
		{
			"from": [7.5, 4.5, 5.9],
			"to": [8.5, 5.5, 5.9],
			"faces": {
				"north": {"uv": [2.25, 8.25, 2.5, 8.5], "texture": "#0"},
				"east": {"uv": [0, 0, 0, 0.25], "texture": "#0"},
				"south": {"uv": [2.5, 8.25, 2.75, 8.5], "texture": "#0"},
				"west": {"uv": [0, 0, 0, 0.25], "texture": "#0"},
				"up": {"uv": [0.25, 0, 0, 0], "texture": "#0"},
				"down": {"uv": [0.25, 0, 0, 0], "texture": "#0"}
			}
		},
		{
			"from": [5.25, 4.75, 5.75],
			"to": [10.75, 8.25, 10.25],
			"faces": {
				"north": {"uv": [1.25, 7.5, 2.5, 8.25], "texture": "#0"},
				"east": {"uv": [2.5, 7.5, 3.5, 8.25], "texture": "#0"},
				"south": {"uv": [7.5, 1.5, 8.75, 2.25], "texture": "#0"},
				"west": {"uv": [7.5, 4, 8.5, 4.75], "texture": "#0"},
				"up": {"uv": [7.75, 7, 6.5, 6], "texture": "#0"},
				"down": {"uv": [1.25, 7, 0, 8], "texture": "#0"}
			}
		},
		{
			"from": [10, 3.25, 7],
			"to": [12, 7.25, 9],
			"rotation": {"angle": 0, "axis": "y", "origin": [10.25, 6.5, 8]},
			"faces": {
				"north": {"uv": [6, 7.25, 6.5, 8.25], "texture": "#0"},
				"east": {"uv": [6.5, 7.5, 7, 8.5], "texture": "#0"},
				"south": {"uv": [7, 7.5, 7.5, 8.5], "texture": "#0"},
				"west": {"uv": [7.5, 7.5, 8, 8.5], "texture": "#0"},
				"up": {"uv": [2.5, 5, 2, 4.5], "texture": "#0"},
				"down": {"uv": [4.5, 5.25, 4, 5.75], "texture": "#0"}
			}
		},
		{
			"from": [9.75, 3, 6.75],
			"to": [12.25, 5.5, 9.25],
			"rotation": {"angle": 0, "axis": "y", "origin": [10.25, 6.5, 8]},
			"faces": {
				"north": {"uv": [7.75, 4.75, 8.25, 5.25], "texture": "#0"},
				"east": {"uv": [7.75, 5.25, 8.25, 5.75], "texture": "#0"},
				"south": {"uv": [5.5, 7.75, 6, 8.25], "texture": "#0"},
				"west": {"uv": [7.75, 5.75, 8.25, 6.25], "texture": "#0"},
				"up": {"uv": [8.25, 6.75, 7.75, 6.25], "texture": "#0"},
				"down": {"uv": [0.5, 8, 0, 8.5], "texture": "#0"}
			}
		},
		{
			"from": [11, 0.75, 5.25],
			"to": [11, 4.75, 7.25],
			"rotation": {"angle": 22.5, "axis": "x", "origin": [11, 2.75, 6.5]},
			"faces": {
				"north": {"uv": [7.75, 4.75, 8.25, 5.25], "texture": "#0"},
				"east": {"uv": [9, 5, 9.5, 6], "texture": "#0"},
				"south": {"uv": [5.5, 7.75, 6, 8.25], "texture": "#0"},
				"west": {"uv": [9.5, 5, 9, 6], "texture": "#0"},
				"up": {"uv": [8.25, 6.75, 7.75, 6.25], "texture": "#0"},
				"down": {"uv": [0.5, 8, 0, 8.5], "texture": "#0"}
			}
		},
		{
			"from": [4, 3.25, 7],
			"to": [6, 7.25, 9],
			"rotation": {"angle": 0, "axis": "y", "origin": [5.75, 6.5, 8]},
			"faces": {
				"north": {"uv": [6.5, 7.25, 6, 8.25], "texture": "#0"},
				"east": {"uv": [8, 7.5, 7.5, 8.5], "texture": "#0"},
				"south": {"uv": [7.5, 7.5, 7, 8.5], "texture": "#0"},
				"west": {"uv": [7, 7.5, 6.5, 8.5], "texture": "#0"},
				"up": {"uv": [2, 5, 2.5, 4.5], "texture": "#0"},
				"down": {"uv": [4, 5.25, 4.5, 5.75], "texture": "#0"}
			}
		},
		{
			"from": [3.75, 3, 6.75],
			"to": [6.25, 5.5, 9.25],
			"rotation": {"angle": 0, "axis": "y", "origin": [5.75, 6.5, 8]},
			"faces": {
				"north": {"uv": [8.25, 4.75, 7.75, 5.25], "texture": "#0"},
				"east": {"uv": [8.25, 5.75, 7.75, 6.25], "texture": "#0"},
				"south": {"uv": [6, 7.75, 5.5, 8.25], "texture": "#0"},
				"west": {"uv": [8.25, 5.25, 7.75, 5.75], "texture": "#0"},
				"up": {"uv": [7.75, 6.75, 8.25, 6.25], "texture": "#0"},
				"down": {"uv": [0, 8, 0.5, 8.5], "texture": "#0"}
			}
		},
		{
			"from": [9.01, 1.01, 7.51],
			"to": [9.99, 2.99, 8.49],
			"rotation": {"angle": 0, "axis": "y", "origin": [16, 0, 0]},
			"faces": {
				"north": {"uv": [1, 8, 1.25, 8.5], "texture": "#0"},
				"east": {"uv": [8, 2.75, 8.25, 3.25], "texture": "#0"},
				"south": {"uv": [8, 3.25, 8.25, 3.75], "texture": "#0"},
				"west": {"uv": [8, 7.5, 8.25, 8], "texture": "#0"},
				"up": {"uv": [4, 7.25, 3.75, 7], "texture": "#0"},
				"down": {"uv": [3.75, 7.5, 3.5, 7.75], "texture": "#0"}
			}
		},
		{
			"from": [8.5, 0, 7],
			"to": [10.5, 1, 9],
			"rotation": {"angle": 0, "axis": "y", "origin": [16, 0, 0]},
			"faces": {
				"north": {"uv": [7.5, 2.25, 8, 2.5], "texture": "#0"},
				"east": {"uv": [7.75, 6.75, 8.25, 7], "texture": "#0"},
				"south": {"uv": [8, 3.75, 8.5, 4], "texture": "#0"},
				"west": {"uv": [1.5, 8.25, 2, 8.5], "texture": "#0"},
				"up": {"uv": [1, 8.5, 0.5, 8], "texture": "#0"},
				"down": {"uv": [8.5, 2.25, 8, 2.75], "texture": "#0"}
			}
		},
		{
			"from": [6.01, 1.01, 7.51],
			"to": [6.99, 2.99, 8.49],
			"faces": {
				"north": {"uv": [1.25, 8, 1, 8.5], "texture": "#0"},
				"east": {"uv": [8.25, 7.5, 8, 8], "texture": "#0"},
				"south": {"uv": [8.25, 3.25, 8, 3.75], "texture": "#0"},
				"west": {"uv": [8.25, 2.75, 8, 3.25], "texture": "#0"},
				"up": {"uv": [3.75, 7.25, 4, 7], "texture": "#0"},
				"down": {"uv": [3.5, 7.5, 3.75, 7.75], "texture": "#0"}
			}
		},
		{
			"from": [5.5, 0, 7],
			"to": [7.5, 1, 9],
			"faces": {
				"north": {"uv": [8, 2.25, 7.5, 2.5], "texture": "#0"},
				"east": {"uv": [2, 8.25, 1.5, 8.5], "texture": "#0"},
				"south": {"uv": [8.5, 3.75, 8, 4], "texture": "#0"},
				"west": {"uv": [8.25, 6.75, 7.75, 7], "texture": "#0"},
				"up": {"uv": [0.5, 8.5, 1, 8], "texture": "#0"},
				"down": {"uv": [8, 2.25, 8.5, 2.75], "texture": "#0"}
			}
		}
	],
	"display": {
		"thirdperson_righthand": {
			"rotation": [0, 180, 0],
			"translation": [0, 1.25, 0],
			"scale": [0.7, 0.7, 0.7]
		},
		"firstperson_righthand": {
			"rotation": [0, 150, 0],
			"translation": [-1.25, 3.75, 0],
			"scale": [0.7, 0.7, 0.7]
		},
		"gui": {
			"rotation": [0, 180, 0]
		}
	},
	"groups": [
		{
			"name": "gangster_snowman",
			"origin": [8, 0, 8],
			"color": 0,
			"children": [
				{
					"name": "body",
					"origin": [8, 3, 8],
					"color": 0,
					"children": [
						{
							"name": "torso",
							"origin": [8, 3, 8],
							"color": 0,
							"children": [
								{
									"name": "h_head",
									"origin": [8, 8, 8],
									"color": 0,
									"children": [
										{
											"name": "h_death",
											"origin": [10, 12, 5.4],
											"color": 0,
											"children": [0, 1]
										},
										2,
										3,
										4,
										{
											"name": "h_glasses",
											"origin": [8, 11.75, 8],
											"color": 0,
											"children": [5]
										},
										6
									]
								},
								7,
								8,
								9,
								10,
								{
									"name": "right_arm",
									"origin": [10.25, 6.5, 8],
									"color": 0,
									"children": [11, 12, 13]
								},
								{
									"name": "left_arm",
									"origin": [5.75, 6.5, 8],
									"color": 0,
									"children": [14, 15]
								}
							]
						},
						{
							"name": "right_leg",
							"origin": [9.5, 3, 8],
							"color": 0,
							"children": [16, 17]
						},
						{
							"name": "left_leg",
							"origin": [6.5, 3, 8],
							"color": 0,
							"children": [18, 19]
						}
					]
				}
			]
		}
	]
}