{
	"credit": "Made with Blockbench",
	"texture_size": [64, 64],
	"textures": {
		"1": "item/unique/pets/rebirth_pet",
		"particle": "item/unique/pets/rebirth_pet"
	},
	"elements": [
		{
			"name": "torso",
			"from": [5, 4, 6],
			"to": [11, 10, 10],
			"rotation": {"angle": 0, "axis": "y", "origin": [8, 5.5, 8]},
			"faces": {
				"north": {"uv": [6, 0, 7.5, 1.5], "texture": "#1"},
				"east": {"uv": [0, 7, 1, 8.5], "texture": "#1"},
				"south": {"uv": [6, 1.5, 7.5, 3], "texture": "#1"},
				"west": {"uv": [1, 7, 2, 8.5], "texture": "#1"},
				"up": {"uv": [3.5, 8, 2, 7], "texture": "#1"},
				"down": {"uv": [5, 7, 3.5, 8], "texture": "#1"}
			}
		},
		{
			"name": "torso",
			"from": [5, 8.07612, 5.61732],
			"to": [11, 10.07612, 5.61732],
			"rotation": {"angle": 22.5, "axis": "x", "origin": [8, 9.07612, 5.61732]},
			"faces": {
				"north": {"uv": [6, 3, 7.5, 3.5], "texture": "#1"},
				"east": {"uv": [0, 0, 0, 0.5], "texture": "#1"},
				"south": {"uv": [7.5, 0, 9, 0.5], "texture": "#1"},
				"west": {"uv": [0, 0, 0, 0.5], "texture": "#1"},
				"up": {"uv": [1.5, 0, 0, 0], "texture": "#1"},
				"down": {"uv": [1.5, 0, 0, 0], "texture": "#1"}
			}
		},
		{
			"name": "quiver",
			"from": [6, 4.5, 10],
			"to": [10, 9.5, 12],
			"rotation": {"angle": 0, "axis": "y", "origin": [8, 5.5, 8]},
			"faces": {
				"north": {"uv": [7, 6, 8, 7.25], "texture": "#1"},
				"east": {"uv": [7.5, 0.5, 8, 1.75], "texture": "#1"},
				"south": {"uv": [7, 7.25, 8, 8.5], "texture": "#1"},
				"west": {"uv": [7.5, 1.75, 8, 3], "texture": "#1"},
				"up": {"uv": [8.5, 4.75, 7.5, 4.25], "texture": "#1"},
				"down": {"uv": [8.5, 4.75, 7.5, 5.25], "texture": "#1"}
			}
		},
		{
			"name": "torso",
			"from": [5, 3, 6],
			"to": [11, 4, 6],
			"rotation": {"angle": 0, "axis": "y", "origin": [8, 5.5, 8.1]},
			"faces": {
				"north": {"uv": [8.5, 1.5, 10, 1.75], "texture": "#1"},
				"east": {"uv": [0, 0, 0, 0.25], "texture": "#1"},
				"south": {"uv": [8.5, 1.75, 10, 2], "texture": "#1"},
				"west": {"uv": [0, 0, 0, 0.25], "texture": "#1"},
				"up": {"uv": [1.5, 0, 0, 0], "texture": "#1"},
				"down": {"uv": [1.5, 0, 0, 0], "texture": "#1"}
			}
		},
		{
			"name": "torso",
			"from": [5, 3, 10],
			"to": [11, 4, 10],
			"rotation": {"angle": 0, "axis": "y", "origin": [8, 5.5, 8.1]},
			"faces": {
				"north": {"uv": [8.5, 2, 10, 2.25], "texture": "#1"},
				"east": {"uv": [0, 0, 0, 0.25], "texture": "#1"},
				"south": {"uv": [8.5, 2.25, 10, 2.5], "texture": "#1"},
				"west": {"uv": [0, 0, 0, 0.25], "texture": "#1"},
				"up": {"uv": [1.5, 0, 0, 0], "texture": "#1"},
				"down": {"uv": [1.5, 0, 0, 0], "texture": "#1"}
			}
		},
		{
			"name": "torso",
			"from": [5, 3, 6],
			"to": [5, 4, 10],
			"rotation": {"angle": 0, "axis": "y", "origin": [8, 5.5, 8.1]},
			"faces": {
				"north": {"uv": [0, 0, 0, 0.25], "texture": "#1"},
				"east": {"uv": [8.5, 4.25, 9.5, 4.5], "texture": "#1"},
				"south": {"uv": [0, 0, 0, 0.25], "texture": "#1"},
				"west": {"uv": [8.5, 4.5, 9.5, 4.75], "texture": "#1"},
				"up": {"uv": [0, 1, 0, 0], "texture": "#1"},
				"down": {"uv": [0, 0, 0, 1], "texture": "#1"}
			}
		},
		{
			"name": "torso",
			"from": [11, 3, 6],
			"to": [11, 4, 10],
			"rotation": {"angle": 0, "axis": "y", "origin": [8, 5.5, 8.1]},
			"faces": {
				"north": {"uv": [0, 0, 0, 0.25], "texture": "#1"},
				"east": {"uv": [8.5, 4.75, 9.5, 5], "texture": "#1"},
				"south": {"uv": [0, 0, 0, 0.25], "texture": "#1"},
				"west": {"uv": [8.5, 5, 9.5, 5.25], "texture": "#1"},
				"up": {"uv": [0, 1, 0, 0], "texture": "#1"},
				"down": {"uv": [0, 0, 0, 1], "texture": "#1"}
			}
		},
		{
			"name": "right_arm_cube",
			"from": [11, 4.4, 7],
			"to": [12.75, 9.4, 9],
			"rotation": {"angle": 0, "axis": "y", "origin": [11.075, 6.9, 8]},
			"faces": {
				"north": {"uv": [7.5, 3, 8, 4.25], "texture": "#1"},
				"east": {"uv": [5, 7.75, 5.5, 9], "texture": "#1"},
				"south": {"uv": [5.5, 7.75, 6, 9], "texture": "#1"},
				"west": {"uv": [6, 7.75, 6.5, 9], "texture": "#1"},
				"up": {"uv": [8.25, 9, 7.75, 8.5], "texture": "#1"},
				"down": {"uv": [8.75, 8.5, 8.25, 9], "texture": "#1"}
			}
		},
		{
			"name": "bow",
			"from": [11.325, 3.9, 5.5],
			"to": [12.275, 4.9, 10.5],
			"rotation": {"angle": 0, "axis": "y", "origin": [11.075, 6.15, 8]},
			"faces": {
				"north": {"uv": [5.75, 9, 6, 9.25], "texture": "#1"},
				"east": {"uv": [8.5, 2.5, 9.75, 2.75], "texture": "#1"},
				"south": {"uv": [6, 9, 6.25, 9.25], "texture": "#1"},
				"west": {"uv": [8.5, 2.75, 9.75, 3], "texture": "#1"},
				"up": {"uv": [8.75, 4.25, 8.5, 3], "texture": "#1"},
				"down": {"uv": [8.75, 6, 8.5, 7.25], "texture": "#1"}
			}
		},
		{
			"name": "bow",
			"from": [11.3, 4.24462, 3.76746],
			"to": [12.3, 5.24462, 5.76746],
			"rotation": {"angle": 22.5, "axis": "x", "origin": [11.8, 4.74462, 4.76746]},
			"faces": {
				"north": {"uv": [6.25, 9, 6.5, 9.25], "texture": "#1"},
				"east": {"uv": [8.75, 4, 9.25, 4.25], "texture": "#1"},
				"south": {"uv": [6.5, 9, 6.75, 9.25], "texture": "#1"},
				"west": {"uv": [8.75, 8, 9.25, 8.25], "texture": "#1"},
				"up": {"uv": [9, 8.75, 8.75, 8.25], "texture": "#1"},
				"down": {"uv": [9, 8.75, 8.75, 9.25], "texture": "#1"}
			}
		},
		{
			"name": "bow",
			"from": [11.3, 6.07958, 2.23803],
			"to": [12.3, 7.07958, 3.23803],
			"rotation": {"angle": 0, "axis": "y", "origin": [11.8, 6.57958, 2.73803]},
			"faces": {
				"north": {"uv": [6.75, 9, 7, 9.25], "texture": "#1"},
				"east": {"uv": [7.75, 9, 8, 9.25], "texture": "#1"},
				"south": {"uv": [8, 9, 8.25, 9.25], "texture": "#1"},
				"west": {"uv": [8.25, 9, 8.5, 9.25], "texture": "#1"},
				"up": {"uv": [9.25, 8.5, 9, 8.25], "texture": "#1"},
				"down": {"uv": [8.75, 9, 8.5, 9.25], "texture": "#1"}
			}
		},
		{
			"name": "bow",
			"from": [11.3, 6.07958, 12.76197],
			"to": [12.3, 7.07958, 13.76197],
			"rotation": {"angle": 0, "axis": "y", "origin": [11.8, 6.57958, 13.26197]},
			"faces": {
				"north": {"uv": [9, 8.5, 9.25, 8.75], "texture": "#1"},
				"east": {"uv": [9, 8.75, 9.25, 9], "texture": "#1"},
				"south": {"uv": [9, 9, 9.25, 9.25], "texture": "#1"},
				"west": {"uv": [0, 9.25, 0.25, 9.5], "texture": "#1"},
				"up": {"uv": [0.5, 9.5, 0.25, 9.25], "texture": "#1"},
				"down": {"uv": [1.25, 9.25, 1, 9.5], "texture": "#1"}
			}
		},
		{
			"name": "bow",
			"from": [11.325, 5.22603, 2.29869],
			"to": [12.275, 6.22603, 4.29869],
			"rotation": {"angle": 45, "axis": "x", "origin": [11.8, 5.72603, 3.29869]},
			"faces": {
				"north": {"uv": [1.25, 9.25, 1.5, 9.5], "texture": "#1"},
				"east": {"uv": [0, 9, 0.5, 9.25], "texture": "#1"},
				"south": {"uv": [2, 9.25, 2.25, 9.5], "texture": "#1"},
				"west": {"uv": [9, 0, 9.5, 0.25], "texture": "#1"},
				"up": {"uv": [0.75, 9.5, 0.5, 9], "texture": "#1"},
				"down": {"uv": [1, 9, 0.75, 9.5], "texture": "#1"}
			}
		},
		{
			"name": "bow",
			"from": [11.3, 4.24462, 10.23254],
			"to": [12.3, 5.24462, 12.23254],
			"rotation": {"angle": -22.5, "axis": "x", "origin": [11.8, 4.74462, 11.23254]},
			"faces": {
				"north": {"uv": [2.25, 9.25, 2.5, 9.5], "texture": "#1"},
				"east": {"uv": [9, 0.25, 9.5, 0.5], "texture": "#1"},
				"south": {"uv": [2.5, 9.25, 2.75, 9.5], "texture": "#1"},
				"west": {"uv": [1, 9, 1.5, 9.25], "texture": "#1"},
				"up": {"uv": [1.75, 9.5, 1.5, 9], "texture": "#1"},
				"down": {"uv": [2, 9, 1.75, 9.5], "texture": "#1"}
			}
		},
		{
			"name": "bow",
			"from": [11.325, 5.22603, 11.70131],
			"to": [12.275, 6.22603, 13.70131],
			"rotation": {"angle": -45, "axis": "x", "origin": [11.8, 5.72603, 12.70131]},
			"faces": {
				"north": {"uv": [2.75, 9.25, 3, 9.5], "texture": "#1"},
				"east": {"uv": [5, 9, 5.5, 9.25], "texture": "#1"},
				"south": {"uv": [3, 9.25, 3.25, 9.5], "texture": "#1"},
				"west": {"uv": [9, 5.25, 9.5, 5.5], "texture": "#1"},
				"up": {"uv": [5.75, 9.5, 5.5, 9], "texture": "#1"},
				"down": {"uv": [9.25, 5.5, 9, 6], "texture": "#1"}
			}
		},
		{
			"name": "upperBowString",
			"from": [11.8, 6.06708, 3.00053],
			"to": [11.8, 7.06708, 8.00053],
			"rotation": {"angle": 0, "axis": "y", "origin": [11.8, 6.57958, 5.50053]},
			"faces": {
				"north": {"uv": [0, 0, 0, 1.25], "texture": "#1"},
				"east": {"uv": [7, 8.5, 7.25, 9.75], "texture": "#1"},
				"south": {"uv": [0, 0, 0, 1.25], "texture": "#1"},
				"west": {"uv": [7.25, 8.5, 7.5, 9.75], "texture": "#1"},
				"up": {"uv": [0, 0.25, 0, 0], "texture": "#1"},
				"down": {"uv": [0, 0, 0, 0.25], "texture": "#1"}
			}
		},
		{
			"name": "lowerBowString",
			"from": [11.8, 6.06708, 8.00053],
			"to": [11.8, 7.06708, 13.00053],
			"rotation": {"angle": 0, "axis": "y", "origin": [11.8, 6.56708, 10.50053]},
			"faces": {
				"north": {"uv": [0, 0, 0, 1.25], "texture": "#1"},
				"east": {"uv": [8.5, 7.25, 8.75, 8.5], "texture": "#1"},
				"south": {"uv": [0, 0, 0, 1.25], "texture": "#1"},
				"west": {"uv": [7.5, 8.5, 7.75, 9.75], "texture": "#1"},
				"up": {"uv": [0, 0.25, 0, 0], "texture": "#1"},
				"down": {"uv": [0, 0, 0, 0.25], "texture": "#1"}
			}
		},
		{
			"name": "left_arm_cube",
			"from": [3.25, 4.4, 7],
			"to": [5, 9.4, 9],
			"rotation": {"angle": 0, "axis": "y", "origin": [4.925, 6.9, 8]},
			"faces": {
				"north": {"uv": [6.5, 7.75, 7, 9], "texture": "#1"},
				"east": {"uv": [8, 0.5, 8.5, 1.75], "texture": "#1"},
				"south": {"uv": [8, 1.75, 8.5, 3], "texture": "#1"},
				"west": {"uv": [2, 8, 2.5, 9.25], "texture": "#1"},
				"up": {"uv": [9.25, 3.5, 8.75, 3], "texture": "#1"},
				"down": {"uv": [9.25, 3.5, 8.75, 4], "texture": "#1"}
			}
		},
		{
			"name": "right_leg_cube",
			"from": [8.5, 0, 7],
			"to": [10.5, 5, 9],
			"rotation": {"angle": 0, "axis": "y", "origin": [9.25, 3.025, 8]},
			"faces": {
				"north": {"uv": [2.5, 8, 3, 9.25], "texture": "#1"},
				"east": {"uv": [3, 8, 3.5, 9.25], "texture": "#1"},
				"south": {"uv": [8, 3, 8.5, 4.25], "texture": "#1"},
				"west": {"uv": [3.5, 8, 4, 9.25], "texture": "#1"},
				"up": {"uv": [9.25, 6.5, 8.75, 6], "texture": "#1"},
				"down": {"uv": [9.25, 6.5, 8.75, 7], "texture": "#1"}
			}
		},
		{
			"name": "right_leg_cube",
			"from": [5.5, 0, 7],
			"to": [7.5, 5, 9],
			"rotation": {"angle": 0, "axis": "y", "origin": [6.75, 3.025, 8]},
			"faces": {
				"north": {"uv": [4, 8, 4.5, 9.25], "texture": "#1"},
				"east": {"uv": [4.5, 8, 5, 9.25], "texture": "#1"},
				"south": {"uv": [8, 6, 8.5, 7.25], "texture": "#1"},
				"west": {"uv": [8, 7.25, 8.5, 8.5], "texture": "#1"},
				"up": {"uv": [9.25, 7.5, 8.75, 7], "texture": "#1"},
				"down": {"uv": [9.25, 7.5, 8.75, 8], "texture": "#1"}
			}
		},
		{
			"name": "skull",
			"from": [4, 10, 4.5],
			"to": [12, 17, 11.5],
			"rotation": {"angle": 0, "axis": "y", "origin": [8, 11, 8]},
			"faces": {
				"north": {"uv": [0, 0, 2, 1.75], "texture": "#1"},
				"east": {"uv": [4, 3.5, 5.75, 5.25], "texture": "#1"},
				"south": {"uv": [0, 1.75, 2, 3.5], "texture": "#1"},
				"west": {"uv": [0, 5.25, 1.75, 7], "texture": "#1"},
				"up": {"uv": [4, 1.75, 2, 0], "texture": "#1"},
				"down": {"uv": [4, 1.75, 2, 3.5], "texture": "#1"}
			}
		},
		{
			"name": "face_plane",
			"from": [8.41728, 12.71401, 4.349],
			"to": [12.41728, 14.71401, 4.349],
			"rotation": {"angle": 0, "axis": "y", "origin": [10.66728, 10.96401, 5]},
			"faces": {
				"north": {"uv": [0, 8.5, 1, 9], "texture": "#1"},
				"east": {"uv": [0, 0, 0, 0.5], "texture": "#1"},
				"south": {"uv": [8.5, 0.5, 9.5, 1], "texture": "#1"},
				"west": {"uv": [0, 0, 0, 0.5], "texture": "#1"},
				"up": {"uv": [1, 0, 0, 0], "texture": "#1"},
				"down": {"uv": [1, 0, 0, 0], "texture": "#1"}
			}
		},
		{
			"name": "face_plane",
			"from": [3.58272, 12.71401, 4.349],
			"to": [7.58272, 14.71401, 4.349],
			"rotation": {"angle": 0, "axis": "y", "origin": [5.33272, 10.96401, 5]},
			"faces": {
				"north": {"uv": [1, 8.5, 2, 9], "texture": "#1"},
				"east": {"uv": [0, 0, 0, 0.5], "texture": "#1"},
				"south": {"uv": [8.5, 1, 9.5, 1.5], "texture": "#1"},
				"west": {"uv": [0, 0, 0, 0.5], "texture": "#1"},
				"up": {"uv": [1, 0, 0, 0], "texture": "#1"},
				"down": {"uv": [1, 0, 0, 0], "texture": "#1"}
			}
		},
		{
			"name": "hair",
			"from": [3.85, 10, 4.401],
			"to": [3.85, 17.1, 11.651],
			"rotation": {"angle": 0, "axis": "y", "origin": [8, 11, 8.001]},
			"faces": {
				"north": {"uv": [0, 0, 0, 1.75], "texture": "#1"},
				"east": {"uv": [1.75, 5.25, 3.5, 7], "texture": "#1"},
				"south": {"uv": [0, 0, 0, 1.75], "texture": "#1"},
				"west": {"uv": [3.5, 5.25, 5.25, 7], "texture": "#1"},
				"up": {"uv": [0, 1.75, 0, 0], "texture": "#1"},
				"down": {"uv": [0, 0, 0, 1.75], "texture": "#1"}
			}
		},
		{
			"name": "hair",
			"from": [3.85, 10, 11.65],
			"to": [12.1, 17.1, 11.65],
			"rotation": {"angle": 0, "axis": "y", "origin": [8, 11, 8]},
			"faces": {
				"north": {"uv": [0, 3.5, 2, 5.25], "texture": "#1"},
				"east": {"uv": [0, 0, 0, 1.75], "texture": "#1"},
				"south": {"uv": [2, 3.5, 4, 5.25], "texture": "#1"},
				"west": {"uv": [0, 0, 0, 1.75], "texture": "#1"},
				"up": {"uv": [2, 0, 0, 0], "texture": "#1"},
				"down": {"uv": [2, 0, 0, 0], "texture": "#1"}
			}
		},
		{
			"name": "hair",
			"from": [3.85, 14, 4.401],
			"to": [12.1, 17.1, 4.401],
			"rotation": {"angle": 0, "axis": "y", "origin": [8, 11, 7.951]},
			"faces": {
				"north": {"uv": [5, 7, 7, 7.75], "texture": "#1"},
				"east": {"uv": [0, 0, 0, 0.75], "texture": "#1"},
				"south": {"uv": [7, 5.25, 9, 6], "texture": "#1"},
				"west": {"uv": [0, 0, 0, 0.75], "texture": "#1"},
				"up": {"uv": [2, 0, 0, 0], "texture": "#1"},
				"down": {"uv": [2, 0, 0, 0], "texture": "#1"}
			}
		},
		{
			"name": "hair",
			"from": [3.85, 17.099, 4.401],
			"to": [12.1, 17.099, 11.651],
			"rotation": {"angle": 0, "axis": "y", "origin": [8, 10.999, 7.951]},
			"faces": {
				"north": {"uv": [0, 0, 2, 0], "texture": "#1"},
				"east": {"uv": [0, 0, 1.75, 0], "texture": "#1"},
				"south": {"uv": [0, 0, 2, 0], "texture": "#1"},
				"west": {"uv": [0, 0, 1.75, 0], "texture": "#1"},
				"up": {"uv": [6, 1.75, 4, 0], "texture": "#1"},
				"down": {"uv": [6, 1.75, 4, 3.5], "texture": "#1"}
			}
		},
		{
			"name": "hair",
			"from": [12.099, 10, 4.401],
			"to": [12.099, 17.1, 11.651],
			"rotation": {"angle": 0, "axis": "y", "origin": [7.949, 11, 8.001]},
			"faces": {
				"north": {"uv": [0, 0, 0, 1.75], "texture": "#1"},
				"east": {"uv": [5.25, 5.25, 7, 7], "texture": "#1"},
				"south": {"uv": [0, 0, 0, 1.75], "texture": "#1"},
				"west": {"uv": [5.75, 3.5, 7.5, 5.25], "texture": "#1"},
				"up": {"uv": [0, 1.75, 0, 0], "texture": "#1"},
				"down": {"uv": [0, 0, 0, 1.75], "texture": "#1"}
			}
		}
	],
	"display": {
		"thirdperson_righthand": {
			"rotation": [0, 164, 0],
			"translation": [0, 4, 2.5],
			"scale": [0.75, 0.75, 0.75]
		},
		"firstperson_righthand": {
			"rotation": [0, 138, 0],
			"translation": [-1.25, 3.5, 0],
			"scale": [0.75, 0.75, 0.75]
		},
		"gui": {
			"rotation": [0, 180, 0]
		}
	},
	"groups": [
		{
			"name": "nm_mini_archer",
			"origin": [8, 5.6, 8],
			"color": 0,
			"children": [
				0,
				1,
				2,
				3,
				4,
				5,
				6,
				{
					"name": "right_arm",
					"origin": [11, 8.65, 8],
					"color": 0,
					"children": [
						7,
						{
							"name": "bow",
							"origin": [11.8, 4.38501, 8.00007],
							"color": 0,
							"children": [
								8,
								9,
								10,
								11,
								12,
								13,
								14,
								{
									"name": "upperBowString",
									"origin": [11.8, 6.57958, 2.87553],
									"color": 0,
									"children": [15]
								},
								{
									"name": "lowerBowString",
									"origin": [11.8, 6.57958, 13.01303],
									"color": 0,
									"children": [16]
								}
							]
						}
					]
				},
				{
					"name": "left_arm",
					"origin": [5, 8.65, 8],
					"color": 0,
					"children": [17]
				},
				{
					"name": "right_leg",
					"origin": [9.5, 4, 8],
					"color": 0,
					"children": [18]
				},
				{
					"name": "left_leg",
					"origin": [6.5, 4, 8],
					"color": 0,
					"children": [19]
				},
				{
					"name": "h_head",
					"origin": [8, 10.02967, 7.925],
					"color": 0,
					"children": [20, 21, 22, 23, 24, 25, 26, 27]
				},
				{
					"name": "tag_name",
					"origin": [8, 17.6, 8],
					"color": 0,
					"children": []
				}
			]
		}
	]
}