{
	"credit": "Made By Geastre [Slime Studio] ",
	"texture_size": [32, 32],
	"textures": {
		"0": "item/pickaxes/nature_wand",
		"particle": "item/pickaxes/nature_wand"
	},
	"elements": [
		{
			"from": [7.077, -0.071, 7.29],
			"to": [8.923, 0.71, 8.71],
			"rotation": {"angle": 0, "axis": "y", "origin": [2.32, 0, 2.32]},
			"faces": {
				"north": {"uv": [9.5, 6.5, 10.5, 7], "texture": "#0"},
				"east": {"uv": [11, 1.5, 11.75, 2], "texture": "#0"},
				"south": {"uv": [10.5, 0.5, 11.5, 1], "texture": "#0"},
				"west": {"uv": [2, 11, 2.75, 11.5], "texture": "#0"},
				"up": {"uv": [8, 9.75, 7, 9], "texture": "#0"},
				"down": {"uv": [10.5, 0.5, 9.5, 1.25], "texture": "#0"}
			}
		},
		{
			"from": [7.0415, 0.355, 7.3965],
			"to": [8.852, 2.1655, 8.6035],
			"rotation": {"angle": 45, "axis": "z", "origin": [8, 1.3135, 8]},
			"faces": {
				"north": {"uv": [3, 8.5, 4, 9.5], "texture": "#0"},
				"east": {"uv": [10.5, 2.5, 11, 3.5], "texture": "#0"},
				"south": {"uv": [8.5, 3, 9.5, 4], "texture": "#0"},
				"west": {"uv": [3, 10.5, 3.5, 11.5], "texture": "#0"},
				"up": {"uv": [11.5, 1.5, 10.5, 1], "texture": "#0"},
				"down": {"uv": [4.5, 10.5, 3.5, 11], "texture": "#0"}
			}
		},
		{
			"from": [7.2758, 0.62642, 7.5172],
			"to": [8.7242, 7.37852, 8.4828],
			"rotation": {"angle": 0, "axis": "y", "origin": [8, 4.30067, 8]},
			"faces": {
				"north": {"uv": [2, 5, 2.75, 8.5], "texture": "#0"},
				"east": {"uv": [8, 0, 8.5, 3.5], "texture": "#0"},
				"south": {"uv": [3, 5, 3.75, 8.5], "texture": "#0"},
				"west": {"uv": [8, 3.5, 8.5, 7], "texture": "#0"}
			}
		},
		{
			"from": [11.621, 4.9345, 7.3965],
			"to": [13.4315, 6.745, 8.6035],
			"rotation": {"angle": 45, "axis": "z", "origin": [8, 1.3135, 8]},
			"faces": {
				"north": {"uv": [8.5, 4, 9.5, 5], "texture": "#0"},
				"east": {"uv": [10.5, 3.5, 11, 4.5], "texture": "#0"},
				"south": {"uv": [8.5, 5, 9.5, 6], "texture": "#0"},
				"west": {"uv": [4.5, 10.5, 5, 11.5], "texture": "#0"},
				"up": {"uv": [11.5, 5, 10.5, 4.5], "texture": "#0"},
				"down": {"uv": [11.5, 5, 10.5, 5.5], "texture": "#0"}
			}
		},
		{
			"from": [7.2758, 8.22342, 7.5172],
			"to": [8.7242, 15.82752, 8.4828],
			"rotation": {"angle": 0, "axis": "y", "origin": [8, 4.30067, 8]},
			"faces": {
				"north": {"uv": [0, 5, 0.75, 8.75], "texture": "#0"},
				"east": {"uv": [4, 6.5, 4.5, 10.25], "texture": "#0"},
				"south": {"uv": [1, 5, 1.75, 8.75], "texture": "#0"},
				"west": {"uv": [4.5, 6.5, 5, 10.25], "texture": "#0"}
			}
		},
		{
			"from": [17.301, 10.6145, 7.3965],
			"to": [18.8275, 12.141, 8.6035],
			"rotation": {"angle": 45, "axis": "z", "origin": [8, 1.3135, 8]},
			"faces": {
				"north": {"uv": [1, 10, 1.75, 10.75], "texture": "#0"},
				"east": {"uv": [11, 2, 11.5, 2.75], "texture": "#0"},
				"south": {"uv": [2, 10, 2.75, 10.75], "texture": "#0"},
				"west": {"uv": [11, 3, 11.5, 3.75], "texture": "#0"},
				"up": {"uv": [4.25, 11.5, 3.5, 11], "texture": "#0"},
				"down": {"uv": [11.75, 4, 11, 4.5], "texture": "#0"}
			}
		},
		{
			"from": [6.293, 15.549, 6.506],
			"to": [9.707, 16.33, 9.494],
			"rotation": {"angle": 0, "axis": "y", "origin": [2.32, 0, 2.32]},
			"faces": {
				"north": {"uv": [9, 9, 10.75, 9.5], "texture": "#0"},
				"east": {"uv": [9.5, 1.5, 11, 2], "texture": "#0"},
				"south": {"uv": [9.5, 0, 11.25, 0.5], "texture": "#0"},
				"west": {"uv": [9.5, 2, 11, 2.5], "texture": "#0"},
				"up": {"uv": [5.75, 6.5, 4, 5], "texture": "#0"},
				"down": {"uv": [7.75, 5, 6, 6.5], "texture": "#0"}
			}
		},
		{
			"from": [6.593, 16.349, 6.806],
			"to": [9.407, 16.73, 9.194],
			"rotation": {"angle": 0, "axis": "y", "origin": [2.32, 0, 2.32]},
			"faces": {
				"north": {"uv": [5, 11, 6.5, 11.25], "texture": "#0"},
				"east": {"uv": [8, 11, 9.25, 11.25], "texture": "#0"},
				"south": {"uv": [11, 5.5, 12.5, 5.75], "texture": "#0"},
				"west": {"uv": [11, 9, 12.25, 9.25], "texture": "#0"},
				"up": {"uv": [6.5, 7.75, 5, 6.5], "texture": "#0"},
				"down": {"uv": [8, 6.5, 6.5, 7.75], "texture": "#0"}
			}
		},
		{
			"from": [7.093, 16.749, 7.006],
			"to": [8.907, 18.53, 8.994],
			"rotation": {"angle": 0, "axis": "y", "origin": [2.02, 0, 2.32]},
			"faces": {
				"north": {"uv": [8.5, 6, 9.5, 7], "texture": "#0"},
				"east": {"uv": [8, 8.5, 9, 9.5], "texture": "#0"},
				"south": {"uv": [0, 9, 1, 10], "texture": "#0"},
				"west": {"uv": [1, 9, 2, 10], "texture": "#0"},
				"up": {"uv": [6, 10, 5, 9], "texture": "#0"},
				"down": {"uv": [7, 9, 6, 10], "texture": "#0"}
			}
		},
		{
			"from": [5.093, 15.749, 7.994],
			"to": [12.907, 25.53, 7.994],
			"rotation": {"angle": 0, "axis": "y", "origin": [2.02, 0, 2.32]},
			"faces": {
				"north": {"uv": [0, 0, 4, 5], "texture": "#0"},
				"south": {"uv": [4, 0, 8, 5], "texture": "#0"}
			}
		},
		{
			"from": [7.34556, 17.46028, 7.106],
			"to": [10.02656, 18.97428, 8.894],
			"rotation": {"angle": 22.5, "axis": "z", "origin": [8.33606, 18.11728, 8]},
			"faces": {
				"north": {"uv": [9, 7, 10.25, 7.75], "texture": "#0"},
				"east": {"uv": [9.5, 2.5, 10.5, 3.25], "texture": "#0"},
				"south": {"uv": [9, 8, 10.25, 8.75], "texture": "#0"},
				"up": {"uv": [6.25, 9, 5, 8], "texture": "#0"},
				"down": {"uv": [7.75, 8, 6.5, 9], "texture": "#0"}
			}
		},
		{
			"from": [7.99228, 22.48529, 7.506],
			"to": [9.97328, 23.69929, 8.494],
			"rotation": {"angle": -22.5, "axis": "z", "origin": [8.98278, 23.34229, 8]},
			"faces": {
				"north": {"uv": [10.5, 7.5, 11.5, 8], "texture": "#0"},
				"south": {"uv": [8, 10.5, 9, 11], "texture": "#0"},
				"west": {"uv": [11, 9.5, 11.5, 10], "texture": "#0"},
				"up": {"uv": [11.5, 8.5, 10.5, 8], "texture": "#0"},
				"down": {"uv": [11.5, 8.5, 10.5, 9], "texture": "#0"}
			}
		},
		{
			"from": [6.81799, 22.48529, 7.606],
			"to": [8.59899, 23.59929, 8.394],
			"rotation": {"angle": 22.5, "axis": "z", "origin": [7.80849, 23.34229, 8]},
			"faces": {
				"north": {"uv": [9, 10.5, 10, 11], "texture": "#0"},
				"south": {"uv": [10, 10.5, 11, 11], "texture": "#0"},
				"west": {"uv": [11, 10, 11.5, 10.5], "texture": "#0"},
				"up": {"uv": [1, 11.5, 0, 11], "texture": "#0"},
				"down": {"uv": [2, 11, 1, 11.5], "texture": "#0"}
			}
		},
		{
			"from": [6.41403, 22.05812, 7.706],
			"to": [7.32803, 23.43912, 8.294],
			"rotation": {"angle": -45, "axis": "z", "origin": [6.47103, 22.44862, 8]},
			"faces": {
				"north": {"uv": [11, 6.5, 11.5, 7.25], "texture": "#0"},
				"east": {"uv": [10.5, 11, 10.75, 11.75], "texture": "#0"},
				"south": {"uv": [7.5, 11, 8, 11.75], "texture": "#0"},
				"west": {"uv": [11, 10.5, 11.25, 11.25], "texture": "#0"},
				"down": {"uv": [12, 0, 11.5, 0.25], "texture": "#0"}
			}
		},
		{
			"from": [9.81679, 18.14188, 7.206],
			"to": [11.23079, 20.12288, 8.794],
			"rotation": {"angle": -45, "axis": "z", "origin": [10.67379, 19.63238, 8]},
			"faces": {
				"north": {"uv": [9.5, 3.5, 10.25, 4.5], "texture": "#0"},
				"east": {"uv": [9.5, 4.5, 10.25, 5.5], "texture": "#0"},
				"south": {"uv": [9.5, 5.5, 10.25, 6.5], "texture": "#0"},
				"west": {"uv": [8, 9.5, 8.75, 10.5], "texture": "#0"},
				"up": {"uv": [5.75, 10.75, 5, 10], "texture": "#0"}
			}
		},
		{
			"from": [9.81679, 21.70457, 7.406],
			"to": [11.19954, 23.58557, 8.594],
			"rotation": {"angle": 45, "axis": "z", "origin": [10.67379, 22.09507, 8]},
			"faces": {
				"north": {"uv": [9, 9.5, 9.75, 10.5], "texture": "#0"},
				"east": {"uv": [10.5, 5.5, 11, 6.5], "texture": "#0"},
				"south": {"uv": [0, 10, 0.75, 11], "texture": "#0"},
				"west": {"uv": [10.5, 6.5, 11, 7.5], "texture": "#0"},
				"up": {"uv": [11.75, 6.5, 11, 6], "texture": "#0"}
			}
		},
		{
			"from": [9.91262, 19.47322, 7.306],
			"to": [11.32662, 22.35422, 8.694],
			"rotation": {"angle": 0, "axis": "y", "origin": [10.76962, 20.36372, 8]},
			"faces": {
				"north": {"uv": [8, 7, 8.75, 8.5], "texture": "#0"},
				"east": {"uv": [8.5, 0, 9.25, 1.5], "texture": "#0"},
				"south": {"uv": [8.5, 1.5, 9.25, 3], "texture": "#0"},
				"west": {"uv": [2, 8.5, 2.75, 10], "texture": "#0"},
				"up": {"uv": [7.75, 10.75, 7, 10], "texture": "#0"},
				"down": {"uv": [10.75, 9.5, 10, 10.25], "texture": "#0"}
			}
		}
	],
	"gui_light": "front",
	"display": {
		"thirdperson_righthand": {
			"rotation": [0, -90, 0],
			"translation": [0, 1.5, 2]
		},
		"thirdperson_lefthand": {
			"rotation": [0, 90, 0],
			"translation": [0, 1.5, 2]
		},
		"firstperson_righthand": {
			"rotation": [0, -69.5, 0]
		},
		"firstperson_lefthand": {
			"rotation": [-180, 74, -180]
		},
		"gui": {
			"rotation": [-12, 164, 45],
			"translation": [-2.5, -2.5, 0],
			"scale": [0.8, 0.8, 0.8]
		},
		"fixed": {
			"translation": [0, -3.75, 0]
		}
	}
}