{
	"credit": "Made with Blockbench",
	"texture_size": [64, 64],
	"textures": {
		"1": "item/unique/pets/default_pet"
	},
	"elements": [
		{
			"from": [4, 3.17249, 5.74128],
			"to": [12, 11.17249, 14.74128],
			"rotation": {"angle": 0, "axis": "y", "origin": [7.5, 0.67249, 14.24128]},
			"faces": {
				"north": {"uv": [0, 4.5, 2, 6.5], "texture": "#1"},
				"east": {"uv": [0, 0, 2.25, 2], "texture": "#1"},
				"south": {"uv": [4.75, 0, 6.75, 2], "texture": "#1"},
				"west": {"uv": [0, 2.25, 2.25, 4.25], "texture": "#1"},
				"up": {"uv": [4.5, 2.25, 2.5, 0], "texture": "#1"},
				"down": {"uv": [4.5, 2.5, 2.5, 4.75], "texture": "#1"}
			}
		},
		{
			"from": [4, 3.17249, 14.74128],
			"to": [4, 11.17249, 17.74128],
			"rotation": {"angle": 0, "axis": "y", "origin": [8.5, 0.67249, 14.24128]},
			"faces": {
				"north": {"uv": [3.5, 8.75, 3.5, 10.75], "texture": "#1"},
				"east": {"uv": [4, 8.25, 4.75, 10.25], "texture": "#1"},
				"south": {"uv": [3.75, 8.75, 3.75, 10.75], "texture": "#1"},
				"west": {"uv": [5, 8.25, 5.75, 10.25], "texture": "#1"},
				"up": {"uv": [4.5, 5.75, 4.5, 5], "texture": "#1"},
				"down": {"uv": [6, 8.25, 6, 9], "texture": "#1"}
			}
		},
		{
			"from": [4, 11.17249, 14.74128],
			"to": [12, 11.17249, 17.74128],
			"rotation": {"angle": 0, "axis": "y", "origin": [7.5, 0.67249, 14.24128]},
			"faces": {
				"north": {"uv": [10.5, 8.5, 12.5, 8.5], "texture": "#1"},
				"east": {"uv": [7, 2, 7.75, 2], "texture": "#1"},
				"south": {"uv": [10.5, 8.75, 12.5, 8.75], "texture": "#1"},
				"west": {"uv": [8.75, 1, 9.5, 1], "texture": "#1"},
				"up": {"uv": [10.25, 3.75, 8.25, 3], "texture": "#1"},
				"down": {"uv": [10.75, 0, 8.75, 0.75], "texture": "#1"}
			}
		},
		{
			"from": [4, 13.19812, 6.92986],
			"to": [12, 13.19812, 11.92986],
			"rotation": {"angle": -22.5, "axis": "x", "origin": [8, 9.19812, 11.42986]},
			"faces": {
				"north": {"uv": [9, 10.5, 11, 10.5], "texture": "#1"},
				"east": {"uv": [4, 10.5, 5.25, 10.5], "texture": "#1"},
				"south": {"uv": [10.5, 9, 12.5, 9], "texture": "#1"},
				"west": {"uv": [10.5, 9.25, 11.75, 9.25], "texture": "#1"},
				"up": {"uv": [8.5, 5.75, 6.5, 4.5], "texture": "#1"},
				"down": {"uv": [8.5, 6, 6.5, 7.25], "texture": "#1"}
			}
		},
		{
			"from": [4, 13.19812, 10.92986],
			"to": [12, 13.19812, 15.92986],
			"rotation": {"angle": -22.5, "axis": "x", "origin": [8, 9.19812, 15.42986]},
			"faces": {
				"north": {"uv": [10.75, 1, 12.75, 1], "texture": "#1"},
				"east": {"uv": [0, 10.75, 1.25, 10.75], "texture": "#1"},
				"south": {"uv": [10.75, 1.25, 12.75, 1.25], "texture": "#1"},
				"west": {"uv": [10.75, 1.5, 12, 1.5], "texture": "#1"},
				"up": {"uv": [2, 8, 0, 6.75], "texture": "#1"},
				"down": {"uv": [6, 6.75, 4, 8], "texture": "#1"}
			}
		},
		{
			"from": [3.12149, 3.17249, 9.15784],
			"to": [3.12149, 11.17249, 15.15784],
			"rotation": {"angle": -22.5, "axis": "y", "origin": [7.12149, 7.17249, 10.65784]},
			"faces": {
				"north": {"uv": [5.5, 10.5, 5.5, 12.5], "texture": "#1"},
				"east": {"uv": [4.75, 2.25, 6.25, 4.25], "texture": "#1"},
				"south": {"uv": [5.75, 10.5, 5.75, 12.5], "texture": "#1"},
				"west": {"uv": [4.75, 4.5, 6.25, 6.5], "texture": "#1"},
				"up": {"uv": [4, 12.25, 4, 10.75], "texture": "#1"},
				"down": {"uv": [4.25, 10.75, 4.25, 12.25], "texture": "#1"}
			}
		},
		{
			"from": [12, 3.17249, 14.74128],
			"to": [12, 11.17249, 17.74128],
			"rotation": {"angle": 0, "axis": "y", "origin": [7.5, 0.67249, 14.24128]},
			"faces": {
				"north": {"uv": [4.5, 10.75, 4.5, 12.75], "texture": "#1"},
				"east": {"uv": [1.5, 8.75, 2.25, 10.75], "texture": "#1"},
				"south": {"uv": [4.75, 10.75, 4.75, 12.75], "texture": "#1"},
				"west": {"uv": [2.5, 8.75, 3.25, 10.75], "texture": "#1"},
				"up": {"uv": [1, 10.5, 1, 9.75], "texture": "#1"},
				"down": {"uv": [1.25, 9.75, 1.25, 10.5], "texture": "#1"}
			}
		},
		{
			"from": [12.87851, 3.17249, 9.15784],
			"to": [12.87851, 11.17249, 15.15784],
			"rotation": {"angle": 22.5, "axis": "y", "origin": [8.87851, 7.17249, 10.65784]},
			"faces": {
				"north": {"uv": [5, 10.75, 5, 12.75], "texture": "#1"},
				"east": {"uv": [2.25, 5, 3.75, 7], "texture": "#1"},
				"south": {"uv": [5.25, 10.75, 5.25, 12.75], "texture": "#1"},
				"west": {"uv": [6.5, 2.25, 8, 4.25], "texture": "#1"},
				"up": {"uv": [9, 12.25, 9, 10.75], "texture": "#1"},
				"down": {"uv": [9.25, 10.75, 9.25, 12.25], "texture": "#1"}
			}
		},
		{
			"from": [3.7, 5.67249, 5.34128],
			"to": [6.7, 8.67249, 8.34128],
			"rotation": {"angle": 0, "axis": "y", "origin": [7.5, 0.67249, 14.24128]},
			"faces": {
				"north": {"uv": [9, 9.5, 9.75, 10.25], "texture": "#1"},
				"east": {"uv": [0, 9.75, 0.75, 10.5], "texture": "#1"},
				"south": {"uv": [9.75, 1, 10.5, 1.75], "texture": "#1"},
				"west": {"uv": [9.75, 2, 10.5, 2.75], "texture": "#1"},
				"up": {"uv": [10.75, 4.75, 10, 4], "texture": "#1"},
				"down": {"uv": [10.75, 5, 10, 5.75], "texture": "#1"}
			}
		},
		{
			"from": [4.4, 6.88954, 5.25076],
			"to": [5.1, 7.58954, 5.25076],
			"rotation": {"angle": 0, "axis": "y", "origin": [7.5, 0.67249, 14.24128]},
			"faces": {
				"north": {"uv": [4, 5, 4.25, 5.25], "texture": "#1"},
				"east": {"uv": [2.25, 4.5, 2.25, 4.75], "texture": "#1"},
				"south": {"uv": [4, 5.5, 4.25, 5.75], "texture": "#1"},
				"west": {"uv": [4.5, 6, 4.5, 6.25], "texture": "#1"},
				"up": {"uv": [4.25, 6.5, 4, 6.5], "texture": "#1"},
				"down": {"uv": [8.5, 4, 8.25, 4], "texture": "#1"}
			}
		},
		{
			"from": [10.9, 6.88954, 5.25076],
			"to": [11.6, 7.58954, 5.25076],
			"rotation": {"angle": 0, "axis": "y", "origin": [8.5, 0.67249, 14.24128]},
			"faces": {
				"north": {"uv": [4, 6, 4.25, 6.25], "texture": "#1"},
				"east": {"uv": [6.25, 6.75, 6.25, 7], "texture": "#1"},
				"south": {"uv": [1.5, 8.25, 1.75, 8.5], "texture": "#1"},
				"west": {"uv": [2, 8.25, 2, 8.5], "texture": "#1"},
				"up": {"uv": [8.5, 4.25, 8.25, 4.25], "texture": "#1"},
				"down": {"uv": [9, 1.25, 8.75, 1.25], "texture": "#1"}
			}
		},
		{
			"from": [9.3, 5.67249, 5.34128],
			"to": [12.3, 8.67249, 8.34128],
			"rotation": {"angle": 0, "axis": "y", "origin": [8.5, 0.67249, 14.24128]},
			"faces": {
				"north": {"uv": [10, 6, 10.75, 6.75], "texture": "#1"},
				"east": {"uv": [10, 9.5, 10.75, 10.25], "texture": "#1"},
				"south": {"uv": [6, 10.25, 6.75, 11], "texture": "#1"},
				"west": {"uv": [7, 10.25, 7.75, 11], "texture": "#1"},
				"up": {"uv": [8.75, 11, 8, 10.25], "texture": "#1"},
				"down": {"uv": [11.25, 3, 10.5, 3.75], "texture": "#1"}
			}
		},
		{
			"from": [5.5, 4.17249, -0.25872],
			"to": [10.5, 9.17249, 5.74128],
			"rotation": {"angle": 0, "axis": "y", "origin": [7, 0.67249, 14.24128]},
			"faces": {
				"north": {"uv": [0, 8.25, 1.25, 9.5], "texture": "#1"},
				"east": {"uv": [7, 0, 8.5, 1.25], "texture": "#1"},
				"south": {"uv": [8.25, 1.5, 9.5, 2.75], "texture": "#1"},
				"west": {"uv": [2.25, 7.25, 3.75, 8.5], "texture": "#1"},
				"up": {"uv": [7.5, 9, 6.25, 7.5], "texture": "#1"},
				"down": {"uv": [9, 7.5, 7.75, 9], "texture": "#1"}
			}
		},
		{
			"from": [6, 3.37173, -0.24128],
			"to": [10, 4.37173, -0.24128],
			"rotation": {"angle": 0, "axis": "y", "origin": [8, 3.67249, -0.25872]},
			"faces": {
				"north": {"uv": [7, 1.5, 8, 1.75], "texture": "#1"},
				"east": {"uv": [10.75, 1.75, 10.75, 2], "texture": "#1"},
				"south": {"uv": [10, 7, 11, 7.25], "texture": "#1"},
				"west": {"uv": [10.75, 2.25, 10.75, 2.5], "texture": "#1"},
				"up": {"uv": [11.75, 2.75, 10.75, 2.75], "texture": "#1"},
				"down": {"uv": [10.5, 10.75, 9.5, 10.75], "texture": "#1"}
			}
		},
		{
			"name": "jaw",
			"from": [6, 3.16884, 1.96486],
			"to": [10, 6.16884, 7.96486],
			"rotation": {"angle": -22.5, "axis": "x", "origin": [8, 3.67249, 4.74128]},
			"faces": {
				"north": {"uv": [7.75, 9.25, 8.75, 10], "texture": "#1"},
				"east": {"uv": [6, 9.25, 7.5, 10], "texture": "#1"},
				"south": {"uv": [9.25, 8.5, 10.25, 9.25], "texture": "#1"},
				"west": {"uv": [9.25, 7.5, 10.75, 8.25], "texture": "#1"},
				"up": {"uv": [9.75, 5.5, 8.75, 4], "texture": "#1"},
				"down": {"uv": [9.75, 5.75, 8.75, 7.25], "texture": "#1"}
			}
		}
	],
	"gui_light": "front",
	"display": {
		"gui": {
			"rotation": [-168.2, 40.97, 174.8],
			"translation": [-0.75, 0, 0],
			"scale": [0.9, 0.9, 0.9]
		},
		"head": {
			"translation": [0, -23, 0],
			"scale": [1.5, 1.5, 1.5]
		}
	},
	"groups": [
		{
			"name": "h_head",
			"origin": [8, 3.83915, 12.40795],
			"rotation": [-5, 0, 0],
			"color": 0,
			"children": [0, 1, 2, 3, 4, 5, 6, 7, 8, 9, 10, 11, 12, 13, 14]
		}
	]
}