{
	"credit": "Made with Blockbench",
	"texture_size": [32, 32],
	"textures": {
		"0": "item/unique/pets/polar_bear"
	},
	"elements": [
		{
			"from": [4, 8, 5],
			"to": [12, 15, 11],
			"faces": {
				"north": {"uv": [0, 0, 4, 3.5], "texture": "#0"},
				"east": {"uv": [4, 6, 7, 9.5], "texture": "#0"},
				"south": {"uv": [0, 3.5, 4, 7], "texture": "#0"},
				"west": {"uv": [0, 7, 3, 10.5], "texture": "#0"},
				"up": {"uv": [8, 3, 4, 0], "texture": "#0"},
				"down": {"uv": [8, 3, 4, 6], "texture": "#0"}
			}
		},
		{
			"from": [8.75, 10.5, 5.75],
			"to": [11.75, 13.5, 5.75],
			"rotation": {"angle": -45, "axis": "z", "origin": [10, 12, 5.75]},
			"faces": {
				"north": {"uv": [12.5, 1.5, 14, 3], "texture": "#0"},
				"east": {"uv": [4, 6, 7, 9.5], "texture": "#0"},
				"south": {"uv": [14, 1.5, 12.5, 3], "texture": "#0"},
				"west": {"uv": [0, 7, 3, 10.5], "texture": "#0"},
				"up": {"uv": [8, 3, 4, 0], "texture": "#0"},
				"down": {"uv": [8, 3, 4, 6], "texture": "#0"}
			}
		},
		{
			"from": [4.25, 10.5, 5.75],
			"to": [7.25, 13.5, 5.75],
			"rotation": {"angle": 45, "axis": "z", "origin": [6, 12, 5.75]},
			"faces": {
				"north": {"uv": [14, 1.5, 12.5, 3], "texture": "#0"},
				"east": {"uv": [3, 7, 0, 10.5], "texture": "#0"},
				"south": {"uv": [12.5, 1.5, 14, 3], "texture": "#0"},
				"west": {"uv": [7, 6, 4, 9.5], "texture": "#0"},
				"up": {"uv": [4, 3, 8, 0], "texture": "#0"},
				"down": {"uv": [4, 3, 8, 6], "texture": "#0"}
			}
		},
		{
			"from": [6.5, 8, 3],
			"to": [9.5, 11, 5],
			"faces": {
				"north": {"uv": [5.5, 9.5, 7, 11], "texture": "#0"},
				"east": {"uv": [11.5, 8, 12.5, 9.5], "texture": "#0"},
				"south": {"uv": [10.5, 0, 12, 1.5], "texture": "#0"},
				"west": {"uv": [12, 0, 13, 1.5], "texture": "#0"},
				"up": {"uv": [9.5, 6, 8, 5], "texture": "#0"},
				"down": {"uv": [13, 9.5, 11.5, 10.5], "texture": "#0"}
			}
		},
		{
			"from": [7, 10.25, 2.75],
			"to": [9, 11.25, 3.75],
			"faces": {
				"north": {"uv": [12.5, 8.5, 13.5, 9], "texture": "#0"},
				"east": {"uv": [11, 8, 11.5, 8.5], "texture": "#0"},
				"south": {"uv": [12.5, 9, 13.5, 9.5], "texture": "#0"},
				"west": {"uv": [8.5, 11, 9, 11.5], "texture": "#0"},
				"up": {"uv": [13.5, 12.5, 12.5, 12], "texture": "#0"},
				"down": {"uv": [13.5, 12.5, 12.5, 13], "texture": "#0"}
			}
		},
		{
			"from": [2.5, 13.5, 6],
			"to": [5.5, 16.5, 7],
			"rotation": {"angle": 0, "axis": "y", "origin": [4, 15, 6.5]},
			"faces": {
				"north": {"uv": [9, 10.5, 10.5, 12], "texture": "#0"},
				"east": {"uv": [7, 12.5, 7.5, 14], "texture": "#0"},
				"south": {"uv": [10.5, 10.5, 12, 12], "texture": "#0"},
				"west": {"uv": [7.5, 12.5, 8, 14], "texture": "#0"},
				"up": {"uv": [11, 8.5, 9.5, 8], "texture": "#0"},
				"down": {"uv": [11.5, 4.5, 10, 5], "texture": "#0"}
			}
		},
		{
			"from": [10.5, 13.5, 6],
			"to": [13.5, 16.5, 7],
			"rotation": {"angle": 0, "axis": "y", "origin": [12, 15, 6.5]},
			"faces": {
				"north": {"uv": [10.5, 10.5, 9, 12], "texture": "#0"},
				"east": {"uv": [8, 12.5, 7.5, 14], "texture": "#0"},
				"south": {"uv": [12, 10.5, 10.5, 12], "texture": "#0"},
				"west": {"uv": [7.5, 12.5, 7, 14], "texture": "#0"},
				"up": {"uv": [9.5, 8.5, 11, 8], "texture": "#0"},
				"down": {"uv": [10, 4.5, 11.5, 5], "texture": "#0"}
			}
		},
		{
			"from": [10, 11.75, 4.85],
			"to": [11, 12.75, 4.85],
			"rotation": {"angle": 0, "axis": "y", "origin": [4, 0.25, 0]},
			"faces": {
				"north": {"uv": [11.5, 4.5, 12, 5], "texture": "#0"},
				"east": {"uv": [0, 0, 0, 0.5], "texture": "#0"},
				"south": {"uv": [5, 11.5, 5.5, 12], "texture": "#0"},
				"west": {"uv": [0, 0, 0, 0.5], "texture": "#0"},
				"up": {"uv": [0.5, 0, 0, 0], "texture": "#0"},
				"down": {"uv": [0.5, 0, 0, 0], "texture": "#0"}
			}
		},
		{
			"from": [8.75, 10.5, 4.9],
			"to": [11.25, 13, 4.9],
			"rotation": {"angle": 0, "axis": "y", "origin": [4, 0.25, 0]},
			"faces": {
				"north": {"uv": [6, 11, 7, 12], "texture": "#0"},
				"east": {"uv": [0, 0, 0, 1.5], "texture": "#0"},
				"south": {"uv": [7.5, 11, 8.5, 12], "texture": "#0"},
				"west": {"uv": [0, 0, 0, 1.5], "texture": "#0"},
				"up": {"uv": [1.5, 0, 0, 0], "texture": "#0"},
				"down": {"uv": [1.5, 0, 0, 0], "texture": "#0"}
			}
		},
		{
			"from": [6, 11.75, 4.85],
			"to": [7, 12.75, 4.85],
			"rotation": {"angle": 0, "axis": "y", "origin": [0, 0.25, 0]},
			"faces": {
				"north": {"uv": [11.5, 4.5, 12, 5], "texture": "#0"},
				"east": {"uv": [0, 0, 0, 0.5], "texture": "#0"},
				"south": {"uv": [5, 11.5, 5.5, 12], "texture": "#0"},
				"west": {"uv": [0, 0, 0, 0.5], "texture": "#0"},
				"up": {"uv": [0.5, 0, 0, 0], "texture": "#0"},
				"down": {"uv": [0.5, 0, 0, 0], "texture": "#0"}
			}
		},
		{
			"from": [4.75, 10.5, 4.9],
			"to": [7.25, 13, 4.9],
			"rotation": {"angle": 0, "axis": "y", "origin": [0, 0.25, 0]},
			"faces": {
				"north": {"uv": [6, 11, 7, 12], "texture": "#0"},
				"east": {"uv": [0, 0, 0, 1.5], "texture": "#0"},
				"south": {"uv": [7.5, 11, 8.5, 12], "texture": "#0"},
				"west": {"uv": [0, 0, 0, 1.5], "texture": "#0"},
				"up": {"uv": [1.5, 0, 0, 0], "texture": "#0"},
				"down": {"uv": [1.5, 0, 0, 0], "texture": "#0"}
			}
		},
		{
			"from": [5.5, 3, 6],
			"to": [10.5, 8, 10],
			"faces": {
				"north": {"uv": [7, 6, 9.5, 8.5], "texture": "#0"},
				"east": {"uv": [8, 2.5, 10, 5], "texture": "#0"},
				"south": {"uv": [8, 0, 10.5, 2.5], "texture": "#0"},
				"west": {"uv": [7, 8.5, 9, 11], "texture": "#0"},
				"up": {"uv": [11.5, 10.5, 9, 8.5], "texture": "#0"},
				"down": {"uv": [5.5, 9.5, 3, 11.5], "texture": "#0"}
			}
		},
		{
			"from": [5.25, 4.75, 5.75],
			"to": [10.75, 8.25, 10.25],
			"faces": {
				"north": {"uv": [8, 14.5, 10.5, 16], "texture": "#0"},
				"east": {"uv": [6, 14.5, 8, 16], "texture": "#0"},
				"south": {"uv": [1.5, 14.5, 4, 16], "texture": "#0"},
				"west": {"uv": [4, 14.5, 6, 16], "texture": "#0"},
				"up": {"uv": [12, 7, 9.5, 5], "texture": "#0"},
				"down": {"uv": [12.5, 2.5, 10, 4.5], "texture": "#0"}
			}
		},
		{
			"from": [4, 3.25, 7],
			"to": [6, 7.25, 9],
			"rotation": {"angle": 0, "axis": "y", "origin": [5.75, 6.5, 8]},
			"faces": {
				"north": {"uv": [16, 2, 15, 4], "texture": "#0"},
				"east": {"uv": [15, 0, 14, 2], "texture": "#0"},
				"south": {"uv": [15, 2, 14, 4], "texture": "#0"},
				"west": {"uv": [16, 0, 15, 2], "texture": "#0"},
				"up": {"uv": [14, 5, 15, 4], "texture": "#0"},
				"down": {"uv": [15, 4, 16, 5], "texture": "#0"}
			}
		},
		{
			"from": [3.75, 3, 6.75],
			"to": [6.25, 5.5, 9.25],
			"rotation": {"angle": 0, "axis": "y", "origin": [5.75, 6.5, 8]},
			"faces": {
				"north": {"uv": [15, 5, 16, 6], "texture": "#0"},
				"east": {"uv": [14, 5, 15, 6], "texture": "#0"},
				"south": {"uv": [14, 6, 15, 7], "texture": "#0"},
				"west": {"uv": [15, 6, 16, 7], "texture": "#0"},
				"up": {"uv": [14, 7, 15, 8], "texture": "#0"},
				"down": {"uv": [15, 7, 16, 8], "texture": "#0"}
			}
		},
		{
			"from": [10, 3.25, 7],
			"to": [12, 7.25, 9],
			"rotation": {"angle": 0, "axis": "y", "origin": [10.25, 6.5, 8]},
			"faces": {
				"north": {"uv": [15, 2, 16, 4], "texture": "#0"},
				"east": {"uv": [15, 0, 16, 2], "texture": "#0"},
				"south": {"uv": [14, 2, 15, 4], "texture": "#0"},
				"west": {"uv": [14, 0, 15, 2], "texture": "#0"},
				"up": {"uv": [15, 5, 14, 4], "texture": "#0"},
				"down": {"uv": [16, 4, 15, 5], "texture": "#0"}
			}
		},
		{
			"from": [9.75, 3, 6.75],
			"to": [12.25, 5.5, 9.25],
			"rotation": {"angle": 0, "axis": "y", "origin": [10.25, 6.5, 8]},
			"faces": {
				"north": {"uv": [16, 5, 15, 6], "texture": "#0"},
				"east": {"uv": [16, 6, 15, 7], "texture": "#0"},
				"south": {"uv": [15, 6, 14, 7], "texture": "#0"},
				"west": {"uv": [15, 5, 14, 6], "texture": "#0"},
				"up": {"uv": [15, 7, 14, 8], "texture": "#0"},
				"down": {"uv": [16, 7, 15, 8], "texture": "#0"}
			}
		},
		{
			"from": [8.51, 0.01, 7.01],
			"to": [10.49, 2.99, 8.99],
			"rotation": {"angle": 0, "axis": "y", "origin": [16, 0, 0]},
			"faces": {
				"north": {"uv": [12, 4.5, 13, 6], "texture": "#0"},
				"east": {"uv": [12, 6, 13, 7.5], "texture": "#0"},
				"south": {"uv": [8.5, 12, 9.5, 13.5], "texture": "#0"},
				"west": {"uv": [9.5, 12, 10.5, 13.5], "texture": "#0"},
				"up": {"uv": [13.5, 4.5, 12.5, 3.5], "texture": "#0"},
				"down": {"uv": [5, 12.5, 4, 13.5], "texture": "#0"}
			}
		},
		{
			"from": [8.25, -0.25, 6.75],
			"to": [10.75, 1.25, 9.25],
			"rotation": {"angle": 0, "axis": "y", "origin": [16, 0, 0]},
			"faces": {
				"north": {"uv": [13, 0, 14, 0.5], "texture": "#0"},
				"east": {"uv": [13, 0.5, 14, 1], "texture": "#0"},
				"south": {"uv": [13, 1, 14, 1.5], "texture": "#0"},
				"west": {"uv": [13, 4.5, 14, 5], "texture": "#0"},
				"up": {"uv": [6, 13.5, 5, 12.5], "texture": "#0"},
				"down": {"uv": [7, 12.5, 6, 13.5], "texture": "#0"}
			}
		},
		{
			"from": [5.51, 0.01, 7.01],
			"to": [7.49, 2.99, 8.99],
			"faces": {
				"north": {"uv": [13, 4.5, 12, 6], "texture": "#0"},
				"east": {"uv": [10.5, 12, 9.5, 13.5], "texture": "#0"},
				"south": {"uv": [9.5, 12, 8.5, 13.5], "texture": "#0"},
				"west": {"uv": [13, 6, 12, 7.5], "texture": "#0"},
				"up": {"uv": [12.5, 4.5, 13.5, 3.5], "texture": "#0"},
				"down": {"uv": [4, 12.5, 5, 13.5], "texture": "#0"}
			}
		},
		{
			"from": [5.25, -0.25, 6.75],
			"to": [7.75, 1.25, 9.25],
			"faces": {
				"north": {"uv": [14, 0, 13, 0.5], "texture": "#0"},
				"east": {"uv": [14, 4.5, 13, 5], "texture": "#0"},
				"south": {"uv": [14, 1, 13, 1.5], "texture": "#0"},
				"west": {"uv": [14, 0.5, 13, 1], "texture": "#0"},
				"up": {"uv": [5, 13.5, 6, 12.5], "texture": "#0"},
				"down": {"uv": [6, 12.5, 7, 13.5], "texture": "#0"}
			}
		}
	],
	"display": {
		"thirdperson_righthand": {
			"rotation": [0, 180, 0],
			"translation": [0, 1, -1],
			"scale": [0.75, 0.75, 0.75]
		},
		"firstperson_righthand": {
			"rotation": [0, 150, 0],
			"translation": [2.75, 0.5, -3],
			"scale": [0.75, 0.75, 0.75]
		},
		"gui": {
			"rotation": [0, -180, 0]
		}
	},
	"groups": [
		{
			"name": "baby_polar_bear",
			"origin": [8, 0, 8],
			"color": 0,
			"children": [
				{
					"name": "body",
					"origin": [8, 3, 8],
					"color": 0,
					"children": [
						{
							"name": "torso",
							"origin": [8, 3, 8],
							"color": 0,
							"children": [
								{
									"name": "h_head",
									"origin": [8, 8, 8],
									"color": 0,
									"children": [
										0,
										{
											"name": "h_death",
											"origin": [10, 12, 5.75],
											"color": 0,
											"children": [1, 2]
										},
										3,
										4,
										{
											"name": "h_left_ear",
											"origin": [4.5, 14.5, 6.5],
											"color": 0,
											"children": [5]
										},
										{
											"name": "h_right_ear",
											"origin": [11.5, 14.5, 6.5],
											"color": 0,
											"children": [6]
										},
										{
											"name": "h_right_eye",
											"origin": [10, 11.75, 5],
											"color": 0,
											"children": [7, 8]
										},
										{
											"name": "h_left_eye",
											"origin": [6, 11.75, 5],
											"color": 0,
											"children": [9, 10]
										}
									]
								},
								11,
								12,
								{
									"name": "left_arm",
									"origin": [5.75, 6.5, 8],
									"color": 0,
									"children": [13, 14]
								},
								{
									"name": "right_arm",
									"origin": [10.25, 6.5, 8],
									"color": 0,
									"children": [15, 16]
								}
							]
						},
						{
							"name": "right_leg",
							"origin": [9.5, 3, 8],
							"color": 0,
							"children": [17, 18]
						},
						{
							"name": "left_leg",
							"origin": [6.5, 3, 8],
							"color": 0,
							"children": [19, 20]
						}
					]
				}
			]
		}
	]
}