{
	"credit": "Made with Blockbench",
	"texture_size": [64, 64],
	"textures": {
		"0": "item/unique/pets/sorcerer_pet"
	},
	"elements": [
		{
			"name": "torso",
			"from": [5, 4, 6],
			"to": [11, 10, 10],
			"rotation": {"angle": 0, "axis": "y", "origin": [8, 5.5, 8]},
			"faces": {
				"north": {"uv": [0, 6.25, 1.5, 7.75], "texture": "#0"},
				"east": {"uv": [5, 7.25, 6, 8.75], "texture": "#0"},
				"south": {"uv": [6.5, 0, 8, 1.5], "texture": "#0"},
				"west": {"uv": [0, 7.75, 1, 9.25], "texture": "#0"},
				"up": {"uv": [9, 3.75, 7.5, 2.75], "texture": "#0"},
				"down": {"uv": [7.5, 7.75, 6, 8.75], "texture": "#0"}
			}
		},
		{
			"name": "torso",
			"from": [5, 3, 6],
			"to": [11, 4, 6],
			"rotation": {"angle": 0, "axis": "y", "origin": [8, 5.5, 8.1]},
			"faces": {
				"north": {"uv": [9, 5, 10.5, 5.25], "texture": "#0"},
				"east": {"uv": [0, 0, 0, 0.25], "texture": "#0"},
				"south": {"uv": [9, 5.25, 10.5, 5.5], "texture": "#0"},
				"west": {"uv": [0, 0, 0, 0.25], "texture": "#0"},
				"up": {"uv": [1.5, 0, 0, 0], "texture": "#0"},
				"down": {"uv": [1.5, 0, 0, 0], "texture": "#0"}
			}
		},
		{
			"name": "torso",
			"from": [5, 3, 10],
			"to": [11, 4, 10],
			"rotation": {"angle": 0, "axis": "y", "origin": [8, 5.5, 8.1]},
			"faces": {
				"north": {"uv": [9, 5.5, 10.5, 5.75], "texture": "#0"},
				"east": {"uv": [0, 0, 0, 0.25], "texture": "#0"},
				"south": {"uv": [9, 5.75, 10.5, 6], "texture": "#0"},
				"west": {"uv": [0, 0, 0, 0.25], "texture": "#0"},
				"up": {"uv": [1.5, 0, 0, 0], "texture": "#0"},
				"down": {"uv": [1.5, 0, 0, 0], "texture": "#0"}
			}
		},
		{
			"name": "torso",
			"from": [5, 3, 6],
			"to": [5, 4, 10],
			"rotation": {"angle": 0, "axis": "y", "origin": [8, 5.5, 8.1]},
			"faces": {
				"north": {"uv": [0, 0, 0, 0.25], "texture": "#0"},
				"east": {"uv": [6.5, 1.5, 7.5, 1.75], "texture": "#0"},
				"south": {"uv": [0, 0, 0, 0.25], "texture": "#0"},
				"west": {"uv": [9, 6, 10, 6.25], "texture": "#0"},
				"up": {"uv": [0, 1, 0, 0], "texture": "#0"},
				"down": {"uv": [0, 0, 0, 1], "texture": "#0"}
			}
		},
		{
			"name": "torso",
			"from": [11, 3, 6],
			"to": [11, 4, 10],
			"rotation": {"angle": 0, "axis": "y", "origin": [8, 5.5, 8.1]},
			"faces": {
				"north": {"uv": [0, 0, 0, 0.25], "texture": "#0"},
				"east": {"uv": [0, 9.25, 1, 9.5], "texture": "#0"},
				"south": {"uv": [0, 0, 0, 0.25], "texture": "#0"},
				"west": {"uv": [9.25, 0, 10.25, 0.25], "texture": "#0"},
				"up": {"uv": [0, 1, 0, 0], "texture": "#0"},
				"down": {"uv": [0, 0, 0, 1], "texture": "#0"}
			}
		},
		{
			"name": "cape",
			"from": [5, 1.54945, 11.06329],
			"to": [11, 10.54945, 11.06329],
			"rotation": {"angle": -22.5, "axis": "x", "origin": [8, 7.59945, 11.91329]},
			"faces": {
				"north": {"uv": [4.5, 1.75, 6, 4], "texture": "#0"},
				"east": {"uv": [0, 0, 0, 2.25], "texture": "#0"},
				"south": {"uv": [6, 1.75, 7.5, 4], "texture": "#0"},
				"west": {"uv": [0, 0, 0, 2.25], "texture": "#0"},
				"up": {"uv": [1.5, 0, 0, 0], "texture": "#0"},
				"down": {"uv": [1.5, 0, 0, 0], "texture": "#0"}
			}
		},
		{
			"name": "right_arm_cube",
			"from": [11, 4.5, 7],
			"to": [12.75, 9.5, 9],
			"rotation": {"angle": 0, "axis": "y", "origin": [11.075, 7, 8]},
			"faces": {
				"north": {"uv": [2, 4.5, 2.5, 5.75], "texture": "#0"},
				"east": {"uv": [1, 7.75, 1.5, 9], "texture": "#0"},
				"south": {"uv": [8, 3.75, 8.5, 5], "texture": "#0"},
				"west": {"uv": [8, 5, 8.5, 6.25], "texture": "#0"},
				"up": {"uv": [2, 6.75, 1.5, 6.25], "texture": "#0"},
				"down": {"uv": [2, 6.75, 1.5, 7.25], "texture": "#0"}
			}
		},
		{
			"name": "staff_stick",
			"from": [11.25, 5.42022, 0.6306],
			"to": [12.5, 6.67022, 4.6306],
			"rotation": {"angle": 0, "axis": "y", "origin": [11.075, 7.67022, 4.6306]},
			"faces": {
				"north": {"uv": [2, 9.75, 2.25, 10], "texture": "#0"},
				"east": {"uv": [9.25, 0.75, 10.25, 1], "texture": "#0"},
				"south": {"uv": [9.75, 2, 10, 2.25], "texture": "#0"},
				"west": {"uv": [9.25, 1, 10.25, 1.25], "texture": "#0"},
				"up": {"uv": [9.5, 2.5, 9.25, 1.5], "texture": "#0"},
				"down": {"uv": [5.75, 9.25, 5.5, 10.25], "texture": "#0"}
			}
		},
		{
			"name": "staff_stick",
			"from": [11.25, 4.75, 6],
			"to": [12.5, 6, 10],
			"rotation": {"angle": 0, "axis": "y", "origin": [11.075, 7, 8]},
			"faces": {
				"north": {"uv": [9.5, 9, 9.75, 9.25], "texture": "#0"},
				"east": {"uv": [9.25, 0.25, 10.25, 0.5], "texture": "#0"},
				"south": {"uv": [1.75, 9.75, 2, 10], "texture": "#0"},
				"west": {"uv": [9.25, 0.5, 10.25, 0.75], "texture": "#0"},
				"up": {"uv": [1.25, 10, 1, 9], "texture": "#0"},
				"down": {"uv": [1.5, 9, 1.25, 10], "texture": "#0"}
			}
		},
		{
			"name": "staff_stick",
			"from": [11.3, 6.80718, 4.65784],
			"to": [12.45, 8.05718, 6.65784],
			"rotation": {"angle": 22.5, "axis": "x", "origin": [11.875, 7.43218, 1.15784]},
			"faces": {
				"north": {"uv": [2.25, 9.75, 2.5, 10], "texture": "#0"},
				"east": {"uv": [2, 5.75, 2.5, 6], "texture": "#0"},
				"south": {"uv": [9.75, 2.25, 10, 2.5], "texture": "#0"},
				"west": {"uv": [7.5, 3.75, 8, 4], "texture": "#0"},
				"up": {"uv": [7.5, 9.75, 7.25, 9.25], "texture": "#0"},
				"down": {"uv": [9.75, 2, 9.5, 2.5], "texture": "#0"}
			}
		},
		{
			"name": "staff_stick",
			"from": [11.275, 4.03221, 9.60858],
			"to": [12.475, 5.28221, 11.60858],
			"rotation": {"angle": 22.5, "axis": "x", "origin": [11.875, 4.65721, 11.60858]},
			"faces": {
				"north": {"uv": [3, 9.75, 3.25, 10], "texture": "#0"},
				"east": {"uv": [7.5, 9.5, 8, 9.75], "texture": "#0"},
				"south": {"uv": [3.25, 9.75, 3.5, 10], "texture": "#0"},
				"west": {"uv": [9.5, 8.75, 10, 9], "texture": "#0"},
				"up": {"uv": [8.25, 10, 8, 9.5], "texture": "#0"},
				"down": {"uv": [1.75, 9.75, 1.5, 10.25], "texture": "#0"}
			}
		},
		{
			"name": "staff_stick",
			"from": [11.25, 4.07978, 11.3694],
			"to": [12.5, 5.32978, 15.3694],
			"rotation": {"angle": 0, "axis": "y", "origin": [11.875, 4.70478, 12.3694]},
			"faces": {
				"north": {"uv": [3.5, 9.75, 3.75, 10], "texture": "#0"},
				"east": {"uv": [9.25, 2.5, 10.25, 2.75], "texture": "#0"},
				"south": {"uv": [3.75, 9.75, 4, 10], "texture": "#0"},
				"west": {"uv": [5.75, 9.25, 6.75, 9.5], "texture": "#0"},
				"up": {"uv": [7, 10.25, 6.75, 9.25], "texture": "#0"},
				"down": {"uv": [7.25, 9.25, 7, 10.25], "texture": "#0"}
			}
		},
		{
			"name": "right_arm_cube",
			"from": [3.25, 4.5, 7],
			"to": [5, 9.5, 9],
			"rotation": {"angle": 0, "axis": "y", "origin": [4.925, 7, 8]},
			"faces": {
				"north": {"uv": [8.25, 7.5, 8.75, 8.75], "texture": "#0"},
				"east": {"uv": [1.5, 8.5, 2, 9.75], "texture": "#0"},
				"south": {"uv": [2, 8.5, 2.5, 9.75], "texture": "#0"},
				"west": {"uv": [2.5, 8.5, 3, 9.75], "texture": "#0"},
				"up": {"uv": [8.75, 9.75, 8.25, 9.25], "texture": "#0"},
				"down": {"uv": [9.25, 9.25, 8.75, 9.75], "texture": "#0"}
			}
		},
		{
			"name": "right_leg_cube",
			"from": [8.5, 0, 7],
			"to": [10.5, 5, 9],
			"rotation": {"angle": 0, "axis": "y", "origin": [9.25, 3.025, 8]},
			"faces": {
				"north": {"uv": [3, 8.5, 3.5, 9.75], "texture": "#0"},
				"east": {"uv": [3.5, 8.5, 4, 9.75], "texture": "#0"},
				"south": {"uv": [8.5, 3.75, 9, 5], "texture": "#0"},
				"west": {"uv": [4, 8.5, 4.5, 9.75], "texture": "#0"},
				"up": {"uv": [9.75, 9.75, 9.25, 9.25], "texture": "#0"},
				"down": {"uv": [0.5, 9.5, 0, 10], "texture": "#0"}
			}
		},
		{
			"name": "right_leg_cube",
			"from": [5.5, 0, 7],
			"to": [7.5, 5, 9],
			"rotation": {"angle": 0, "axis": "y", "origin": [6.75, 3.025, 8]},
			"faces": {
				"north": {"uv": [4.5, 8.5, 5, 9.75], "texture": "#0"},
				"east": {"uv": [8.5, 5, 9, 6.25], "texture": "#0"},
				"south": {"uv": [8.75, 0, 9.25, 1.25], "texture": "#0"},
				"west": {"uv": [5, 8.75, 5.5, 10], "texture": "#0"},
				"up": {"uv": [1, 10, 0.5, 9.5], "texture": "#0"},
				"down": {"uv": [10, 1.5, 9.5, 2], "texture": "#0"}
			}
		},
		{
			"name": "skull",
			"from": [4, 10, 4.5],
			"to": [12, 18, 11.5],
			"rotation": {"angle": 0, "axis": "y", "origin": [8, 11, 8]},
			"faces": {
				"north": {"uv": [2.5, 0, 4.5, 2], "texture": "#0"},
				"east": {"uv": [2.5, 4, 4.25, 6], "texture": "#0"},
				"south": {"uv": [2.5, 2, 4.5, 4], "texture": "#0"},
				"west": {"uv": [4.25, 4, 6, 6], "texture": "#0"},
				"up": {"uv": [2, 6.25, 0, 4.5], "texture": "#0"},
				"down": {"uv": [6.5, 0, 4.5, 1.75], "texture": "#0"}
			}
		},
		{
			"name": "skull",
			"from": [3, 15, 3.5],
			"to": [13, 16, 12.5],
			"rotation": {"angle": 0, "axis": "y", "origin": [8, 11, 8]},
			"faces": {
				"north": {"uv": [8, 1.25, 10.5, 1.5], "texture": "#0"},
				"east": {"uv": [8.75, 8.5, 11, 8.75], "texture": "#0"},
				"south": {"uv": [8, 6.25, 10.5, 6.5], "texture": "#0"},
				"west": {"uv": [9, 4.75, 11.25, 5], "texture": "#0"},
				"up": {"uv": [2.5, 2.25, 0, 0], "texture": "#0"},
				"down": {"uv": [2.5, 2.25, 0, 4.5], "texture": "#0"}
			}
		},
		{
			"name": "hair",
			"from": [12.15, 10, 4.5],
			"to": [12.15, 15, 11.75],
			"rotation": {"angle": 0, "axis": "y", "origin": [8, 11, 8]},
			"faces": {
				"north": {"uv": [0, 0, 0, 1.25], "texture": "#0"},
				"east": {"uv": [6, 6.5, 7.75, 7.75], "texture": "#0"},
				"south": {"uv": [0, 0, 0, 1.25], "texture": "#0"},
				"west": {"uv": [1.5, 7.25, 3.25, 8.5], "texture": "#0"},
				"up": {"uv": [0, 1.75, 0, 0], "texture": "#0"},
				"down": {"uv": [0, 0, 0, 1.75], "texture": "#0"}
			}
		},
		{
			"name": "hair",
			"from": [3.85, 10, 4.5],
			"to": [3.85, 15, 11.75],
			"rotation": {"angle": 0, "axis": "y", "origin": [8, 11, 8]},
			"faces": {
				"north": {"uv": [0, 0, 0, 1.25], "texture": "#0"},
				"east": {"uv": [3.25, 7.25, 5, 8.5], "texture": "#0"},
				"south": {"uv": [0, 0, 0, 1.25], "texture": "#0"},
				"west": {"uv": [7.5, 1.5, 9.25, 2.75], "texture": "#0"},
				"up": {"uv": [0, 1.75, 0, 0], "texture": "#0"},
				"down": {"uv": [0, 0, 0, 1.75], "texture": "#0"}
			}
		},
		{
			"name": "hair",
			"from": [3.85, 10, 11.75],
			"to": [12.1, 15, 11.75],
			"rotation": {"angle": 0, "axis": "y", "origin": [8, 11, 8]},
			"faces": {
				"north": {"uv": [2, 6, 4, 7.25], "texture": "#0"},
				"east": {"uv": [0, 0, 0, 1.25], "texture": "#0"},
				"south": {"uv": [4, 6, 6, 7.25], "texture": "#0"},
				"west": {"uv": [0, 0, 0, 1.25], "texture": "#0"},
				"up": {"uv": [2, 0, 0, 0], "texture": "#0"},
				"down": {"uv": [2, 0, 0, 0], "texture": "#0"}
			}
		},
		{
			"name": "skull",
			"from": [3, 18, 5.5],
			"to": [11, 20, 10.5],
			"rotation": {"angle": 0, "axis": "y", "origin": [8, 11, 8]},
			"faces": {
				"north": {"uv": [7.75, 6.5, 9.75, 7], "texture": "#0"},
				"east": {"uv": [5.5, 8.75, 6.75, 9.25], "texture": "#0"},
				"south": {"uv": [7.75, 7, 9.75, 7.5], "texture": "#0"},
				"west": {"uv": [8.75, 7.5, 10, 8], "texture": "#0"},
				"up": {"uv": [8, 5.25, 6, 4], "texture": "#0"},
				"down": {"uv": [8, 5.25, 6, 6.5], "texture": "#0"}
			}
		},
		{
			"name": "skull",
			"from": [1.14645, 17.73223, 5.525],
			"to": [4.14645, 19.23223, 10.475],
			"rotation": {"angle": 45, "axis": "z", "origin": [2.64645, 18.23223, 8]},
			"faces": {
				"north": {"uv": [6.75, 8.75, 7.5, 9.25], "texture": "#0"},
				"east": {"uv": [8.75, 8, 10, 8.5], "texture": "#0"},
				"south": {"uv": [7.5, 9, 8.25, 9.5], "texture": "#0"},
				"west": {"uv": [8.25, 8.75, 9.5, 9.25], "texture": "#0"},
				"up": {"uv": [8.25, 9, 7.5, 7.75], "texture": "#0"},
				"down": {"uv": [8.75, 0, 8, 1.25], "texture": "#0"}
			}
		},
		{
			"name": "face_plane",
			"from": [8.41728, 12.46401, 4.349],
			"to": [13.41728, 14.46401, 4.349],
			"rotation": {"angle": 0, "axis": "y", "origin": [10.66728, 10.96401, 5]},
			"faces": {
				"north": {"uv": [9, 2.75, 10.25, 3.25], "texture": "#0"},
				"east": {"uv": [0, 0, 0, 0.5], "texture": "#0"},
				"south": {"uv": [9, 3.25, 10.25, 3.75], "texture": "#0"},
				"west": {"uv": [0, 0, 0, 0.5], "texture": "#0"},
				"up": {"uv": [1.25, 0, 0, 0], "texture": "#0"},
				"down": {"uv": [1.25, 0, 0, 0], "texture": "#0"}
			}
		},
		{
			"name": "face_plane",
			"from": [2.58272, 12.46401, 4.349],
			"to": [7.58272, 14.46401, 4.349],
			"rotation": {"angle": 0, "axis": "y", "origin": [5.33272, 10.96401, 5]},
			"faces": {
				"north": {"uv": [9, 3.75, 10.25, 4.25], "texture": "#0"},
				"east": {"uv": [0, 0, 0, 0.5], "texture": "#0"},
				"south": {"uv": [9, 4.25, 10.25, 4.75], "texture": "#0"},
				"west": {"uv": [0, 0, 0, 0.5], "texture": "#0"},
				"up": {"uv": [1.25, 0, 0, 0], "texture": "#0"},
				"down": {"uv": [1.25, 0, 0, 0], "texture": "#0"}
			}
		}
	],
	"display": {
		"thirdperson_righthand": {
			"rotation": [0, 167, 0],
			"translation": [0, 3, 0.75],
			"scale": [0.5, 0.5, 0.5]
		},
		"firstperson_righthand": {
			"rotation": [0, 149, 0],
			"translation": [-0.25, 3, 0],
			"scale": [0.5, 0.5, 0.5]
		},
		"gui": {
			"rotation": [0, 180, 0]
		}
	},
	"groups": [
		{
			"name": "nm_mini_sorcerer",
			"origin": [8, 5.6, 8],
			"color": 0,
			"children": [
				0,
				1,
				2,
				3,
				4,
				{
					"name": "cape",
					"origin": [8, 9.85, 10],
					"color": 0,
					"children": [5]
				},
				{
					"name": "right_arm",
					"origin": [11, 8.75, 8],
					"color": 0,
					"children": [
						6,
						{
							"name": "staff",
							"origin": [11.875, 5.375, 8],
							"color": 0,
							"children": [7, 8, 9, 10, 11]
						}
					]
				},
				{
					"name": "left_arm",
					"origin": [5, 8.75, 8],
					"color": 0,
					"children": [12]
				},
				{
					"name": "right_leg",
					"origin": [9.5, 4, 8],
					"color": 0,
					"children": [13]
				},
				{
					"name": "left_leg",
					"origin": [6.5, 4, 8],
					"color": 0,
					"children": [14]
				},
				{
					"name": "h_head",
					"origin": [8, 10.02967, 7.925],
					"color": 0,
					"children": [15, 16, 17, 18, 19, 20, 21, 22, 23]
				},
				{
					"name": "tag_name",
					"origin": [8, 17.6, 8],
					"color": 0,
					"children": []
				}
			]
		}
	]
}