{
	"credit": "Made with Blockbench",
	"texture_size": [32, 32],
	"textures": {
		"0": "item/pickaxes/lucky_staff",
		"particle": "item/pickaxes/lucky_staff"
	},
	"elements": [
		{
			"from": [7, 0.9, 8.5],
			"to": [8, 1.9, 8.5],
			"rotation": {"angle": -45, "axis": "y", "origin": [7.5, 1.4, 8.5]},
			"faces": {
				"north": {"uv": [7.5, 4, 8, 4.5], "texture": "#0"},
				"east": {"uv": [0, 0, 0, 0.5], "texture": "#0"},
				"south": {"uv": [7.5, 4.5, 8, 5], "texture": "#0"},
				"west": {"uv": [0, 0, 0, 0.5], "texture": "#0"},
				"up": {"uv": [0.5, 0, 0, 0], "texture": "#0"},
				"down": {"uv": [0.5, 0, 0, 0], "texture": "#0"}
			}
		},
		{
			"from": [7.5, 0.9, 8],
			"to": [7.5, 1.9, 9],
			"rotation": {"angle": -45, "axis": "y", "origin": [7.5, 1.4, 8.5]},
			"faces": {
				"north": {"uv": [0, 0, 0, 0.5], "texture": "#0"},
				"east": {"uv": [7.5, 4.5, 8, 5], "texture": "#0"},
				"south": {"uv": [0, 0, 0, 0.5], "texture": "#0"},
				"west": {"uv": [7.5, 4, 8, 4.5], "texture": "#0"},
				"up": {"uv": [0.5, 0, 0, 0], "rotation": 270, "texture": "#0"},
				"down": {"uv": [0.5, 0, 0, 0], "rotation": 90, "texture": "#0"}
			}
		},
		{
			"from": [1, 20.5, 8.5],
			"to": [14, 32, 8.5],
			"faces": {
				"north": {"uv": [0, 0, 6.5, 5.75], "texture": "#0"},
				"east": {"uv": [0, 0, 0, 5.75], "texture": "#0"},
				"south": {"uv": [0, 6, 6.5, 11.75], "texture": "#0"},
				"west": {"uv": [0, 0, 0, 5.75], "texture": "#0"},
				"up": {"uv": [6.5, 0, 0, 0], "texture": "#0"},
				"down": {"uv": [6.5, 0, 0, 0], "texture": "#0"}
			}
		},
		{
			"from": [6.8, 25.3, 7.8],
			"to": [8.2, 26.7, 9.2],
			"rotation": {"angle": 45, "axis": "z", "origin": [7.5, 26, 8.5]},
			"faces": {
				"north": {"uv": [7.5, 5, 8, 5.5], "texture": "#0"},
				"east": {"uv": [7.5, 5.5, 8, 6], "texture": "#0"},
				"south": {"uv": [7.5, 6, 8, 6.5], "texture": "#0"},
				"west": {"uv": [7.5, 6.5, 8, 7], "texture": "#0"},
				"up": {"uv": [8, 7.5, 7.5, 7], "texture": "#0"},
				"down": {"uv": [8, 7.5, 7.5, 8], "texture": "#0"}
			}
		},
		{
			"from": [9.25, 25.8, 8.25],
			"to": [9.75, 26.3, 8.75],
			"faces": {
				"north": {"uv": [8.5, 2, 8.75, 2.25], "texture": "#0"},
				"east": {"uv": [8.5, 2.5, 8.75, 2.75], "texture": "#0"},
				"south": {"uv": [8.5, 3, 8.75, 3.25], "texture": "#0"},
				"west": {"uv": [8.5, 3.5, 8.75, 3.75], "texture": "#0"},
				"up": {"uv": [8.75, 4.25, 8.5, 4], "texture": "#0"},
				"down": {"uv": [8.75, 4.5, 8.5, 4.75], "texture": "#0"}
			}
		},
		{
			"from": [11.25, 25.8, 8.25],
			"to": [11.75, 26.3, 8.75],
			"rotation": {"angle": 45, "axis": "z", "origin": [11.5, 26.05, 8.5]},
			"faces": {
				"north": {"uv": [8.5, 5, 8.75, 5.25], "texture": "#0"},
				"east": {"uv": [8.5, 5.5, 8.75, 5.75], "texture": "#0"},
				"south": {"uv": [8.5, 6, 8.75, 6.25], "texture": "#0"},
				"west": {"uv": [8.5, 6.5, 8.75, 6.75], "texture": "#0"},
				"up": {"uv": [8.75, 7.25, 8.5, 7], "texture": "#0"},
				"down": {"uv": [7.75, 8.5, 7.5, 8.75], "texture": "#0"}
			}
		},
		{
			"from": [3.25, 25.8, 8.25],
			"to": [3.75, 26.3, 8.75],
			"rotation": {"angle": -45, "axis": "z", "origin": [3.5, 26.05, 8.5]},
			"faces": {
				"north": {"uv": [8.5, 7.5, 8.75, 7.75], "texture": "#0"},
				"east": {"uv": [8, 8.5, 8.25, 8.75], "texture": "#0"},
				"south": {"uv": [8.5, 8, 8.75, 8.25], "texture": "#0"},
				"west": {"uv": [8.5, 8.5, 8.75, 8.75], "texture": "#0"},
				"up": {"uv": [9.25, 0.25, 9, 0], "texture": "#0"},
				"down": {"uv": [9.25, 0.5, 9, 0.75], "texture": "#0"}
			}
		},
		{
			"from": [5.25, 25.8, 8.25],
			"to": [5.75, 26.3, 8.75],
			"faces": {
				"north": {"uv": [9, 1, 9.25, 1.25], "texture": "#0"},
				"east": {"uv": [9, 1.5, 9.25, 1.75], "texture": "#0"},
				"south": {"uv": [9, 2, 9.25, 2.25], "texture": "#0"},
				"west": {"uv": [9, 2.5, 9.25, 2.75], "texture": "#0"},
				"up": {"uv": [9.25, 3.25, 9, 3], "texture": "#0"},
				"down": {"uv": [9.25, 3.5, 9, 3.75], "texture": "#0"}
			}
		},
		{
			"from": [7.25, 24, 8.25],
			"to": [7.75, 24.5, 8.75],
			"faces": {
				"north": {"uv": [9, 4, 9.25, 4.25], "texture": "#0"},
				"east": {"uv": [9, 4.5, 9.25, 4.75], "texture": "#0"},
				"south": {"uv": [9, 5, 9.25, 5.25], "texture": "#0"},
				"west": {"uv": [9, 5.5, 9.25, 5.75], "texture": "#0"},
				"up": {"uv": [9.25, 6.25, 9, 6], "texture": "#0"},
				"down": {"uv": [9.25, 6.5, 9, 6.75], "texture": "#0"}
			}
		},
		{
			"from": [7.25, 22, 8.25],
			"to": [7.75, 22.5, 8.75],
			"rotation": {"angle": 45, "axis": "z", "origin": [7.5, 22.25, 8.5]},
			"faces": {
				"north": {"uv": [9, 7, 9.25, 7.25], "texture": "#0"},
				"east": {"uv": [7.5, 9, 7.75, 9.25], "texture": "#0"},
				"south": {"uv": [9, 7.5, 9.25, 7.75], "texture": "#0"},
				"west": {"uv": [8, 9, 8.25, 9.25], "texture": "#0"},
				"up": {"uv": [9.25, 8.25, 9, 8], "texture": "#0"},
				"down": {"uv": [8.75, 9, 8.5, 9.25], "texture": "#0"}
			}
		},
		{
			"from": [7.25, 27.5, 8.25],
			"to": [7.75, 28, 8.75],
			"faces": {
				"north": {"uv": [9, 8.5, 9.25, 8.75], "texture": "#0"},
				"east": {"uv": [9, 9, 9.25, 9.25], "texture": "#0"},
				"south": {"uv": [9.5, 0, 9.75, 0.25], "texture": "#0"},
				"west": {"uv": [9.5, 0.5, 9.75, 0.75], "texture": "#0"},
				"up": {"uv": [9.75, 1.25, 9.5, 1], "texture": "#0"},
				"down": {"uv": [9.75, 1.5, 9.5, 1.75], "texture": "#0"}
			}
		},
		{
			"from": [7.25, 29.5, 8.25],
			"to": [7.75, 30, 8.75],
			"rotation": {"angle": 45, "axis": "z", "origin": [7.5, 29.75, 8.5]},
			"faces": {
				"north": {"uv": [9.5, 2, 9.75, 2.25], "texture": "#0"},
				"east": {"uv": [9.5, 2.5, 9.75, 2.75], "texture": "#0"},
				"south": {"uv": [9.5, 3, 9.75, 3.25], "texture": "#0"},
				"west": {"uv": [9.5, 3.5, 9.75, 3.75], "texture": "#0"},
				"up": {"uv": [9.75, 4.25, 9.5, 4], "texture": "#0"},
				"down": {"uv": [9.75, 4.5, 9.5, 4.75], "texture": "#0"}
			}
		},
		{
			"from": [7, 3.1, 8],
			"to": [8, 17.1, 9],
			"faces": {
				"north": {"uv": [6.5, 0, 7, 7], "texture": "#0"},
				"east": {"uv": [7, 0, 7.5, 7], "texture": "#0"},
				"south": {"uv": [6.5, 7, 7, 14], "texture": "#0"},
				"west": {"uv": [7, 7, 7.5, 14], "texture": "#0"},
				"up": {"uv": [8.5, 0.5, 8, 0], "texture": "#0"},
				"down": {"uv": [8.5, 0.5, 8, 1], "texture": "#0"}
			}
		},
		{
			"from": [6.9, 1.9, 7.9],
			"to": [8.1, 3.1, 9.1],
			"faces": {
				"north": {"uv": [8, 1, 8.5, 1.5], "texture": "#0"},
				"east": {"uv": [8, 1.5, 8.5, 2], "texture": "#0"},
				"south": {"uv": [8, 2, 8.5, 2.5], "texture": "#0"},
				"west": {"uv": [8, 2.5, 8.5, 3], "texture": "#0"},
				"up": {"uv": [8.5, 3.5, 8, 3], "texture": "#0"},
				"down": {"uv": [8.5, 3.5, 8, 4], "texture": "#0"}
			}
		},
		{
			"from": [6.9, -0.2, 7.9],
			"to": [8.1, 1, 9.1],
			"rotation": {"angle": 45, "axis": "z", "origin": [7.5, 0.4, 8.5]},
			"faces": {
				"north": {"uv": [8, 4, 8.5, 4.5], "texture": "#0"},
				"east": {"uv": [8, 4.5, 8.5, 5], "texture": "#0"},
				"south": {"uv": [8, 5, 8.5, 5.5], "texture": "#0"},
				"west": {"uv": [8, 5.5, 8.5, 6], "texture": "#0"},
				"up": {"uv": [8.5, 6.5, 8, 6], "texture": "#0"},
				"down": {"uv": [8.5, 6.5, 8, 7], "texture": "#0"}
			}
		},
		{
			"from": [6.9, 17.1, 7.9],
			"to": [8.1, 19.3, 9.1],
			"faces": {
				"north": {"uv": [7.5, 0, 8, 1], "texture": "#0"},
				"east": {"uv": [7.5, 1, 8, 2], "texture": "#0"},
				"south": {"uv": [7.5, 2, 8, 3], "texture": "#0"},
				"west": {"uv": [7.5, 3, 8, 4], "texture": "#0"},
				"up": {"uv": [8.5, 7.5, 8, 7], "texture": "#0"},
				"down": {"uv": [8, 8, 7.5, 8.5], "texture": "#0"}
			}
		},
		{
			"from": [6.8, 19.3, 7.8],
			"to": [8.2, 20.7, 9.2],
			"faces": {
				"north": {"uv": [8, 7.5, 8.5, 8], "texture": "#0"},
				"east": {"uv": [8, 8, 8.5, 8.5], "texture": "#0"},
				"south": {"uv": [8.5, 0, 9, 0.5], "texture": "#0"},
				"west": {"uv": [8.5, 0.5, 9, 1], "texture": "#0"},
				"up": {"uv": [9, 1.5, 8.5, 1], "texture": "#0"},
				"down": {"uv": [9, 1.5, 8.5, 2], "texture": "#0"}
			}
		}
	],
	"display": {
		"thirdperson_righthand": {
			"rotation": [0, -90, 0],
			"translation": [1.25, -1.5, 0.5],
			"scale": [0.8, 0.8, 0.8]
		},
		"thirdperson_lefthand": {
			"rotation": [0, -90, 0],
			"translation": [1.25, -1.5, -0.25],
			"scale": [0.8, 0.8, 0.8]
		},
		"firstperson_righthand": {
			"rotation": [-6, -77, 8.68],
			"translation": [3.5, -4.5, 0],
			"scale": [0.95, 0.95, 0.95]
		},
		"firstperson_lefthand": {
			"rotation": [-6, -77, 8.68],
			"translation": [3.5, -4.5, 0],
			"scale": [0.95, 0.95, 0.95]
		},
		"ground": {
			"rotation": [-45, 40, 0],
			"translation": [0, 6.5, 0],
			"scale": [0.5, 0.5, 0.5]
		},
		"gui": {
			"rotation": [0, 0, 45],
			"translation": [4, -3.75, 0],
			"scale": [0.6, 0.6, 0.6]
		},
		"fixed": {
			"rotation": [0, 0, -45],
			"translation": [-4.75, -5, 0],
			"scale": [0.75, 0.75, 0.75]
		}
	},
	"groups": [
		{
			"name": "Main",
			"origin": [0, 0, 0],
			"color": 0,
			"children": [
				{
					"name": "Decoration",
					"origin": [0, 0, 0],
					"color": 0,
					"children": [0, 1, 2]
				},
				{
					"name": "Crystals",
					"origin": [7.5, 29.75, 8.5],
					"color": 0,
					"children": [3, 4, 5, 6, 7, 8, 9, 10, 11]
				},
				{
					"name": "Staff",
					"origin": [0, 0, 0],
					"color": 0,
					"children": [12, 13, 14, 15, 16]
				}
			]
		}
	]
}