{
	"credit": "Made with Blockbench",
	"texture_size": [512, 512],
	"textures": {
		"0": "item/unique/pets/chibi_blaze_texture"
	},
	"elements": [
		{
			"from": [3, 14, 2.5],
			"to": [13, 20, 12.5],
			"rotation": {"angle": 0, "axis": "y", "origin": [0.5, 14, 1]},
			"faces": {
				"north": {"uv": [15.6875, 14.6875, 16, 15], "texture": "#0"},
				"east": {"uv": [15.6875, 13.75, 16, 14], "texture": "#0"},
				"south": {"uv": [15.6875, 11.3125, 16, 11.5], "texture": "#0"},
				"west": {"uv": [15.6875, 15.6875, 16, 16], "texture": "#0"},
				"up": {"uv": [16, 16, 15.6875, 15.6875], "texture": "#0"},
				"down": {"uv": [16, 15.1875, 15.6875, 15.5], "texture": "#0"}
			}
		},
		{
			"from": [4.5, 14, 4.5],
			"to": [11.5, 20, 11.5],
			"faces": {
				"north": {"uv": [0, 7, 3.5, 10], "texture": "#0"},
				"east": {"uv": [7, 0, 10.5, 3], "texture": "#0"},
				"south": {"uv": [7, 3, 10.5, 6], "texture": "#0"},
				"west": {"uv": [3.5, 7, 7, 10], "texture": "#0"},
				"up": {"uv": [3.5, 3.5, 0, 0], "texture": "#0"},
				"down": {"uv": [3.5, 3.5, 0, 7], "texture": "#0"}
			}
		},
		{
			"from": [6.5, 8, 0.5],
			"to": [7.5, 13, 1.5],
			"faces": {
				"north": {"uv": [10.5, 0, 11, 2.5], "texture": "#0"},
				"east": {"uv": [10.5, 2.5, 11, 5], "texture": "#0"},
				"south": {"uv": [10.5, 5, 11, 7.5], "texture": "#0"},
				"west": {"uv": [10.5, 7.5, 11, 10], "texture": "#0"},
				"up": {"uv": [11, 13, 10.5, 12.5], "texture": "#0"},
				"down": {"uv": [11.5, 12.5, 11, 13], "texture": "#0"}
			}
		},
		{
			"from": [0.5, 12, 5.5],
			"to": [1.5, 17, 6.5],
			"faces": {
				"north": {"uv": [11, 7.5, 11.5, 10], "texture": "#0"},
				"east": {"uv": [11, 10, 11.5, 12.5], "texture": "#0"},
				"south": {"uv": [11.5, 0, 12, 2.5], "texture": "#0"},
				"west": {"uv": [11.5, 2.5, 12, 5], "texture": "#0"},
				"up": {"uv": [13, 13, 12.5, 12.5], "texture": "#0"},
				"down": {"uv": [0.5, 13, 0, 13.5], "texture": "#0"}
			}
		},
		{
			"from": [14.5, 10, 9.5],
			"to": [15.5, 15, 10.5],
			"faces": {
				"north": {"uv": [11.5, 5, 12, 7.5], "texture": "#0"},
				"east": {"uv": [11.5, 7.5, 12, 10], "texture": "#0"},
				"south": {"uv": [11.5, 10, 12, 12.5], "texture": "#0"},
				"west": {"uv": [12, 0, 12.5, 2.5], "texture": "#0"},
				"up": {"uv": [13.5, 0.5, 13, 0], "texture": "#0"},
				"down": {"uv": [1, 13, 0.5, 13.5], "texture": "#0"}
			}
		},
		{
			"from": [7.5, 10, 14.5],
			"to": [8.5, 15, 15.5],
			"faces": {
				"north": {"uv": [10.5, 10, 11, 12.5], "texture": "#0"},
				"east": {"uv": [11, 0, 11.5, 2.5], "texture": "#0"},
				"south": {"uv": [11, 2.5, 11.5, 5], "texture": "#0"},
				"west": {"uv": [11, 5, 11.5, 7.5], "texture": "#0"},
				"up": {"uv": [12, 13, 11.5, 12.5], "texture": "#0"},
				"down": {"uv": [12.5, 12.5, 12, 13], "texture": "#0"}
			}
		},
		{
			"from": [4, 13.25, 4],
			"to": [12, 15.575, 4],
			"rotation": {"angle": 0, "axis": "y", "origin": [0, 13, 0]},
			"faces": {
				"north": {"uv": [0, 12, 3.5, 12.94766], "texture": "#0"},
				"east": {"uv": [0, 0, 0, 0.07266], "texture": "#0"},
				"south": {"uv": [0, 12, 3.5, 12.94766], "texture": "#0"},
				"west": {"uv": [0, 0, 0, 0.07266], "texture": "#0"},
				"up": {"uv": [0, 12.5, 3.5, 12.95], "texture": "#0"},
				"down": {"uv": [0, 12, 3.5, 12.95], "texture": "#0"}
			}
		},
		{
			"from": [4, 13.25, 12],
			"to": [12, 15.575, 12],
			"rotation": {"angle": 0, "axis": "y", "origin": [0, 13, 0]},
			"faces": {
				"north": {"uv": [0, 12, 3.5, 12.94766], "texture": "#0"},
				"east": {"uv": [0, 0, 0, 0.07266], "texture": "#0"},
				"south": {"uv": [0, 12, 3.5, 12.94766], "texture": "#0"},
				"west": {"uv": [0, 0, 0, 0.07266], "texture": "#0"},
				"up": {"uv": [0, 12.5, 3.5, 12.95], "texture": "#0"},
				"down": {"uv": [0, 12, 3.5, 12.95], "texture": "#0"}
			}
		},
		{
			"from": [12, 13.25, 4],
			"to": [12, 15.575, 12],
			"rotation": {"angle": 0, "axis": "y", "origin": [0, 13, 0]},
			"faces": {
				"north": {"uv": [0, 12, 3.5, 12.94766], "texture": "#0"},
				"east": {"uv": [0, 12, 3.5, 12.97266], "texture": "#0"},
				"south": {"uv": [0, 12, 3.5, 12.94766], "texture": "#0"},
				"west": {"uv": [0, 12, 3.5, 12.97266], "texture": "#0"},
				"up": {"uv": [0, 12.5, 3.5, 12.95], "texture": "#0"},
				"down": {"uv": [0, 12, 3.5, 12.95], "texture": "#0"}
			}
		},
		{
			"from": [4, 13.25, 4],
			"to": [4, 15.575, 12],
			"rotation": {"angle": 0, "axis": "y", "origin": [0, 13, 0]},
			"faces": {
				"north": {"uv": [0, 12, 3.5, 12.94766], "texture": "#0"},
				"east": {"uv": [0, 12, 3.5, 12.97266], "texture": "#0"},
				"south": {"uv": [0, 12, 3.5, 12.94766], "texture": "#0"},
				"west": {"uv": [0, 12, 3.5, 12.97266], "texture": "#0"},
				"up": {"uv": [0, 12.5, 3.5, 12.95], "texture": "#0"},
				"down": {"uv": [0, 12, 3.5, 12.95], "texture": "#0"}
			}
		}
	],
	"display": {
		"thirdperson_righthand": {
			"rotation": [31, 180, 0],
			"translation": [0, -0.75, 0],
			"scale": [0.5, 0.5, 0.5]
		},
		"firstperson_righthand": {
			"rotation": [0, 131, 0],
			"scale": [0.5, 0.5, 0.5]
		},
		"ground": {
			"scale": [0.75, 0.75, 0.75]
		},
		"gui": {
			"rotation": [0, 180, 0],
			"translation": [0, -6.25, 0]
		},
		"head": {
			"translation": [0, -33.75, 0],
			"scale": [2, 2, 2]
		}
	},
	"groups": [
		{
			"name": "chibi_blaze",
			"origin": [0, 13, 0],
			"color": 0,
			"children": [
				{
					"name": "hitbox",
					"origin": [0.5, 14, 1],
					"color": 0,
					"children": [0]
				},
				1,
				{
					"name": "rods",
					"origin": [0.5, 15, 0.5],
					"color": 0,
					"children": [2, 3, 4, 5]
				},
				{
					"name": "face",
					"origin": [0, 13, 0],
					"color": 0,
					"children": [6, 7, 8, 9]
				}
			]
		}
	]
}