{
	"credit": "This model was made for a paying customer, you are not allowed to use it without a license. By Ligua using Block Bench",
	"texture_size": [32, 32],
	"textures": {
		"0": "item/pickaxes/vortex_pickaxe",
		"particle": "item/pickaxes/vortex_pickaxe"
	},
	"elements": [
		{
			"from": [7, -7.80427, 5.8063],
			"to": [9, 12.19573, 7.8063],
			"rotation": {"angle": 0, "axis": "y", "origin": [8, 5.39993, 6.85493]},
			"faces": {
				"north": {"uv": [4.5, 0, 6, 14], "texture": "#0"},
				"east": {"uv": [3, 0, 4.5, 14], "texture": "#0"},
				"south": {"uv": [1.5, 0, 3, 14], "texture": "#0"},
				"west": {"uv": [0, 0, 1.5, 14], "texture": "#0"},
				"up": {"uv": [1.5, 15.5, 0, 14], "rotation": 270, "texture": "#0"},
				"down": {"uv": [3, 15.5, 1.5, 14], "rotation": 90, "texture": "#0"}
			}
		},
		{
			"from": [6.5, -7.99113, 10.49833],
			"to": [9.5, -4.99113, 13.49833],
			"rotation": {"angle": 22.5, "axis": "x", "origin": [8, 5.39993, 6.85493]},
			"faces": {
				"north": {"uv": [13.5, 0, 15, 1.5], "texture": "#0"},
				"east": {"uv": [12, 0, 13.5, 1.5], "texture": "#0"},
				"south": {"uv": [12, 1.5, 13.5, 3], "texture": "#0"},
				"west": {"uv": [13.5, 1.5, 15, 3], "texture": "#0"},
				"up": {"uv": [13.5, 3, 15, 4.5], "rotation": 270, "texture": "#0"},
				"down": {"uv": [12, 3, 13.5, 4.5], "rotation": 90, "texture": "#0"}
			}
		},
		{
			"from": [5, -4.39298, -5.37927],
			"to": [11, -3.39298, 0.62073],
			"rotation": {"angle": -45, "axis": "x", "origin": [8, 5.39993, 6.85493]},
			"faces": {
				"north": {"uv": [6, 9.5, 6.5, 12.5], "rotation": 270, "texture": "#0"},
				"east": {"uv": [9, 9.5, 6, 10], "texture": "#0"},
				"south": {"uv": [8.5, 9.5, 9, 12.5], "rotation": 90, "texture": "#0"},
				"west": {"uv": [6, 12, 9, 12.5], "texture": "#0"},
				"up": {"uv": [6, 9.5, 9, 12.5], "rotation": 90, "texture": "#0"},
				"down": {"uv": [9, 9.5, 6, 12.5], "rotation": 90, "texture": "#0"}
			}
		},
		{
			"from": [8.52827, -1.62835, 1],
			"to": [9.52827, 10.37165, 13],
			"rotation": {"angle": -45, "axis": "z", "origin": [8, 5.39993, 6.85493]},
			"faces": {
				"north": {"uv": [0, 8.5, 5, 9], "rotation": 90, "texture": "#0"},
				"east": {"uv": [5, 4, 0, 9], "rotation": 270, "texture": "#0"},
				"south": {"uv": [5, 4, 0, 4.5], "rotation": 270, "texture": "#0"},
				"west": {"uv": [0, 4, 5, 9], "rotation": 90, "texture": "#0"},
				"up": {"uv": [0, 9, 0.5, 4], "texture": "#0"},
				"down": {"uv": [4.5, 9, 5, 4], "rotation": 180, "texture": "#0"}
			}
		},
		{
			"from": [9.52827, 10.37165, 13],
			"to": [8.52827, -1.62835, 1],
			"rotation": {"angle": -45, "axis": "z", "origin": [8, 5.39993, 6.85493]},
			"faces": {
				"north": {"uv": [0, 8.5, 5, 9], "rotation": 90, "texture": "#0"},
				"east": {"uv": [5, 4, 0, 9], "rotation": 270, "texture": "#0"},
				"south": {"uv": [5, 4, 0, 4.5], "rotation": 270, "texture": "#0"},
				"west": {"uv": [0, 4, 5, 9], "rotation": 90, "texture": "#0"},
				"up": {"uv": [0, 9, 0.5, 4], "texture": "#0"},
				"down": {"uv": [4.5, 9, 5, 4], "rotation": 180, "texture": "#0"}
			}
		},
		{
			"from": [6.8, -1.00427, 5.6063],
			"to": [9.2, 7.39573, 8.0063],
			"rotation": {"angle": 0, "axis": "y", "origin": [8, 5.39993, 6.85493]},
			"faces": {
				"north": {"uv": [10.5, 0, 12, 5], "texture": "#0"},
				"east": {"uv": [9, 0, 10.5, 5], "texture": "#0"},
				"south": {"uv": [7.5, 0, 9, 5], "texture": "#0"},
				"west": {"uv": [6, 0, 7.5, 5], "texture": "#0"},
				"up": {"uv": [7.5, 6.5, 6, 5], "rotation": 270, "texture": "#0"},
				"down": {"uv": [9, 6.5, 7.5, 5], "rotation": 90, "texture": "#0"}
			}
		},
		{
			"from": [6.8, 9.99573, 5.6063],
			"to": [9.2, 14.39573, 8.0063],
			"rotation": {"angle": 0, "axis": "y", "origin": [8, 5.39993, 6.85493]},
			"faces": {
				"north": {"uv": [7.5, 12.5, 9, 15], "texture": "#0"},
				"east": {"uv": [6, 12.5, 7.5, 15], "texture": "#0"},
				"south": {"uv": [10.5, 12.5, 12, 15], "texture": "#0"},
				"west": {"uv": [9, 12.5, 10.5, 15], "texture": "#0"},
				"up": {"uv": [10.5, 12.5, 9, 11], "rotation": 270, "texture": "#0"},
				"down": {"uv": [12, 12.5, 10.5, 11], "rotation": 90, "texture": "#0"}
			}
		},
		{
			"from": [7.5, 9.19573, 3.8063],
			"to": [8.5, 15.19573, 9.8063],
			"rotation": {"angle": 0, "axis": "y", "origin": [8, 5.39993, 6.85493]},
			"faces": {
				"north": {"uv": [9, 6.5, 9.5, 9.5], "texture": "#0"},
				"east": {"uv": [9, 6.5, 6, 9.5], "texture": "#0"},
				"south": {"uv": [10, 6.5, 10.5, 9.5], "texture": "#0"},
				"west": {"uv": [6, 6.5, 9, 9.5], "texture": "#0"},
				"up": {"uv": [9.5, 6.5, 10, 9.5], "texture": "#0"},
				"down": {"uv": [10.5, 6.5, 11, 9.5], "texture": "#0"}
			}
		},
		{
			"from": [8, 4.19573, -1.25],
			"to": [8, 20.19573, 14.75],
			"rotation": {"angle": 0, "axis": "y", "origin": [8, 5.39993, 6.85493]},
			"faces": {
				"east": {"uv": [0, 16, 16, 0], "rotation": 180, "texture": "#1"},
				"west": {"uv": [16, 16, 0, 0], "rotation": 180, "texture": "#1"}
			}
		},
		{
			"from": [4, -7.9608, 16.1604],
			"to": [12, 0.0392, 16.1604],
			"rotation": {"angle": 45, "axis": "x", "origin": [8, 5.39993, 6.85493]},
			"faces": {
				"north": {"uv": [16, 16, 0, 0], "rotation": 180, "texture": "#1"},
				"south": {"uv": [0, 16, 16, 0], "rotation": 180, "texture": "#1"}
			}
		},
		{
			"from": [7.5, 15.19573, 4.8063],
			"to": [8.5, 16.19573, 8.8063],
			"rotation": {"angle": 0, "axis": "y", "origin": [8, 5.39993, 6.85493]},
			"faces": {
				"north": {"uv": [11, 6, 11.5, 6.5], "texture": "#0"},
				"east": {"uv": [9, 5, 11, 5.5], "texture": "#0"},
				"south": {"uv": [11, 5.5, 11.5, 6], "texture": "#0"},
				"west": {"uv": [11, 6, 9, 6.5], "texture": "#0"},
				"up": {"uv": [9, 5.5, 11, 6], "rotation": 270, "texture": "#0"}
			}
		},
		{
			"from": [7.5, 8.19573, 4.8063],
			"to": [8.5, 9.19573, 8.8063],
			"rotation": {"angle": 0, "axis": "y", "origin": [8, 5.39993, 6.85493]},
			"faces": {
				"north": {"uv": [11, 6.5, 11.5, 6], "texture": "#0"},
				"east": {"uv": [9, 5.5, 11, 5], "texture": "#0"},
				"south": {"uv": [11, 6, 11.5, 5.5], "texture": "#0"},
				"west": {"uv": [11, 6.5, 9, 6], "texture": "#0"},
				"down": {"uv": [11, 5.5, 9, 6], "rotation": 270, "texture": "#0"}
			}
		},
		{
			"from": [7.5, 10.19573, 9.8063],
			"to": [8.5, 14.19573, 10.8063],
			"rotation": {"angle": 0, "axis": "y", "origin": [8, 5.39993, 6.85493]},
			"faces": {
				"east": {"uv": [9, 5, 11, 5.5], "rotation": 270, "texture": "#0"},
				"south": {"uv": [9, 5.5, 11, 6], "rotation": 270, "texture": "#0"},
				"west": {"uv": [11, 6, 9, 6.5], "rotation": 90, "texture": "#0"},
				"up": {"uv": [11, 6, 11.5, 6.5], "rotation": 180, "texture": "#0"},
				"down": {"uv": [11, 5.5, 11.5, 6], "texture": "#0"}
			}
		},
		{
			"from": [7.5, 10.19573, 2.8063],
			"to": [8.5, 14.19573, 3.8063],
			"rotation": {"angle": 0, "axis": "y", "origin": [8, 5.39993, 6.85493]},
			"faces": {
				"north": {"uv": [9, 6, 11, 5.5], "rotation": 270, "texture": "#0"},
				"east": {"uv": [9, 5.5, 11, 5], "rotation": 270, "texture": "#0"},
				"west": {"uv": [11, 6.5, 9, 6], "rotation": 90, "texture": "#0"},
				"up": {"uv": [11, 6.5, 11.5, 6], "rotation": 180, "texture": "#0"},
				"down": {"uv": [11, 6, 11.5, 5.5], "texture": "#0"}
			}
		}
	],
	"gui_light": "front",
	"display": {
		"thirdperson_righthand": {
			"translation": [0, 5, 1.25],
			"scale": [0.8, 0.8, 0.8]
		},
		"thirdperson_lefthand": {
			"translation": [0, 3.75, 1],
			"scale": [0.7, 0.7, 0.7]
		},
		"firstperson_righthand": {
			"rotation": [-11.5, 16, 0],
			"translation": [0, 6.75, 1.25],
			"scale": [0.5, 0.5, 0.5]
		},
		"firstperson_lefthand": {
			"rotation": [-11.5, 16, 0],
			"translation": [0, 6.75, 1.25],
			"scale": [0.5, 0.5, 0.5]
		},
		"ground": {
			"rotation": [-90, 145, 90],
			"scale": [0.5, 0.5, 0.5]
		},
		"gui": {
			"rotation": [-90, -128.25, -90],
			"translation": [-2.75, 1.75, -3],
			"scale": [0.7, 0.7, 0.7]
		},
		"head": {
			"rotation": [-90, 145, 90],
			"translation": [6, 0, -3]
		},
		"fixed": {
			"rotation": [-90, 145, 90],
			"translation": [4.75, 0, -3]
		}
	}
}